lm0_x,lm0_y,lm0_z,lm1_x,lm1_y,lm1_z,lm2_x,lm2_y,lm2_z,lm3_x,lm3_y,lm3_z,lm4_x,lm4_y,lm4_z,lm5_x,lm5_y,lm5_z,lm6_x,lm6_y,lm6_z,lm7_x,lm7_y,lm7_z,lm8_x,lm8_y,lm8_z,lm9_x,lm9_y,lm9_z,lm10_x,lm10_y,lm10_z,lm11_x,lm11_y,lm11_z,lm12_x,lm12_y,lm12_z,lm13_x,lm13_y,lm13_z,lm14_x,lm14_y,lm14_z,lm15_x,lm15_y,lm15_z,lm16_x,lm16_y,lm16_z,lm17_x,lm17_y,lm17_z,lm18_x,lm18_y,lm18_z,lm19_x,lm19_y,lm19_z,lm20_x,lm20_y,lm20_z,label
0.0,0.0,0.0,-0.07987836003303528,-0.019540011882781982,-0.01437829851619199,-0.14013320207595825,-0.07525962591171265,-0.02453931837789014,-0.1382395625114441,-0.15561240911483765,-0.0385730289619346,-0.09630945324897766,-0.213489830493927,-0.04827392704299882,-0.1292668879032135,-0.15082207322120667,0.010899636452279537,-0.1673109531402588,-0.2019568383693695,-0.023120610485591442,-0.14763879776000977,-0.14100822806358337,-0.04129541523269609,-0.12863558530807495,-0.12202149629592896,-0.04930920011810258,-0.09343719482421875,-0.17759114503860474,0.0031087221812526877,-0.1291668713092804,-0.22689521312713623,-0.03205463893226579,-0.1111556887626648,-0.15259376168251038,-0.0383237995903869,-0.09250491857528687,-0.1416744887828827,-0.03226552761606172,-0.05389600992202759,-0.19504082202911377,-0.011569639178730995,-0.08740907907485962,-0.24042317271232605,-0.045743259112157375,-0.07380175590515137,-0.15939661860466003,-0.03397181115559533,-0.056502342224121094,-0.14421212673187256,-0.014934277604140789,-0.007400870323181152,-0.20640870928764343,-0.028412009100236446,-0.04732349514961243,-0.2263914942741394,-0.044401238183297664,-0.04124215245246887,-0.16590672731399536,-0.031038538063683063,-0.02514749765396118,-0.14959359169006348,-0.015078066359080822,0
0.0,0.0,0.0,-0.07227832078933716,0.010249972343444824,-0.026898751585633818,-0.15577125549316406,-0.0347176194190979,-0.03629019538954026,-0.21976345777511597,-0.07053083181381226,-0.04460979308083779,-0.2715947926044464,-0.06617599725723267,-0.052572105630190435,-0.1416972279548645,-0.19679298996925354,-0.010616842276306215,-0.19404074549674988,-0.27044519782066345,-0.0214884603311134,-0.2229594588279724,-0.3164704740047455,-0.03164551462128884,-0.2448912262916565,-0.3550434708595276,-0.04075623731210953,-0.10091802477836609,-0.23940283060073853,-0.013207146516890589,-0.13860422372817993,-0.3423983156681061,-0.019268202214391295,-0.15907049179077148,-0.40332964062690735,-0.02659250850871331,-0.17431297898292542,-0.4486706852912903,-0.032844964965136114,-0.05476945638656616,-0.2564827799797058,-0.021118417932541433,-0.07426077127456665,-0.3583676815032959,-0.03537146802142388,-0.08331769704818726,-0.41775423288345337,-0.04639621133998162,-0.09246933460235596,-0.4660116136074066,-0.05440956409171349,-0.006584286689758301,-0.25225934386253357,-0.03210488016799218,0.006603360176086426,-0.3282182216644287,-0.049305517776758734,0.015230715274810791,-0.3798201382160187,-0.05844175870612389,0.020507991313934326,-0.4260864853858948,-0.06446453983977563,1
0.0,0.0,0.0,-0.054030418395996094,-0.018296897411346436,-0.008145704961322053,-0.09448510408401489,-0.07672244310379028,-0.011187058969341024,-0.11408627033233643,-0.12993156909942627,-0.016151862314842447,-0.14195513725280762,-0.1657506823539734,-0.020681012517712816,-0.09751632809638977,-0.15253007411956787,0.016522135489680068,-0.12289729714393616,-0.18441647291183472,0.002046938656889097,-0.14559543132781982,-0.19404393434524536,-0.016283379963539346,-0.16669118404388428,-0.1966710090637207,-0.03047910528530906,-0.07219737768173218,-0.17408382892608643,0.009576343835391299,-0.10324525833129883,-0.21059131622314453,-0.004545400480679973,-0.1285342276096344,-0.2160438895225525,-0.022094830966494783,-0.15505456924438477,-0.21263039112091064,-0.03488495582988094,-0.04450976848602295,-0.17989104986190796,-0.0014650026363653978,-0.07131043076515198,-0.22871142625808716,-0.018280809841058954,-0.09826242923736572,-0.231803297996521,-0.03130109245230983,-0.12448808550834656,-0.22105973958969116,-0.039586722946665986,-0.012352049350738525,-0.17328083515167236,-0.013842077090345128,-0.04131519794464111,-0.2010585069656372,-0.03177784392883609,-0.06788736581802368,-0.20266598463058472,-0.041986927485965,-0.09433639049530029,-0.19504904747009277,-0.04806963736464809,2
0.0,0.0,0.0,-0.055671870708465576,-0.005521655082702637,-0.02746103722671478,-0.10015183687210083,-0.05357128381729126,-0.04529816489736049,-0.09727293252944946,-0.1169811487197876,-0.06483638864079921,-0.09055125713348389,-0.17137444019317627,-0.08247911017457454,-0.1293441653251648,-0.19499313831329346,-0.023998104222812344,-0.1793910264968872,-0.26543769240379333,-0.048190014623799016,-0.21234577894210815,-0.31037747859954834,-0.06478778850356548,-0.23905420303344727,-0.3503968119621277,-0.07674400340835064,-0.0886726975440979,-0.2246260643005371,-0.03178666364470928,-0.11539679765701294,-0.33952614665031433,-0.05808063428918331,-0.13618287444114685,-0.40588098764419556,-0.0781534818939349,-0.1490178108215332,-0.46312233805656433,-0.09030411969939678,-0.04409527778625488,-0.22028470039367676,-0.0430381504825732,-0.06266927719116211,-0.28163379430770874,-0.07878531348029583,-0.07048845291137695,-0.21819138526916504,-0.0850550441078326,-0.06921714544296265,-0.1698111891746521,-0.08029199969092815,1.996755599975586e-05,-0.195323646068573,-0.05652535166660755,-0.020156025886535645,-0.23711609840393066,-0.08257631789962261,-0.03144651651382446,-0.20135736465454102,-0.08068081568995922,-0.03355300426483154,-0.1712932586669922,-0.07368204575101345,3
0.0,0.0,0.0,-0.0768430233001709,-0.009376168251037598,-0.014894292639894502,-0.14144176244735718,-0.06897938251495361,-0.022728485005302446,-0.13963958621025085,-0.15437456965446472,-0.03389468877236368,-0.09960505366325378,-0.21272078156471252,-0.03930920450608255,-0.1400301456451416,-0.15227064490318298,0.00891570006837128,-0.17672380805015564,-0.20113977789878845,-0.026020831378502862,-0.1511261761188507,-0.13540172576904297,-0.0420462162665558,-0.13188403844833374,-0.11859536170959473,-0.04835323332468988,-0.10291862487792969,-0.18034958839416504,0.0011936905129346087,-0.13754773139953613,-0.22812896966934204,-0.033676520871324556,-0.11420375108718872,-0.14794069528579712,-0.03581852926532747,-0.09697094559669495,-0.1418723464012146,-0.02675466513852598,-0.06189382076263428,-0.19771575927734375,-0.013803456859989183,-0.09207111597061157,-0.23746365308761597,-0.04752022861163141,-0.07436013221740723,-0.15344354510307312,-0.03189151449720384,-0.0588107705116272,-0.14501720666885376,-0.010560695963306443,-0.013873875141143799,-0.20985987782478333,-0.03123701451937677,-0.0506322979927063,-0.22988739609718323,-0.045417890834016816,-0.04312103986740112,-0.1689201295375824,-0.029551177235646264,-0.02876228094100952,-0.15672063827514648,-0.012226701664133088,0
0.0,0.0,0.0,-0.07770264148712158,-0.033176302909851074,-0.00954678741271664,-0.13220539689064026,-0.09891140460968018,-0.018027392150713695,-0.13154089450836182,-0.1760040521621704,-0.0315924444514053,-0.09908416867256165,-0.23645168542861938,-0.0397745379524963,-0.10640853643417358,-0.19078949093818665,0.01525885804568361,-0.14401963353157043,-0.23849380016326904,-0.020082701863600505,-0.12805351614952087,-0.16712436079978943,-0.03621199813659359,-0.10786476731300354,-0.15448108315467834,-0.04267155093128849,-0.07102459669113159,-0.2062755823135376,0.004647092027710187,-0.10847043991088867,-0.25577312707901,-0.031181381018711818,-0.09640517830848694,-0.17094683647155762,-0.03366733056481053,-0.07679176330566406,-0.16801303625106812,-0.02509374630625416,-0.03187435865402222,-0.21362972259521484,-0.013143582204236282,-0.07003587484359741,-0.25498297810554504,-0.04909194719965626,-0.0601518452167511,-0.1677602231502533,-0.033040949078156245,-0.038741111755371094,-0.161918044090271,-0.011362312296284927,0.014231443405151367,-0.21554994583129883,-0.0326690347212093,-0.031633734703063965,-0.23902851343154907,-0.04940513980562855,-0.028847455978393555,-0.17658668756484985,-0.03386307221825291,-0.008099615573883057,-0.1646919846534729,-0.01633420673186947,0
0.0,0.0,0.0,-0.07593488693237305,-0.04134666919708252,-0.0065176148629007,-0.12573140859603882,-0.1073046326637268,-0.015085647041928496,-0.1294178068637848,-0.18251630663871765,-0.029692966650259223,-0.09905871748924255,-0.24041172862052917,-0.03919490815235349,-0.09407064318656921,-0.20114630460739136,0.01924395359026221,-0.1316763162612915,-0.24862557649612427,-0.015171853984725203,-0.1195266842842102,-0.17690148949623108,-0.030650822605025496,-0.09862461686134338,-0.16327723860740662,-0.03653206692172262,-0.059623897075653076,-0.21400567889213562,0.007079167132246766,-0.09957358241081238,-0.2609310746192932,-0.028984151939880576,-0.09056732058525085,-0.17729723453521729,-0.03172362239195081,-0.06972837448120117,-0.17350828647613525,-0.022796396325361457,-0.022749364376068115,-0.21882832050323486,-0.01215460446758243,-0.06450450420379639,-0.25685352087020874,-0.04750910789800855,-0.05743163824081421,-0.1721813976764679,-0.03333282486630651,-0.03428971767425537,-0.16645699739456177,-0.012882574620675769,0.020056307315826416,-0.2171432077884674,-0.03279642404152128,-0.029386520385742188,-0.2381746470928192,-0.04823708177639219,-0.028484821319580078,-0.17961981892585754,-0.03425236807299825,-0.006496012210845947,-0.1693989634513855,-0.018045423711669173,0
0.0,0.0,0.0,-0.07240071892738342,-0.06528139114379883,-0.0004037560412371022,-0.10884681344032288,-0.13032686710357666,-0.00757563081981516,-0.120114266872406,-0.18714240193367004,-0.02137725581826544,-0.09446990489959717,-0.22940796613693237,-0.0289670207113204,-0.04365271329879761,-0.24128517508506775,0.02998014757929468,-0.09940177202224731,-0.2608470320701599,0.0010560311801555144,-0.09175112843513489,-0.19283172488212585,-0.01716674459578371,-0.06560295820236206,-0.18027645349502563,-0.027665918371098996,-0.01668715476989746,-0.24590632319450378,0.015595737235230445,-0.08163070678710938,-0.25998443365097046,-0.019768949276226522,-0.07074841856956482,-0.18327295780181885,-0.026816587573307515,-0.04064673185348511,-0.17699375748634338,-0.022371153956669332,0.007406651973724365,-0.2440062165260315,-0.0048243418842730534,-0.06383046507835388,-0.2538226246833801,-0.03605080177487707,-0.055972903966903687,-0.176955908536911,-0.025045642307418348,-0.025316298007965088,-0.16891860961914062,-0.00878186212332821,0.02776104211807251,-0.2299448549747467,-0.02710572225453234,-0.04314446449279785,-0.22781482338905334,-0.04467060198487616,-0.03898423910140991,-0.17577603459358215,-0.037406114539521695,-0.011228680610656738,-0.1665167212486267,-0.025822687572258474,0
0.0,0.0,0.0,-0.07334393262863159,-0.06001216173171997,-0.0036121247758273967,-0.11054849624633789,-0.13462918996810913,-0.012743105362460483,-0.12891638278961182,-0.18919795751571655,-0.026357419970736373,-0.11009332537651062,-0.22336018085479736,-0.0322128573388909,-0.012843430042266846,-0.25518351793289185,0.022090764534368645,-0.0931859016418457,-0.2656051516532898,-0.007212022501335014,-0.08812221884727478,-0.19606035947799683,-0.028320614430413116,-0.060675740242004395,-0.18576237559318542,-0.04237024876783835,0.008018076419830322,-0.259982705116272,0.008809339073195588,-0.0907261073589325,-0.26289498805999756,-0.025281930524215568,-0.08140969276428223,-0.1873706579208374,-0.03214457276772009,-0.0463489294052124,-0.18073776364326477,-0.030027739885554183,0.017058968544006348,-0.252959281206131,-0.010148276756808627,-0.08185532689094543,-0.2528173625469208,-0.03697573411773192,-0.07501322031021118,-0.1792750358581543,-0.025264861244068015,-0.03999596834182739,-0.17045781016349792,-0.012290717284486163,0.015182018280029297,-0.23553860187530518,-0.031956788334355224,-0.06850758194923401,-0.22057664394378662,-0.05114486459206091,-0.05981940031051636,-0.168390691280365,-0.048140328559384216,-0.02611565589904785,-0.1594742238521576,-0.04066311958740698,0
0.0,0.0,0.0,-0.08572220802307129,-0.04138869047164917,-0.013720396313715355,-0.13618901371955872,-0.10815668106079102,-0.029581881467152016,-0.16328489780426025,-0.15433943271636963,-0.04737340972189941,-0.14350712299346924,-0.17468208074569702,-0.05744475439553298,-0.050158560276031494,-0.2611125409603119,0.0026872028932984904,-0.13971394300460815,-0.2477496862411499,-0.030406534079361336,-0.12567830085754395,-0.17995911836624146,-0.05414612159495391,-0.09676623344421387,-0.17856097221374512,-0.07137618527178802,-0.027299880981445312,-0.26705411076545715,-0.008627701889622585,-0.13579648733139038,-0.24034172296524048,-0.04481171384816207,-0.11585310101509094,-0.16970151662826538,-0.05214589402442016,-0.08129888772964478,-0.17398598790168762,-0.05263717785840072,-0.016804277896881104,-0.24905651807785034,-0.02575687632327117,-0.12138336896896362,-0.21493619680404663,-0.054181210104275124,-0.10306695103645325,-0.14908504486083984,-0.04126744285588302,-0.0689692497253418,-0.15347298979759216,-0.02949414901797809,-0.017300963401794434,-0.2146180272102356,-0.04677685290937461,-0.09953233599662781,-0.16986888647079468,-0.06800737545256652,-0.08207333087921143,-0.12675505876541138,-0.06593695596222915,-0.049336016178131104,-0.13325637578964233,-0.06063810676698722,0
0.0,0.0,0.0,-0.08429104089736938,-0.024374306201934814,-0.021115302082279186,-0.14252233505249023,-0.07320314645767212,-0.04102548674879358,-0.16474097967147827,-0.11207574605941772,-0.06053381131229685,-0.13163450360298157,-0.1260339915752411,-0.07280870990095423,-0.09115409851074219,-0.25250598788261414,-0.011425072301307182,-0.16522207856178284,-0.21031197905540466,-0.04537284837303446,-0.14180487394332886,-0.14911165833473206,-0.07006878123817728,-0.11660683155059814,-0.15757083892822266,-0.08848113284645365,-0.05471956729888916,-0.2626033425331116,-0.018868557151535015,-0.14102017879486084,-0.1996246576309204,-0.05278893278179453,-0.11654937267303467,-0.14129751920700073,-0.05925517619786547,-0.09059160947799683,-0.1565844714641571,-0.06038767934975908,-0.026120424270629883,-0.24017882347106934,-0.03211156741915033,-0.10855856537818909,-0.17420852184295654,-0.058268805008509617,-0.09037807583808899,-0.12147048115730286,-0.044240341495850544,-0.0661126971244812,-0.1372096836566925,-0.032294229578354816,-0.007129192352294922,-0.19885236024856567,-0.04975674019394205,-0.07335025072097778,-0.13198354840278625,-0.0674749808126478,-0.06043720245361328,-0.09959188103675842,-0.06349294350681589,-0.03883272409439087,-0.11734479665756226,-0.0575746828430681,0
0.0,0.0,0.0,-0.06618845462799072,-0.00944209098815918,-0.02361846507608334,-0.14141565561294556,-0.063529372215271,-0.036927018101209796,-0.13821929693222046,-0.12953788042068481,-0.04943120458244721,-0.07694816589355469,-0.15693622827529907,-0.054476760114425815,-0.1325414478778839,-0.21662116050720215,-0.00841326152055899,-0.1750720739364624,-0.2006043791770935,-0.04226506107568184,-0.1462654173374176,-0.13451886177062988,-0.06105790638446251,-0.12385407090187073,-0.13868296146392822,-0.07403740265488068,-0.08871400356292725,-0.24841004610061646,-0.013829001012140907,-0.12413442134857178,-0.21441099047660828,-0.04672561937093178,-0.10149002075195312,-0.14298969507217407,-0.046506248201126255,-0.08668175339698792,-0.15427178144454956,-0.03963260331272522,-0.04352307319641113,-0.24945110082626343,-0.02676279262720982,-0.07318466901779175,-0.1992318034172058,-0.053562707985634006,-0.059106528759002686,-0.1343611180782318,-0.03769481905817429,-0.048889994621276855,-0.14907780289649963,-0.021863491992348827,0.0029967427253723145,-0.2349025011062622,-0.044531903947586216,-0.027536094188690186,-0.17496046423912048,-0.060107301707262195,-0.020620346069335938,-0.13247549533843994,-0.05385520287870804,-0.01094883680343628,-0.14806494116783142,-0.045519076074356235,0
0.0,0.0,0.0,-0.06618112325668335,0.002783358097076416,-0.030768842615771064,-0.1388556957244873,-0.03878331184387207,-0.047003752731370696,-0.12976321578025818,-0.1082848310470581,-0.06096541806368805,-0.06643867492675781,-0.14375919103622437,-0.06765985413699127,-0.140857994556427,-0.18768861889839172,-0.017057773836540946,-0.1736564040184021,-0.17366120219230652,-0.05151444225816704,-0.14429140090942383,-0.1119527518749237,-0.0708459757199762,-0.12367880344390869,-0.11470741033554077,-0.0839842624893663,-0.09946298599243164,-0.22591733932495117,-0.01856133639125801,-0.12129831314086914,-0.19932544231414795,-0.05069106369523979,-0.10062557458877563,-0.12743502855300903,-0.05018987803964592,-0.08934420347213745,-0.13590103387832642,-0.04399662389664627,-0.0547865629196167,-0.23230892419815063,-0.028012308471488723,-0.06430637836456299,-0.19982558488845825,-0.05573874264268852,-0.055818021297454834,-0.13198933005332947,-0.041490684442806014,-0.05141174793243408,-0.1392402946949005,-0.026777240627097854,-0.006290435791015625,-0.22401076555252075,-0.04270785971789337,-0.01542961597442627,-0.18512502312660217,-0.05896066799073196,-0.01931840181350708,-0.1340547800064087,-0.053411795937108764,-0.020654141902923584,-0.13408848643302917,-0.04575078114180542,0
0.0,0.0,0.0,-0.06342488527297974,0.009429454803466797,-0.03952238562280286,-0.12825319170951843,-0.02709096670150757,-0.060499376084152345,-0.1119450032711029,-0.09606900811195374,-0.07737819703990567,-0.05314987897872925,-0.14236262440681458,-0.08578289153749097,-0.15167510509490967,-0.17335471510887146,-0.021862129147592668,-0.16457891464233398,-0.15460461378097534,-0.06161073448831189,-0.12963318824768066,-0.09223657846450806,-0.08467151823217023,-0.11519497632980347,-0.09734237194061279,-0.1000916943209802,-0.11171767115592957,-0.2151869535446167,-0.020733401577416544,-0.11360976099967957,-0.19246187806129456,-0.05831137898141492,-0.08853080868721008,-0.11903664469718933,-0.061784385170284395,-0.0864260196685791,-0.128397136926651,-0.05813772084886182,-0.06681936979293823,-0.2269296944141388,-0.02851294393414605,-0.054345011711120605,-0.19763824343681335,-0.0627568274992143,-0.044744670391082764,-0.12842312455177307,-0.052025227274242525,-0.05277949571609497,-0.13581755757331848,-0.038931975539270525,-0.017582237720489502,-0.22495797276496887,-0.04212714585239041,-0.003827393054962158,-0.19464796781539917,-0.0645280614751016,-0.006758391857147217,-0.13972216844558716,-0.06202749388987172,-0.02020055055618286,-0.1352902352809906,-0.055776076789442186,0
0.0,0.0,0.0,-0.05911552906036377,0.01364368200302124,-0.042458328197113815,-0.12011837959289551,-0.027107596397399902,-0.06417360041510278,-0.10057348012924194,-0.10254546999931335,-0.08035952482592279,-0.05158168077468872,-0.15501704812049866,-0.08786604438196832,-0.1521323323249817,-0.15044590830802917,-0.032136871258131805,-0.15620285272598267,-0.1547093689441681,-0.07332216833006555,-0.12051880359649658,-0.09847384691238403,-0.0940321076310795,-0.11026808619499207,-0.09238171577453613,-0.10676636431585962,-0.11750799417495728,-0.1943596601486206,-0.028919790650121513,-0.10987195372581482,-0.19811397790908813,-0.07070828858982736,-0.07872384786605835,-0.12952831387519836,-0.07546688501011545,-0.08071655035018921,-0.12850037217140198,-0.07137851301800424,-0.07681572437286377,-0.2130652666091919,-0.03403025377761537,-0.050218939781188965,-0.20445597171783447,-0.07238385711085016,-0.03426152467727661,-0.13943734765052795,-0.06393902633558923,-0.04878103733062744,-0.1373104751110077,-0.05153987068902666,-0.031933605670928955,-0.21792787313461304,-0.04450251046787912,-0.002790689468383789,-0.2069079577922821,-0.07097638283144647,0.0006365776062011719,-0.15635433793067932,-0.07077531401287729,-0.01825249195098877,-0.14663362503051758,-0.06561458740603143,0
0.0,0.0,0.0,-0.055657386779785156,0.01012188196182251,-0.046556219737368565,-0.10376042127609253,-0.0328601598739624,-0.07137971399291132,-0.0870017409324646,-0.11149829626083374,-0.08905856339200113,-0.051930248737335205,-0.16927704215049744,-0.09743274776204203,-0.15814006328582764,-0.12671244144439697,-0.04183743176920984,-0.15421849489212036,-0.15441104769706726,-0.08287760643227671,-0.11785340309143066,-0.10869190096855164,-0.10248385397656534,-0.10589829087257385,-0.09195548295974731,-0.11298482147915934,-0.1229529082775116,-0.16953715682029724,-0.03598878933055971,-0.11525300145149231,-0.2005625069141388,-0.0779594334767637,-0.07944655418395996,-0.14273136854171753,-0.08360868720276926,-0.07891309261322021,-0.12655305862426758,-0.07968744663460825,-0.0822107195854187,-0.19272777438163757,-0.03775002835257624,-0.06398928165435791,-0.21782147884368896,-0.0758326577947912,-0.04128122329711914,-0.16524535417556763,-0.06779077676995371,-0.05186885595321655,-0.14961040019989014,-0.05536241484745119,-0.03869730234146118,-0.19902878999710083,-0.04449590695961092,-0.018804609775543213,-0.2192252278327942,-0.07118032900555704,-0.010766327381134033,-0.17769935727119446,-0.06925293831093882,-0.026462078094482422,-0.15689653158187866,-0.062407363484936695,0
0.0,0.0,0.0,-0.04228144884109497,0.00512927770614624,-0.05565190732886549,-0.0790446400642395,-0.04471433162689209,-0.07908625573327299,-0.06096303462982178,-0.13820916414260864,-0.09129517943074461,-0.03823500871658325,-0.20706576108932495,-0.09224476337840315,-0.17186051607131958,-0.11866611242294312,-0.039644655291340314,-0.1439111828804016,-0.155242919921875,-0.07359224230458494,-0.10951638221740723,-0.10336455702781677,-0.08932818144967314,-0.10865616798400879,-0.08939075469970703,-0.09882400602509733,-0.1419602632522583,-0.16995441913604736,-0.02628266670217272,-0.10389161109924316,-0.19862911105155945,-0.060128514174721204,-0.07420533895492554,-0.13181838393211365,-0.06273986071755644,-0.08724510669708252,-0.12093371152877808,-0.05846674412896391,-0.10233032703399658,-0.19639664888381958,-0.021043006781837903,-0.06437969207763672,-0.2259843945503235,-0.054939721230766736,-0.044837117195129395,-0.1642037332057953,-0.047003921572468244,-0.06237924098968506,-0.14916589856147766,-0.03550718397309538,-0.059169769287109375,-0.2059013843536377,-0.021382140446803533,-0.03164267539978027,-0.23137414455413818,-0.0492083099525189,-0.02263355255126953,-0.18668758869171143,-0.0492761325876927,-0.03942912817001343,-0.16361188888549805,-0.04279862761904951,0
0.0,0.0,0.0,-0.04252082109451294,0.0003413558006286621,-0.05734767385015971,-0.07512277364730835,-0.05583596229553223,-0.07993729777822978,-0.056600093841552734,-0.1484336256980896,-0.09035820879230982,-0.03593254089355469,-0.21518918871879578,-0.09022629626284129,-0.1711319088935852,-0.12055200338363647,-0.037528160886864725,-0.13758233189582825,-0.16701668500900269,-0.07043975956926829,-0.10476309061050415,-0.11922955513000488,-0.0872583202291537,-0.09933412075042725,-0.09514760971069336,-0.09642608083973414,-0.13887107372283936,-0.16741105914115906,-0.021171295942764345,-0.10437142848968506,-0.21106180548667908,-0.05510520182738787,-0.07122081518173218,-0.15761995315551758,-0.05972205840240008,-0.07446068525314331,-0.14170953631401062,-0.05566581703911311,-0.09951984882354736,-0.19311311841011047,-0.01283621873895413,-0.06568646430969238,-0.23003187775611877,-0.046135306285719935,-0.042577147483825684,-0.18205928802490234,-0.03914406143317706,-0.05346411466598511,-0.16333889961242676,-0.027173209862809244,-0.05851536989212036,-0.2005087435245514,-0.009892972113590304,-0.038140952587127686,-0.23584306240081787,-0.03597821660528666,-0.02489006519317627,-0.19425147771835327,-0.034032545911173884,-0.03699195384979248,-0.1660636067390442,-0.0256892199833203,0
0.0,0.0,0.0,-0.060378849506378174,0.01144564151763916,-0.02718690692259429,-0.1187589168548584,-0.03405404090881348,-0.036574122522011976,-0.11908149719238281,-0.126246839761734,-0.04598007074369548,-0.09980380535125732,-0.1924680471420288,-0.049052932325736265,-0.1647281050682068,-0.07644259929656982,0.002918696936234255,-0.1965046525001526,-0.13390696048736572,-0.03586211523784755,-0.15780791640281677,-0.09468933939933777,-0.05587318262828944,-0.1375773847103119,-0.06969523429870605,-0.06231869107855914,-0.1321435570716858,-0.12110775709152222,0.002151652911692281,-0.160614013671875,-0.180444598197937,-0.03468168622626422,-0.11974048614501953,-0.12260854244232178,-0.04043392932786105,-0.10982823371887207,-0.10232827067375183,-0.032807991866008024,-0.0946805477142334,-0.15243971347808838,-0.007194574482724647,-0.11279034614562988,-0.20165270566940308,-0.044593536321059446,-0.08128553628921509,-0.13771313428878784,-0.03664906791223643,-0.07798832654953003,-0.11541739106178284,-0.019579702083007078,-0.05453759431838989,-0.17238304018974304,-0.01944854392482398,-0.07225388288497925,-0.2053225040435791,-0.039646976653472166,-0.05486941337585449,-0.15233799815177917,-0.029922499347463827,-0.05149620771408081,-0.12441062927246094,-0.015954100552932005,0
0.0,0.0,0.0,-0.07525211572647095,-0.015021979808807373,-0.010557409408932017,-0.12983524799346924,-0.07920759916305542,-0.015803196500485228,-0.12319469451904297,-0.1643907129764557,-0.026095927725975798,-0.08043134212493896,-0.2103666067123413,-0.03245905324394016,-0.1335594654083252,-0.11878284811973572,0.018370182220394327,-0.17101126909255981,-0.18120065331459045,-0.011485364321117686,-0.1477876603603363,-0.13412073254585266,-0.029296427066867636,-0.12618857622146606,-0.10328361392021179,-0.035375482435767935,-0.10091066360473633,-0.14897385239601135,0.01092760075306387,-0.13447630405426025,-0.2167244553565979,-0.019524489562456893,-0.11073911190032959,-0.1539839804172516,-0.027421579729264067,-0.08870834112167358,-0.12371397018432617,-0.021853846530859755,-0.06315761804580688,-0.1722583770751953,-0.0028496971684148775,-0.09186798334121704,-0.23459050059318542,-0.031190215642993735,-0.07537627220153809,-0.16346481442451477,-0.025792921926324652,-0.05758202075958252,-0.12649419903755188,-0.010642629149799632,-0.02158522605895996,-0.1887633204460144,-0.018596532787626074,-0.05230069160461426,-0.2294030785560608,-0.029504741575067328,-0.048396944999694824,-0.17577043175697327,-0.019354048218076514,-0.035814642906188965,-0.14170777797698975,-0.006225371766333865,0
0.0,0.0,0.0,-0.07253724336624146,-0.027590394020080566,-0.014309094744703543,-0.12492936849594116,-0.08572673797607422,-0.024880941483161223,-0.11623024940490723,-0.16014906764030457,-0.0389889529822085,-0.0697205662727356,-0.20334550738334656,-0.04972569783308245,-0.11208662390708923,-0.15644484758377075,0.00696743187404536,-0.14545798301696777,-0.204820454120636,-0.026053554835698378,-0.1305060088634491,-0.14667347073554993,-0.044522219794771445,-0.11038124561309814,-0.12300616502761841,-0.052437366443655264,-0.07753497362136841,-0.17756322026252747,-0.00018820346190295822,-0.11040011048316956,-0.2295258641242981,-0.033217494833252204,-0.09699520468711853,-0.15632474422454834,-0.039025591212293875,-0.07553035020828247,-0.13769811391830444,-0.032942661541483176,-0.03989940881729126,-0.189062237739563,-0.013759431886455786,-0.06999146938323975,-0.23930692672729492,-0.046281145411512625,-0.0619010329246521,-0.16064485907554626,-0.03708345209338404,-0.04313516616821289,-0.13748890161514282,-0.019805723327181113,0.003550291061401367,-0.19308507442474365,-0.029296565326831114,-0.03362911939620972,-0.21835315227508545,-0.0450718863783095,-0.03251206874847412,-0.16176921129226685,-0.03424352918841578,-0.01715916395187378,-0.1410846710205078,-0.02028209668674208,0
0.0,0.0,0.0,-0.06554478406906128,-0.009994447231292725,-0.019378480991747438,-0.12789171934127808,-0.05668795108795166,-0.03164683052006012,-0.1254449486732483,-0.1085626482963562,-0.04386510097089058,-0.07742536067962646,-0.13188907504081726,-0.04997424178424126,-0.10995447635650635,-0.19746530055999756,-0.006801337959643661,-0.1546170711517334,-0.1753513514995575,-0.03628710426988846,-0.12872964143753052,-0.1143563985824585,-0.053245802900221406,-0.10800328850746155,-0.11805304884910583,-0.06503008820715195,-0.07333672046661377,-0.22246626019477844,-0.012918819232311307,-0.11535054445266724,-0.18386778235435486,-0.04176195480528122,-0.0918910801410675,-0.1190950870513916,-0.04186210550966507,-0.0735207200050354,-0.130607008934021,-0.03668770336213356,-0.03608947992324829,-0.22050845623016357,-0.025470926916625558,-0.07349205017089844,-0.17965933680534363,-0.05087558694782501,-0.057636260986328125,-0.1188485324382782,-0.03662093498411423,-0.041498541831970215,-0.13161182403564453,-0.02229951650502926,0.0015306472778320312,-0.2037642002105713,-0.041895491561319886,-0.03398704528808594,-0.15574556589126587,-0.05715163566770798,-0.02853947877883911,-0.11417362093925476,-0.051142656734612046,-0.01600426435470581,-0.12509185075759888,-0.043397737225916444,0
0.0,0.0,0.0,-0.06799715757369995,0.007553458213806152,-0.034038886451668304,-0.12159463763237,-0.0043662190437316895,-0.06099316480154471,-0.13006481528282166,-0.02239549160003662,-0.08382243292922453,-0.08581680059432983,-0.04373830556869507,-0.10063737260693983,-0.12515747547149658,-0.18103963136672974,-0.03274784984583334,-0.1605241894721985,-0.09879514575004578,-0.06927467512483076,-0.130580872297287,-0.053752601146698,-0.09396177160138564,-0.10888984799385071,-0.07174038887023926,-0.11027288811797575,-0.0840035080909729,-0.19757172465324402,-0.03331464531416373,-0.12196460366249084,-0.10019728541374207,-0.06379565226430373,-0.09758394956588745,-0.053913235664367676,-0.06977849828595595,-0.08238106966018677,-0.07579243183135986,-0.07110102104539351,-0.04145932197570801,-0.18398338556289673,-0.03951791303748564,-0.07442361116409302,-0.08897018432617188,-0.06373267995709853,-0.061149775981903076,-0.04952096939086914,-0.053341425979084534,-0.05068206787109375,-0.07349744439125061,-0.04361143338078932,-0.0015572309494018555,-0.1553834080696106,-0.050601910823530716,-0.030481457710266113,-0.07333317399024963,-0.06354374068374113,-0.025061964988708496,-0.04854130744934082,-0.0578128099679418,-0.016329288482666016,-0.06944376230239868,-0.050633400702423614,0
0.0,0.0,0.0,-0.08003395795822144,0.013909518718719482,-0.02534728698555,-0.13433068990707397,0.009842157363891602,-0.04983192883554466,-0.1455795168876648,0.015823006629943848,-0.07125020600977905,-0.10473591089248657,0.013505399227142334,-0.08770684726658828,-0.13838604092597961,-0.1538996398448944,-0.0383061190706826,-0.1766541600227356,-0.05171993374824524,-0.06983259894076355,-0.1451948881149292,-0.02169114351272583,-0.08930936284485824,-0.12932941317558289,-0.046762943267822266,-0.10323895342770584,-0.09799456596374512,-0.16407141089439392,-0.04215833000961311,-0.14019590616226196,-0.032190024852752686,-0.06909296490374572,-0.11221307516098022,-0.01371002197265625,-0.07309926875058181,-0.10144257545471191,-0.04882216453552246,-0.07507160134736068,-0.05555152893066406,-0.1439102292060852,-0.049616204724941326,-0.09128892421722412,-0.015721499919891357,-0.06650428302708633,-0.07412207126617432,-0.002527177333831787,-0.053838221506509853,-0.06437253952026367,-0.03724867105484009,-0.04502437092486389,-0.017852962017059326,-0.10702237486839294,-0.06126528434577949,-0.04882127046585083,-0.004739999771118164,-0.07100366629782684,-0.04043304920196533,-0.002767622470855713,-0.06514830716076858,-0.032663702964782715,-0.03810316324234009,-0.05916967816773422,0
0.0,0.0,0.0,-0.06937509775161743,-0.008222639560699463,-0.01354530737947357,-0.1293504238128662,-0.02216857671737671,-0.03321150508921278,-0.17157137393951416,-0.01629549264907837,-0.052346183035780314,-0.16860079765319824,-0.015487611293792725,-0.06674551409881246,-0.12171882390975952,-0.1815052032470703,-0.028733862612654093,-0.19484096765518188,-0.10383346676826477,-0.0565983374158634,-0.16903352737426758,-0.06713908910751343,-0.07041782331864965,-0.14745157957077026,-0.07904988527297974,-0.07937311572234762,-0.09811335802078247,-0.16843658685684204,-0.037141522441316965,-0.17708009481430054,-0.06612247228622437,-0.06700322223107946,-0.14728334546089172,-0.040633976459503174,-0.06945143086116445,-0.1266891360282898,-0.05997711420059204,-0.06945143086116445,-0.07668209075927734,-0.13474956154823303,-0.04757862356703413,-0.14614489674568176,-0.030375301837921143,-0.06861388129394186,-0.11969995498657227,-0.011059105396270752,-0.055374229375530604,-0.10202950239181519,-0.033152878284454346,-0.045774677817036036,-0.05834221839904785,-0.08777624368667603,-0.060238434050489786,-0.11039763689041138,-0.003659546375274658,-0.07247947347562445,-0.08952808380126953,0.004916191101074219,-0.06552141350906027,-0.07178276777267456,-0.020285964012145996,-0.05904654604594839,0
0.0,0.0,0.0,-0.025215983390808105,-0.07938635349273682,0.003034581277546522,-0.0749504566192627,-0.1387610137462616,-0.005935585278990629,-0.1283930540084839,-0.14935064315795898,-0.016593865271630648,-0.15849071741104126,-0.1355399489402771,-0.024890993874493006,-0.09186851978302002,-0.2207120656967163,-0.014643157053711775,-0.1814958155155182,-0.17879649996757507,-0.036471664126935366,-0.16370242834091187,-0.14024654030799866,-0.04784049760920084,-0.14169591665267944,-0.1481967568397522,-0.055290258642259005,-0.09292227029800415,-0.19109666347503662,-0.026621031727614763,-0.18923678994178772,-0.1416870355606079,-0.04540431794148958,-0.16944831609725952,-0.10590735077857971,-0.04409796666723764,-0.1452878713607788,-0.11236965656280518,-0.04395673718673265,-0.0949135422706604,-0.14482370018959045,-0.03911968615275896,-0.18687716126441956,-0.09578248858451843,-0.05207732987028635,-0.166588693857193,-0.060099899768829346,-0.03950806256753481,-0.1424083709716797,-0.0673149824142456,-0.03253494125229395,-0.09662365913391113,-0.09036761522293091,-0.05218324732405222,-0.1668989062309265,-0.03723269701004028,-0.06277533170205629,-0.14715299010276794,-0.018669068813323975,-0.05797358151895082,-0.12289470434188843,-0.03311586380004883,-0.05401920821887529,0
0.0,0.0,0.0,-0.0028478503227233887,-0.10216915607452393,0.018473578492688603,-0.04033023118972778,-0.17709356546401978,0.014070303055035538,-0.09574580192565918,-0.1997922956943512,0.006446370730685658,-0.13201388716697693,-0.18799006938934326,-0.00021171505127881574,-0.02747511863708496,-0.24465638399124146,-0.010460902129722172,-0.11712348461151123,-0.2513083219528198,-0.020791307216001087,-0.10899531841278076,-0.20754605531692505,-0.023352874567223125,-0.08830249309539795,-0.19943806529045105,-0.025297420223665767,-0.05225324630737305,-0.21284103393554688,-0.02812075441093498,-0.1410457193851471,-0.214452862739563,-0.03249598120660835,-0.1287716031074524,-0.1766597330570221,-0.024063380559397274,-0.10525387525558472,-0.16987425088882446,-0.020641725634646946,-0.07938742637634277,-0.17033877968788147,-0.04345275660367065,-0.15970423817634583,-0.16596311330795288,-0.04128383671255165,-0.14418509602546692,-0.1285131573677063,-0.025278721129012638,-0.12039154767990112,-0.12599313259124756,-0.019033735742283397,-0.10480624437332153,-0.11947482824325562,-0.05788727303357177,-0.1608496606349945,-0.10837006568908691,-0.05601752003045135,-0.1445123553276062,-0.07942032814025879,-0.04457460915060096,-0.12469655275344849,-0.07685613632202148,-0.037450837095690304,0
0.0,0.0,0.0,0.02573937177658081,-0.10247200727462769,0.023929706977156684,0.008033454418182373,-0.1885663866996765,0.027376015873102233,-0.03259927034378052,-0.22808387875556946,0.026986601964978263,-0.07077211141586304,-0.22448551654815674,0.025740479321626708,0.01067054271697998,-0.25260457396507263,0.003120432344672963,-0.05090051889419556,-0.2967371940612793,0.0036850818129607887,-0.0487363338470459,-0.25813913345336914,0.0038627516175040455,-0.031100094318389893,-0.23402652144432068,0.003767831919191167,-0.033902645111083984,-0.2239115834236145,-0.01168214230105491,-0.08573466539382935,-0.2651628851890564,-0.0016328438954076319,-0.08219146728515625,-0.22888225317001343,0.006707902734575555,-0.0659174919128418,-0.2045072615146637,0.008903219567088172,-0.07690262794494629,-0.18427467346191406,-0.022936188413353875,-0.11750087141990662,-0.2243155539035797,-0.010397077335568383,-0.10739445686340332,-0.18858474493026733,0.0030352482268938275,-0.090584397315979,-0.16694235801696777,0.007024300952849671,-0.11428922414779663,-0.13617414236068726,-0.03218475243315311,-0.13871192932128906,-0.17315995693206787,-0.020424471034260705,-0.12600988149642944,-0.14440369606018066,-0.003436314438062027,-0.11192530393600464,-0.1258232593536377,0.007345566728560016,0
0.0,0.0,0.0,0.03684192895889282,-0.1027032732963562,0.019383435762449608,0.032052457332611084,-0.19262909889221191,0.021006082809492455,0.004972338676452637,-0.24698472023010254,0.01989481567494522,-0.034913063049316406,-0.25526705384254456,0.01781979545108925,0.020346462726593018,-0.2373914122581482,-0.007065709521100416,-0.022287070751190186,-0.3026615381240845,-0.005659415693060055,-0.021092474460601807,-0.26559606194496155,-0.003227903581262126,-0.007148265838623047,-0.23638376593589783,-0.0016433642749120736,-0.029962003231048584,-0.2112622857093811,-0.018517664008811607,-0.06326192617416382,-0.27656787633895874,-0.00856542897321333,-0.06035560369491577,-0.2400861382484436,0.0014236843408639288,-0.04923897981643677,-0.20814454555511475,0.004666519510521994,-0.07722407579421997,-0.1768285036087036,-0.02602117539294113,-0.0984686017036438,-0.2371978759765625,-0.012154920333102837,-0.09000974893569946,-0.20410311222076416,0.002559536994397149,-0.07898169755935669,-0.1746986210346222,0.006785794320478544,-0.11580821871757507,-0.1378372311592102,-0.03154800676651348,-0.12265563011169434,-0.1929827332496643,-0.016836010226086273,-0.11286410689353943,-0.16703224182128906,0.002351788963153467,-0.10406240820884705,-0.1427190899848938,0.013748424752577648,0
0.0,0.0,0.0,0.04400533437728882,-0.10906559228897095,0.015763131820932585,0.03400677442550659,-0.19508278369903564,0.0175493414638197,-0.003873467445373535,-0.23433387279510498,0.018053920858875472,-0.044745028018951416,-0.2312106490135193,0.018467675813809592,0.017786622047424316,-0.24279636144638062,-0.009763514703735154,-0.008742928504943848,-0.3158985376358032,-0.0057319291742885525,-0.003740072250366211,-0.27824363112449646,7.640502670369642e-05,0.005145549774169922,-0.2428308129310608,0.004301622429267127,-0.03544604778289795,-0.22345921397209167,-0.017115229821428102,-0.04840207099914551,-0.2865913510322571,-0.0010797113288560922,-0.041076600551605225,-0.25463226437568665,0.010828351521269042,-0.03387516736984253,-0.2235182821750641,0.01436040356136914,-0.08157283067703247,-0.19158613681793213,-0.020485816604121965,-0.08154833316802979,-0.24968290328979492,-0.0010633127173775847,-0.07223358750343323,-0.22210410237312317,0.011413662613705355,-0.067589670419693,-0.1913754940032959,0.012907216244713027,-0.11806198954582214,-0.15503346920013428,-0.02224175267539863,-0.1064063012599945,-0.19756370782852173,-0.0043266770305478985,-0.0937105119228363,-0.17385101318359375,0.012079707266167361,-0.08876693248748779,-0.15004515647888184,0.020930020057932097,0
0.0,0.0,0.0,0.05190843343734741,-0.09367263317108154,0.0066761867085958215,0.06022006273269653,-0.18209624290466309,0.006726345414158175,0.02374202013015747,-0.23545712232589722,0.007970273861523935,-0.016717910766601562,-0.24255773425102234,0.010673810163375208,0.019051849842071533,-0.23002737760543823,-0.0162813045141732,0.0068784356117248535,-0.3083192706108093,-0.015248041233185461,0.013108670711517334,-0.2734876275062561,-0.010904325736824205,0.019634664058685303,-0.23314878344535828,-0.006018899480018547,-0.03391730785369873,-0.22090262174606323,-0.017033679044011762,-0.03500628471374512,-0.2810068726539612,-0.003099681442741087,-0.025696218013763428,-0.25274986028671265,0.006761456275221178,-0.02062159776687622,-0.2204052209854126,0.009620484331485102,-0.07808709144592285,-0.19926929473876953,-0.014495665772024324,-0.07141125202178955,-0.24502041935920715,0.004027824750032494,-0.060104936361312866,-0.22270235419273376,0.013954168552395174,-0.054953306913375854,-0.19159990549087524,0.014465784089502165,-0.11266666650772095,-0.17388927936553955,-0.011054801387849977,-0.10013124346733093,-0.21281233429908752,0.007027295784887144,-0.08889585733413696,-0.19449004530906677,0.020865992078419993,-0.08494466543197632,-0.17057543992996216,0.02849006689512379,0
0.0,0.0,0.0,0.05597972869873047,-0.08551865816116333,0.010891381852040638,0.07228851318359375,-0.1710655689239502,0.01671013814927136,0.044433653354644775,-0.2267281711101532,0.02399303039134537,0.00822460651397705,-0.23340582847595215,0.03213551101804768,0.014858722686767578,-0.2385808527469635,-0.004425359688987385,0.01324462890625,-0.29170703887939453,0.007141307197223057,0.019061803817749023,-0.2603698968887329,0.015217664852450241,0.023906469345092773,-0.2289440631866455,0.02042242904723679,-0.03808906674385071,-0.232527494430542,-0.004345068972845922,-0.03009110689163208,-0.2679510712623596,0.02023350840033089,-0.020085573196411133,-0.24082422256469727,0.031625421918640484,-0.014688074588775635,-0.2115132212638855,0.033363493360290875,-0.07831615209579468,-0.20941591262817383,-0.00032932401803265066,-0.06479009985923767,-0.23231613636016846,0.025409933380494465,-0.052920520305633545,-0.20928770303726196,0.033212354607591976,-0.04721909761428833,-0.17874175310134888,0.03058636022330319,-0.10891073942184448,-0.18109023571014404,0.004810498762587656,-0.09325146675109863,-0.20372405648231506,0.02644899880112206,-0.08247017860412598,-0.18139806389808655,0.03853991834045445,-0.07871657609939575,-0.15658694505691528,0.04420753774763142,0
0.0,0.0,0.0,0.052607834339141846,-0.0731879472732544,0.01831909901926565,0.06706774234771729,-0.1478310525417328,0.0303709980053668,0.045790255069732666,-0.20078393816947937,0.04349035284946012,0.011740803718566895,-0.20522302389144897,0.05616206563541937,0.010116994380950928,-0.24551507830619812,0.006348979934102772,-0.0017496347427368164,-0.2566092014312744,0.02486156001219797,0.001854538917541504,-0.2201763391494751,0.03434812537858534,0.009660184383392334,-0.19493934512138367,0.03808421529362249,-0.040762633085250854,-0.23702910542488098,0.004080640426820992,-0.04401898384094238,-0.23988795280456543,0.03235095254609632,-0.037426918745040894,-0.20277076959609985,0.04242289699146795,-0.02881598472595215,-0.17101022601127625,0.042698367307878016,-0.08093142509460449,-0.20781496167182922,0.0066804069047634584,-0.07775339484214783,-0.20106765627861023,0.03173113874623823,-0.06604310870170593,-0.17043396830558777,0.03608704246113348,-0.055472373962402344,-0.1408902406692505,0.03164505846331167,-0.1126682460308075,-0.17226210236549377,0.011337605114078997,-0.10330736637115479,-0.16925400495529175,0.029131374130940912,-0.09123238921165466,-0.1401892900466919,0.03773987181017446,-0.08250057697296143,-0.11649560928344727,0.04183751977512884,0
0.0,0.0,0.0,0.04595464468002319,-0.07236909866333008,0.011870140035370014,0.04999440908432007,-0.1558935046195984,0.021616442885914466,0.01534581184387207,-0.2080901861190796,0.03261471056632104,-0.022899150848388672,-0.20391234755516052,0.04253533744505944,-0.010309159755706787,-0.24482876062393188,0.006905864749768398,-0.015300095081329346,-0.23972097039222717,0.018748019647517822,-0.010085582733154297,-0.20438969135284424,0.020808213215985916,-0.00359421968460083,-0.1803026795387268,0.0195087071626574,-0.059031784534454346,-0.23122507333755493,0.005380528804579399,-0.05841502547264099,-0.22144609689712524,0.026957101014176033,-0.04906204342842102,-0.1860795021057129,0.03212343418292107,-0.03885665535926819,-0.1558559536933899,0.030094933521667144,-0.09568795561790466,-0.19605207443237305,0.007210932031938455,-0.09145569801330566,-0.1829213798046112,0.024405629199662826,-0.07756960391998291,-0.15516206622123718,0.0268778622268826,-0.06480082869529724,-0.127660870552063,0.022979340341606758,-0.12256669998168945,-0.15180742740631104,0.01052308996460738,-0.11891111731529236,-0.14592990279197693,0.021870004770079277,-0.10323867201805115,-0.12058138847351074,0.02889051364056172,-0.09115320444107056,-0.09986698627471924,0.033026750025072715,0
0.0,0.0,0.0,0.0013952851295471191,-0.10725164413452148,0.020030590536876502,-0.03219282627105713,-0.16604655981063843,0.024512282403989616,-0.07140249013900757,-0.18319353461265564,0.02560984047023851,-0.10445523262023926,-0.16105645895004272,0.024481794628187004,-0.05065733194351196,-0.21970754861831665,0.010061112995131793,-0.0966804027557373,-0.19789695739746094,0.013247078115924182,-0.08563411235809326,-0.16269615292549133,0.009535199793859306,-0.06815749406814575,-0.1495031714439392,0.005179270001931968,-0.09006136655807495,-0.19244280457496643,-0.0014918196770707937,-0.11804917454719543,-0.16403654217720032,0.014085489156528297,-0.10885822772979736,-0.1340036392211914,0.01626535953847963,-0.09069046378135681,-0.11909076571464539,0.012736408802553001,-0.1216663122177124,-0.145219087600708,-0.009725404140667138,-0.13840070366859436,-0.11717826128005981,0.006551216187759223,-0.12525397539138794,-0.08997136354446411,0.010167819279118362,-0.10756248235702515,-0.07899796962738037,0.0061129558075805335,-0.1460685133934021,-0.08971154689788818,-0.016737573948816475,-0.1503608524799347,-0.06155717372894287,-0.006920535286084828,-0.13479715585708618,-0.03770029544830322,0.0007976159745481937,-0.1208159327507019,-0.028798699378967285,0.005533689464314762,0
0.0,0.0,0.0,-0.061895787715911865,-0.028651058673858643,0.00156688159123064,-0.11265143752098083,-0.07468080520629883,-0.006625367400459936,-0.14486587047576904,-0.09915167093276978,-0.016986578774861982,-0.16175603866577148,-0.11260080337524414,-0.023763610122017553,-0.09702640771865845,-0.21506929397583008,-0.005896080357246092,-0.18136078119277954,-0.15825212001800537,-0.030931964588575056,-0.16251909732818604,-0.11745813488960266,-0.049519887265972784,-0.13903114199638367,-0.12416976690292358,-0.06250475167971103,-0.0936506986618042,-0.20449566841125488,-0.018480727520994833,-0.18626421689987183,-0.13095176219940186,-0.04261833995323627,-0.15996357798576355,-0.0960734486579895,-0.04870166450481861,-0.1320539116859436,-0.11048489809036255,-0.052650483397059133,-0.09259331226348877,-0.17147496342658997,-0.032603992221169165,-0.18159756064414978,-0.10058969259262085,-0.04966218963008373,-0.15437042713165283,-0.06212341785430908,-0.04069729715328663,-0.12782785296440125,-0.07543212175369263,-0.03561007424931972,-0.09249064326286316,-0.12342685461044312,-0.048203611818365744,-0.1563173532485962,-0.0508078932762146,-0.06584879576902836,-0.13405439257621765,-0.026436924934387207,-0.06595552533607929,-0.10960999131202698,-0.04501742124557495,-0.06399889856319874,0
0.0,0.0,0.0,-0.07598346471786499,-0.012427568435668945,-0.019531936916536097,-0.13482216000556946,-0.05823838710784912,-0.036016467559164766,-0.15008386969566345,-0.09689873456954956,-0.05197663565260768,-0.1140756905078888,-0.10746645927429199,-0.06144786958677173,-0.09039890766143799,-0.21985220909118652,-0.010707960995858912,-0.15793919563293457,-0.180046945810318,-0.04319363047463298,-0.13491186499595642,-0.12257206439971924,-0.06649482582790256,-0.1115202009677887,-0.129807710647583,-0.08396252577287555,-0.0579758882522583,-0.23280653357505798,-0.017745839032357935,-0.13785627484321594,-0.17516928911209106,-0.05076405738574863,-0.11349138617515564,-0.11851376295089722,-0.056237052726572756,-0.08801579475402832,-0.13187181949615479,-0.05581101362687946,-0.032499074935913086,-0.2155442237854004,-0.03051069897693992,-0.10668125748634338,-0.15120148658752441,-0.05653200258595348,-0.08730244636535645,-0.10071200132369995,-0.044537294256514315,-0.06342306733131409,-0.11536163091659546,-0.03341105540377498,-0.014784097671508789,-0.18050265312194824,-0.04735572596175075,-0.07227003574371338,-0.10898840427398682,-0.06764185761196018,-0.05745351314544678,-0.07787233591079712,-0.06672422920448184,-0.03617706894874573,-0.09420567750930786,-0.06252935861331821,0
0.0,0.0,0.0,-0.06729549169540405,-0.007500946521759033,-0.017026890979877862,-0.13406577706336975,-0.06663399934768677,-0.024811378659478578,-0.12007540464401245,-0.14057666063308716,-0.033140604363552484,-0.0647386908531189,-0.17746248841285706,-0.03560071529614106,-0.12460100650787354,-0.18751463294029236,-0.002696753924510631,-0.15662962198257446,-0.20191994309425354,-0.03055749179588929,-0.13558146357536316,-0.13307678699493408,-0.043965087251535806,-0.11721467971801758,-0.13010388612747192,-0.05362980158793107,-0.08316239714622498,-0.2134368121623993,-0.00885142011361495,-0.11279565095901489,-0.22321707010269165,-0.03781481178270951,-0.09542879462242126,-0.143740713596344,-0.03496811257468835,-0.0782766044139862,-0.1469709873199463,-0.026691605316273126,-0.04117053747177124,-0.2192893624305725,-0.021525376455656442,-0.06414434313774109,-0.22365987300872803,-0.047233519123665246,-0.056070029735565186,-0.14510273933410645,-0.028606974499098214,-0.043933331966400146,-0.1459854245185852,-0.010586675235799703,0.00588148832321167,-0.213738352060318,-0.037568801061979684,-0.023422539234161377,-0.208619624376297,-0.05152113454209939,-0.024173259735107422,-0.1520301103591919,-0.04013434516059533,-0.015007495880126953,-0.14937037229537964,-0.028466398807040605,0
0.0,0.0,0.0,-0.07100987434387207,-0.009074509143829346,-0.019718515097054023,-0.13697421550750732,-0.07137006521224976,-0.028730230747612495,-0.12356585264205933,-0.15936028957366943,-0.038694559006842155,-0.0718458890914917,-0.2089923620223999,-0.042219231246861,-0.1390702724456787,-0.15775984525680542,-0.0021368571248672197,-0.1716182827949524,-0.20517981052398682,-0.038142046301516075,-0.1437588334083557,-0.1366404891014099,-0.055289076982887764,-0.1274661421775818,-0.12438422441482544,-0.06420553323522427,-0.10051372647285461,-0.1878514289855957,-0.007548888089957018,-0.13042408227920532,-0.23522913455963135,-0.04317184013024189,-0.10633581876754761,-0.15353751182556152,-0.04317184013024189,-0.09454447031021118,-0.14843326807022095,-0.034083912490757484,-0.059451550245285034,-0.20324712991714478,-0.02040439692035534,-0.08237987756729126,-0.24852877855300903,-0.0524312354315839,-0.06777435541152954,-0.1654108166694641,-0.03433159586683132,-0.058693528175354004,-0.1560208797454834,-0.01360274233564951,-0.012170732021331787,-0.21065157651901245,-0.03654165786400654,-0.03869444131851196,-0.23227110505104065,-0.052621761678608436,-0.03389161825180054,-0.17226338386535645,-0.03888508525386669,-0.02615600824356079,-0.15996384620666504,-0.02406243082776882,0
0.0,0.0,0.0,-0.07477623224258423,-0.013583838939666748,-0.01830833426566869,-0.13983061909675598,-0.08080559968948364,-0.026044333566744626,-0.12829509377479553,-0.17568734288215637,-0.03697313575895578,-0.08673107624053955,-0.2364446520805359,-0.04206068276317865,-0.15103977918624878,-0.13562166690826416,0.0074905518173977725,-0.18938910961151123,-0.20641598105430603,-0.030336296398957074,-0.15288126468658447,-0.14695072174072266,-0.049534978558142484,-0.13180866837501526,-0.1209302544593811,-0.05698834194691926,-0.11308214068412781,-0.17076632380485535,0.0013130038475424044,-0.14504817128181458,-0.2401708960533142,-0.035716952969153226,-0.11408251523971558,-0.16301116347312927,-0.04069981559069902,-0.10119596123695374,-0.1452721357345581,-0.03328832819016725,-0.07143515348434448,-0.1936396062374115,-0.012718312655408681,-0.09515249729156494,-0.25931689143180847,-0.04702261297853738,-0.07517510652542114,-0.17589402198791504,-0.0338326787844494,-0.06682717800140381,-0.15340906381607056,-0.014121051159520448,-0.02530825138092041,-0.2082170844078064,-0.0297082050040558,-0.048684656620025635,-0.2509325444698334,-0.04547331317218095,-0.04177600145339966,-0.18881359696388245,-0.03152967079432756,-0.03439372777938843,-0.16262364387512207,-0.0156494083151415,0
0.0,0.0,0.0,-0.0845760703086853,-0.022864937782287598,-0.008226984457223807,-0.14182057976722717,-0.09260046482086182,-0.011186341100483332,-0.1392636001110077,-0.18347907066345215,-0.0204107186730198,-0.10210371017456055,-0.23919743299484253,-0.024849752240925227,-0.1477072536945343,-0.1232912540435791,0.03032860318467101,-0.19133469462394714,-0.19505605101585388,0.002377376847789492,-0.16059920191764832,-0.1494894027709961,-0.0158037750954918,-0.13694477081298828,-0.11893945932388306,-0.022541035243420993,-0.11512666940689087,-0.15950262546539307,0.02182832332596263,-0.15363624691963196,-0.23657244443893433,-0.006600387205480729,-0.1253158450126648,-0.17625224590301514,-0.0168112183894209,-0.1045953631401062,-0.1464170217514038,-0.013327151813655291,-0.07677292823791504,-0.18820711970329285,0.006580292436183299,-0.1082768440246582,-0.25760912895202637,-0.019917492100148593,-0.08830481767654419,-0.18586668372154236,-0.01449200538650075,-0.07141220569610596,-0.1481572985649109,1.0940930906144786e-05,-0.03424268960952759,-0.21058893203735352,-0.010756080315559302,-0.06482601165771484,-0.25982481241226196,-0.019350806527882014,-0.05998110771179199,-0.20496883988380432,-0.007634063993691598,-0.0483015775680542,-0.1680372953414917,0.006134290437103118,0
0.0,0.0,0.0,-0.08689427375793457,-0.03222227096557617,-0.007573396659040554,-0.13830271363258362,-0.10943567752838135,-0.009463138638579949,-0.12873131036758423,-0.19774377346038818,-0.01799905089899312,-0.08511245250701904,-0.24720394611358643,-0.02334756380184899,-0.12733900547027588,-0.1436775028705597,0.03562423797086467,-0.16425031423568726,-0.20996171236038208,0.013154560008501903,-0.1504463255405426,-0.1670025885105133,-0.0052099854150355895,-0.13057443499565125,-0.13663440942764282,-0.013291964067661866,-0.09431946277618408,-0.171070396900177,0.028223157168781654,-0.12560507655143738,-0.24497872591018677,0.0034517445670871894,-0.11252951622009277,-0.1847459077835083,-0.010163773542785748,-0.09029775857925415,-0.14956703782081604,-0.009744379429662331,-0.05669713020324707,-0.19257798790931702,0.014437413082873718,-0.08359628915786743,-0.2642330229282379,-0.008846382370734318,-0.07825720310211182,-0.19287258386611938,-0.00897960154577504,-0.05981731414794922,-0.1464214026927948,0.0014756564120261828,-0.014706552028656006,-0.20859721302986145,-0.0013700585044489344,-0.044745445251464844,-0.2621609568595886,-0.009650632499301537,-0.04965484142303467,-0.2100515365600586,-0.0019769470603705486,-0.038021624088287354,-0.16695630550384521,0.00891620782897462,0
0.0,0.0,0.0,-0.07943952083587646,-0.042745232582092285,-0.00681406749896496,-0.12367257475852966,-0.1306377649307251,-0.007667063051087553,-0.10774004459381104,-0.21632921695709229,-0.015212064855916196,-0.05973196029663086,-0.256580114364624,-0.020584522062165433,-0.09633851051330566,-0.17408904433250427,0.03225405862070829,-0.12361574172973633,-0.23897838592529297,0.011320329024272269,-0.11850738525390625,-0.19015860557556152,-0.004050079980117971,-0.10136815905570984,-0.1598905324935913,-0.010650190771741563,-0.06320822238922119,-0.19152885675430298,0.024826872846858805,-0.0889926552772522,-0.26246896386146545,-0.0012825583249309602,-0.08512866497039795,-0.1965930461883545,-0.012940553263945276,-0.06391632556915283,-0.15735402703285217,-0.010188347906989748,-0.026934564113616943,-0.2042372226715088,0.01143343442566902,-0.05330657958984375,-0.2731599509716034,-0.01624885598681658,-0.05627316236495972,-0.19998222589492798,-0.016201727339250738,-0.038211703300476074,-0.1497918665409088,-0.0038497913770356718,0.014483809471130371,-0.2104981541633606,-0.003336109235135609,-0.021350324153900146,-0.26800471544265747,-0.01785116853676527,-0.031065285205841064,-0.21443083882331848,-0.011818934478981191,-0.017597317695617676,-0.16673415899276733,-0.00040423237038567095,0
0.0,0.0,0.0,-0.07482850551605225,-0.05496013164520264,-0.005327369837573315,-0.112396240234375,-0.1414458155632019,-0.009281871660164143,-0.09443071484565735,-0.22346436977386475,-0.01996612903337791,-0.046685755252838135,-0.26689761877059937,-0.027903549192956234,-0.07314208149909973,-0.19917455315589905,0.029742194519826626,-0.09730178117752075,-0.2613592743873596,0.001518417097145175,-0.0950336754322052,-0.20307284593582153,-0.016575204028299595,-0.0769156813621521,-0.16919618844985962,-0.024417903094104076,-0.040425777435302734,-0.21063628792762756,0.019891457812377666,-0.06607675552368164,-0.2786532938480377,-0.011005750677099968,-0.06718790531158447,-0.20336860418319702,-0.01996612903337791,-0.04669278860092163,-0.17080101370811462,-0.015268088138213898,-0.004216372966766357,-0.21561199426651,0.0034885641126720657,-0.03186923265457153,-0.28428274393081665,-0.028168760059884335,-0.03828239440917969,-0.2033574879169464,-0.020799653424433018,-0.019583046436309814,-0.16317224502563477,-0.00384265608761325,0.03861260414123535,-0.2114948034286499,-0.014264069317391659,-0.0010901093482971191,-0.2620531916618347,-0.03011996281009033,-0.010938942432403564,-0.20431655645370483,-0.01968197506528213,0.005124390125274658,-0.1694074273109436,-0.005270538671425129,0
0.0,0.0,0.0,-0.06778502464294434,-0.07101476192474365,0.0003482266192804673,-0.10125479102134705,-0.15027159452438354,-0.005763753272731265,-0.08734044432640076,-0.21782618761062622,-0.01987325814752694,-0.043738603591918945,-0.26142024993896484,-0.03168455553441163,-0.050243496894836426,-0.21474069356918335,0.028445673685382644,-0.08243072032928467,-0.270374596118927,-2.3451807464880403e-05,-0.08762454986572266,-0.20900627970695496,-0.016265821132947167,-0.06738927960395813,-0.18002048134803772,-0.023584302935887536,-0.019304513931274414,-0.22267219424247742,0.014317330483208934,-0.05454069375991821,-0.2806546092033386,-0.019741394046832283,-0.06057232618331909,-0.20419323444366455,-0.02801118274419423,-0.037078678607940674,-0.17663219571113586,-0.02241636109738465,0.01515650749206543,-0.22493505477905273,-0.005528280932594498,-0.02607274055480957,-0.2762702703475952,-0.03910664511113282,-0.03183484077453613,-0.19726213812828064,-0.032287363384057244,-0.00684124231338501,-0.16933393478393555,-0.01605860558538552,0.05485713481903076,-0.21795618534088135,-0.026014378715444764,0.0014548897743225098,-0.2566112279891968,-0.044494249347735604,-0.00600278377532959,-0.19822615385055542,-0.03567816731720086,0.016092002391815186,-0.17007723450660706,-0.022058442656089028,0
0.0,0.0,0.0,-0.06898912787437439,-0.06460940837860107,-0.0022040363078303926,-0.10949334502220154,-0.14212429523468018,-0.008464084905881464,-0.09936469793319702,-0.20959684252738953,-0.020812018742162763,-0.0549774169921875,-0.24027788639068604,-0.029037599419552862,-0.06072896718978882,-0.22724860906600952,0.022018381426732958,-0.09709373116493225,-0.27536022663116455,-0.0063263908637054556,-0.09741908311843872,-0.20615169405937195,-0.021711091478664457,-0.07840153574943542,-0.18364202976226807,-0.029917542790371954,-0.026870787143707275,-0.23451188206672668,0.008685290845733107,-0.06707823276519775,-0.28277185559272766,-0.02370053619642931,-0.06702578067779541,-0.2047387957572937,-0.028195907329518377,-0.044395893812179565,-0.18566250801086426,-0.021787608941394865,0.008764326572418213,-0.23253774642944336,-0.010453526829678594,-0.03610581159591675,-0.27174654603004456,-0.03986475334068018,-0.037695229053497314,-0.19408372044563293,-0.028655012105900823,-0.014829158782958984,-0.1763661503791809,-0.012289935690660059,0.04758197069168091,-0.21959728002548218,-0.03102703854938227,-0.008731424808502197,-0.242142915725708,-0.04675128400822359,-0.010204911231994629,-0.1870570182800293,-0.03733969569702822,0.01310819387435913,-0.1710643768310547,-0.0250395824809857,0
0.0,0.0,0.0,-0.0727740228176117,-0.050753653049468994,-0.010360666225494697,-0.12126165628433228,-0.12994909286499023,-0.018632324087263896,-0.10788542032241821,-0.20094525814056396,-0.031063884171487643,-0.05870634317398071,-0.23005759716033936,-0.03849778478110011,-0.08029237389564514,-0.22245678305625916,0.013183225271461652,-0.11561599373817444,-0.26751405000686646,-0.018516771170141055,-0.1093379557132721,-0.19377774000167847,-0.03501194124186213,-0.08932682871818542,-0.1768311858177185,-0.04406358082854922,-0.04340064525604248,-0.2329273819923401,0.0031060549422932127,-0.08017981052398682,-0.27536267042160034,-0.02933058855199988,-0.0780147910118103,-0.19450923800468445,-0.031410542922856166,-0.05730074644088745,-0.18619096279144287,-0.024265525537373378,-0.005149960517883301,-0.22999489307403564,-0.013865769515575721,-0.042968034744262695,-0.26656436920166016,-0.043639884936453655,-0.04433244466781616,-0.18567121028900146,-0.028502462106587245,-0.02385801076889038,-0.1757662296295166,-0.01037992504501517,0.03758656978607178,-0.21610495448112488,-0.03329790537321742,-0.011702656745910645,-0.23292845487594604,-0.04899383490050013,-0.015007615089416504,-0.17570513486862183,-0.03765039299690898,0.004972696304321289,-0.16497963666915894,-0.02451588925981696,0
0.0,0.0,0.0,-0.07031756639480591,-0.0441623330116272,-0.013517611328381918,-0.12467008829116821,-0.12329894304275513,-0.022389220673460386,-0.11207646131515503,-0.19638597965240479,-0.03478006892265739,-0.05856165289878845,-0.22485554218292236,-0.04199499510588112,-0.08903181552886963,-0.23233047127723694,0.01266589514551697,-0.12783369421958923,-0.2657540440559387,-0.020448251295704267,-0.11695703864097595,-0.1948157548904419,-0.039210973907131574,-0.09577375650405884,-0.17796123027801514,-0.04964124285044136,-0.04833155870437622,-0.24634981155395508,0.003718311764430382,-0.08711382746696472,-0.2757967412471771,-0.02832976974906387,-0.08216285705566406,-0.19685274362564087,-0.030858917761463545,-0.06222447752952576,-0.18942612409591675,-0.024232164624947927,-0.007535398006439209,-0.2430831491947174,-0.01287062060447397,-0.04467666149139404,-0.2630705237388611,-0.042700799781698606,-0.04514962434768677,-0.18461382389068604,-0.029172815982121847,-0.02690809965133667,-0.17658108472824097,-0.011939346458632372,0.03646451234817505,-0.22710469365119934,-0.032466585416216276,-0.010837733745574951,-0.22977930307388306,-0.048308050859589,-0.014547288417816162,-0.1738952398300171,-0.03872083001198234,0.0022960901260375977,-0.16570943593978882,-0.026839731860775373,0
0.0,0.0,0.0,-0.07192826271057129,-0.04477459192276001,-0.014276270473715158,-0.12261876463890076,-0.12631851434707642,-0.023347175399180742,-0.10209217667579651,-0.2038893699645996,-0.035612619201060625,-0.04942208528518677,-0.2413933277130127,-0.042474957833405824,-0.09212398529052734,-0.21757471561431885,0.008662279044870047,-0.12531918287277222,-0.26825815439224243,-0.02727132914435515,-0.11556118726730347,-0.1950123906135559,-0.04606388015520224,-0.09503448009490967,-0.17716771364212036,-0.05552917225134024,-0.050747454166412354,-0.230238139629364,0.0001303422949376909,-0.08194953203201294,-0.2807924747467041,-0.034784405211325975,-0.08008450269699097,-0.1970832347869873,-0.037485959658738466,-0.06076502799987793,-0.18997174501419067,-0.029953163767572732,-0.008911550045013428,-0.2269958257675171,-0.015853819156404825,-0.03701144456863403,-0.2727676033973694,-0.04882459221255431,-0.041859567165374756,-0.18794816732406616,-0.03340405104529509,-0.023677170276641846,-0.1781400442123413,-0.013664969893511625,0.03812253475189209,-0.21398720145225525,-0.034429455826398225,-0.0006199479103088379,-0.23743346333503723,-0.05166417984139571,-0.008510172367095947,-0.1776905059814453,-0.03931986046802649,0.007533550262451172,-0.16620951890945435,-0.024688093642112108,0
0.0,0.0,0.0,-0.07500183582305908,-0.04576224088668823,-0.011949440268324452,-0.12581956386566162,-0.13473904132843018,-0.01825922335450514,-0.0998208224773407,-0.21388205885887146,-0.028038374883578854,-0.043681204319000244,-0.25185975432395935,-0.03258303905789717,-0.09489202499389648,-0.22481146454811096,0.010814474160326881,-0.1265374720096588,-0.27242395281791687,-0.02243869545822008,-0.1168779730796814,-0.1966516375541687,-0.04025216753547056,-0.09742259979248047,-0.17680031061172485,-0.04966612140600546,-0.052332162857055664,-0.23648503422737122,0.0018278505518196653,-0.0840907096862793,-0.2874956727027893,-0.030878789526866512,-0.08234384655952454,-0.19901204109191895,-0.033313430649684506,-0.06283363699913025,-0.1882493495941162,-0.0260297933495508,-0.009259402751922607,-0.2331407070159912,-0.014130474803494053,-0.03764265775680542,-0.2819253206253052,-0.045243188542769985,-0.04292994737625122,-0.19269925355911255,-0.02893107551102503,-0.024235188961029053,-0.1796036958694458,-0.008987290588663654,0.03938204050064087,-0.22050237655639648,-0.03254246319596632,0.0014304518699645996,-0.2502679228782654,-0.047840140563891964,-0.008535981178283691,-0.18575429916381836,-0.0333945860988365,0.006700992584228516,-0.16941100358963013,-0.01764041910831793,0
0.0,0.0,0.0,-0.07861864566802979,-0.053252220153808594,-0.00928359413421731,-0.12529832124710083,-0.14280647039413452,-0.014501793588465262,-0.10539186000823975,-0.22411593794822693,-0.0250508508635221,-0.05429142713546753,-0.26041102409362793,-0.030827230120962668,-0.09195590019226074,-0.22583544254302979,0.02232773387902398,-0.11880311369895935,-0.2813456058502197,-0.008976339640980768,-0.11439839005470276,-0.20756122469902039,-0.02724259747094493,-0.09731405973434448,-0.18209010362625122,-0.03672650670534949,-0.05233818292617798,-0.2334553599357605,0.012157622446352434,-0.08008939027786255,-0.28933417797088623,-0.020442039052909422,-0.08240506052970886,-0.20282819867134094,-0.026341319362586546,-0.0630461573600769,-0.1861124038696289,-0.020913163478439856,-0.011153161525726318,-0.22984075546264648,-0.005145904886489916,-0.03884100914001465,-0.2884819805622101,-0.036152964736288595,-0.04622972011566162,-0.20140862464904785,-0.02218314660615306,-0.026858866214752197,-0.1815955638885498,-0.003066818741103816,0.03654688596725464,-0.2173336148262024,-0.02476407987899165,-0.0022953152656555176,-0.2561897039413452,-0.03881583576924186,-0.013672232627868652,-0.19233918190002441,-0.024272475670045424,0.0023203492164611816,-0.16989880800247192,-0.008208204339211989,0
0.0,0.0,0.0,-0.07243838906288147,-0.0672154426574707,-0.002533078903582009,-0.11053183674812317,-0.15053093433380127,-0.008918380376201185,-0.10037529468536377,-0.22552743554115295,-0.022401506092649015,-0.056908875703811646,-0.2647066116333008,-0.032047970231872114,-0.061189115047454834,-0.2275199294090271,0.024953862640757052,-0.0944409966468811,-0.28108370304107666,-0.003806153090920361,-0.09519284963607788,-0.21255886554718018,-0.018315712001424345,-0.07539001107215881,-0.19205987453460693,-0.025371182721357854,-0.02853447198867798,-0.23288846015930176,0.01097246910234162,-0.0643366277217865,-0.2893846333026886,-0.021843446430068525,-0.06896555423736572,-0.20829591155052185,-0.026367718365293058,-0.04749596118927002,-0.19209027290344238,-0.01958131046245626,0.006357073783874512,-0.23071694374084473,-0.009187445055943044,-0.03484904766082764,-0.280998557806015,-0.04205318727741769,-0.040640056133270264,-0.19819211959838867,-0.030732544150453123,-0.01757979393005371,-0.18017452955245972,-0.012794904422264608,0.04484593868255615,-0.2198239266872406,-0.030533237394195112,-0.00916910171508789,-0.2513769268989563,-0.046597389515738996,-0.015384852886199951,-0.1934816837310791,-0.03513723054180673,0.007209479808807373,-0.1742900013923645,-0.02098642663310102,0
0.0,0.0,0.0,-0.05714485049247742,-0.08445429801940918,0.002286126700425939,-0.08091652393341064,-0.1569305658340454,-0.0036059079196206767,-0.08315467834472656,-0.21488064527511597,-0.017222585293268367,-0.052122533321380615,-0.2514013350009918,-0.025472844156240626,0.0014591217041015625,-0.2451462745666504,0.03078658865132411,-0.05009034276008606,-0.2865746319293976,0.003900511752078728,-0.05866113305091858,-0.21882110834121704,-0.012360659564649268,-0.03623586893081665,-0.19624412059783936,-0.021605830776309176,0.02329111099243164,-0.24326857924461365,0.014914933455372648,-0.03709977865219116,-0.28186261653900146,-0.01952214552721898,-0.04409235715866089,-0.20458713173866272,-0.026242492857193156,-0.017106950283050537,-0.18678706884384155,-0.021399337935065432,0.04456353187561035,-0.2380487620830536,-0.006466278943037196,-0.02481919527053833,-0.2725326418876648,-0.03848178139588754,-0.03215688467025757,-0.19591271877288818,-0.028157228740667506,-0.0037607550621032715,-0.176771342754364,-0.011928905869638129,0.06195753812789917,-0.22129225730895996,-0.02922722710928838,-0.009055078029632568,-0.24783119559288025,-0.04831826514265458,-0.015289723873138428,-0.1924804151058197,-0.040471604230617686,0.010839104652404785,-0.16894668340682983,-0.027931962298964663,0
0.0,0.0,0.0,-0.062082529067993164,-0.09664130210876465,0.04571445149065312,-0.07966676354408264,-0.16874217987060547,0.05591933664561566,-0.0920758843421936,-0.21519207954406738,0.04953260582567509,-0.07958146929740906,-0.25746092200279236,0.04685990002633389,0.030343174934387207,-0.24936771392822266,0.07490597528101262,-0.047494471073150635,-0.2875627279281616,0.05616230752946194,-0.05351322889328003,-0.2219887375831604,0.03630791094781216,-0.02938854694366455,-0.20150291919708252,0.022267513467681965,0.04128378629684448,-0.24400758743286133,0.03554427859069165,-0.0480118989944458,-0.2851369082927704,0.012617993659091553,-0.05217355489730835,-0.2129456102848053,0.0009113369991382569,-0.021229565143585205,-0.19104933738708496,-0.0030429479417080074,0.04203242063522339,-0.23756647109985352,-0.006325259314166942,-0.04790163040161133,-0.27827784419059753,-0.021675977365362087,-0.05452078580856323,-0.2049930989742279,-0.013171905161129871,-0.022227764129638672,-0.18436646461486816,-0.006303564620452562,0.03499943017959595,-0.22675246000289917,-0.047101413340556064,-0.04358112812042236,-0.249542236328125,-0.05591787907599155,-0.04713273048400879,-0.19400906562805176,-0.048836940408932605,-0.01811617612838745,-0.17146939039230347,-0.04154773566244785,0
0.0,0.0,0.0,-0.06397455930709839,-0.07300972938537598,-0.0028130448083629744,-0.09328022599220276,-0.1479894518852234,-0.01057330739081408,-0.10006433725357056,-0.20831310749053955,-0.02445101492435242,-0.07551220059394836,-0.25091642141342163,-0.031221957284515156,-0.00045174360275268555,-0.2474120557308197,0.027102538045937763,-0.0589013397693634,-0.2888815104961395,-0.004850680812751307,-0.06481093168258667,-0.2214476466178894,-0.025558325800602688,-0.0385013222694397,-0.1978636085987091,-0.03739385806352402,0.01997828483581543,-0.2461940050125122,0.012925310653145061,-0.04909735918045044,-0.2862410545349121,-0.026738250035350575,-0.052543699741363525,-0.21062156558036804,-0.03550598524839188,-0.02216196060180664,-0.1887088418006897,-0.031530549156968846,0.03658324480056763,-0.24137315154075623,-0.007641652006213917,-0.039832890033721924,-0.277912437915802,-0.041859415698354496,-0.043729543685913086,-0.20348253846168518,-0.03191175811321045,-0.012641489505767822,-0.17954397201538086,-0.0159827986392429,0.04689764976501465,-0.22483566403388977,-0.030514001253550305,-0.028805136680603027,-0.2461824119091034,-0.05347711719900872,-0.02919226884841919,-0.19297385215759277,-0.0495561411264589,0.00017321109771728516,-0.16735166311264038,-0.03917281829149033,0
0.0,0.0,0.0,-0.07444757223129272,-0.04285240173339844,-0.007183872916414202,-0.12697267532348633,-0.1163601279258728,-0.013174219810082377,-0.12606561183929443,-0.1982404589653015,-0.02517448906661457,-0.09455934166908264,-0.2585696578025818,-0.03226110880137867,-0.0923478901386261,-0.21128195524215698,0.02507786470590645,-0.12449908256530762,-0.2737986445426941,-0.009028939352049292,-0.11949402093887329,-0.2038554549217224,-0.02660355699123329,-0.0993567705154419,-0.17609143257141113,-0.032965851769461096,-0.0561407208442688,-0.22273701429367065,0.015035223394022523,-0.08896416425704956,-0.2826218903064728,-0.019908467129482688,-0.08719983696937561,-0.19887101650238037,-0.024978726924075545,-0.06604975461959839,-0.17815417051315308,-0.01697202009023613,-0.017606616020202637,-0.22515112161636353,-0.0023754451504487406,-0.05167728662490845,-0.2841072976589203,-0.037487981662764014,-0.05384039878845215,-0.19509929418563843,-0.025566015214337767,-0.0329744815826416,-0.16688776016235352,-0.005647133391960324,0.028208017349243164,-0.21895736455917358,-0.021278807715191306,-0.01509714126586914,-0.2588539719581604,-0.03960222174288219,-0.02363574504852295,-0.19510364532470703,-0.028130510643734397,-0.007357776165008545,-0.16726839542388916,-0.01228349824310726,0
0.0,0.0,0.0,-0.07026088237762451,-0.03321629762649536,-0.01648917103096892,-0.13133618235588074,-0.11197400093078613,-0.02576335946008612,-0.11889022588729858,-0.2027524709701538,-0.03851801955983092,-0.06455737352371216,-0.24851658940315247,-0.045203075352162614,-0.11783289909362793,-0.21076881885528564,0.006871384494900212,-0.1501556634902954,-0.27432385087013245,-0.032851640674323335,-0.13022255897521973,-0.1961635947227478,-0.052588470819443955,-0.11005738377571106,-0.1711755394935608,-0.06086520904585768,-0.07309705018997192,-0.22760003805160522,-0.0014252471309532666,-0.10088315606117249,-0.2916787564754486,-0.03847557732746054,-0.08875787258148193,-0.20024454593658447,-0.03989747965619017,-0.07406306266784668,-0.18635809421539307,-0.030071506816000237,-0.027157068252563477,-0.23001793026924133,-0.017773125859946504,-0.04966235160827637,-0.2926783561706543,-0.054583374950141206,-0.0475577712059021,-0.19850438833236694,-0.037690345737189546,-0.03604036569595337,-0.17681235074996948,-0.014695878679901853,0.02353799343109131,-0.22270476818084717,-0.03671411478802611,-0.0050771236419677734,-0.27086663246154785,-0.054880489203185334,-0.011203110218048096,-0.20487993955612183,-0.03928202817127158,-0.0027050375938415527,-0.17820918560028076,-0.021147488224357858,0
0.0,0.0,0.0,-0.0672602653503418,-0.03195065259933472,-0.026096533941540656,-0.11975270509719849,-0.1052808165550232,-0.0406587663613891,-0.09337842464447021,-0.1881381869316101,-0.05692249718538278,-0.04062998294830322,-0.23441082239151,-0.0654521118425464,-0.131340891122818,-0.19513815641403198,-0.002815477041963277,-0.15163317322731018,-0.27202272415161133,-0.046580882700595794,-0.12541648745536804,-0.19385749101638794,-0.06735249418250078,-0.11007198691368103,-0.1632670760154724,-0.07539597708216661,-0.08382230997085571,-0.21728000044822693,-0.007860604631218848,-0.09754183888435364,-0.2901645004749298,-0.04808351207009309,-0.08022481203079224,-0.19869518280029297,-0.050646813543949065,-0.07360988855361938,-0.1826314926147461,-0.042249778243217406,-0.034438371658325195,-0.2230840027332306,-0.021853823172364173,-0.03795742988586426,-0.2932053208351135,-0.05957418862215036,-0.035168468952178955,-0.20303097367286682,-0.04428274366489404,-0.03591334819793701,-0.18213486671447754,-0.023665813686761794,0.016553759574890137,-0.21593216061592102,-0.039509693118247924,0.007894575595855713,-0.26343822479248047,-0.057143470230016646,0.002272188663482666,-0.20237359404563904,-0.04308948475352281,0.0005199909210205078,-0.1781347393989563,-0.027223505037341056,0
0.0,0.0,0.0,-0.05384957790374756,-0.01570749282836914,-0.05312883379397704,-0.08359205722808838,-0.08089518547058105,-0.08059597285924269,-0.041634440422058105,-0.1585584282875061,-0.09974448653397872,0.002689361572265625,-0.20827841758728027,-0.10853397371707274,-0.12945717573165894,-0.20436644554138184,-0.04528108137188269,-0.10642355680465698,-0.23708224296569824,-0.08616787465749098,-0.08101785182952881,-0.1684792935848236,-0.10484553399024321,-0.07908803224563599,-0.14398300647735596,-0.11496913703618361,-0.0841444730758667,-0.23326513171195984,-0.036530836396792665,-0.04996383190155029,-0.25856921076774597,-0.07761382582125975,-0.029706716537475586,-0.17966806888580322,-0.08444136651692702,-0.044536471366882324,-0.16336965560913086,-0.08247942748008086,-0.03767317533493042,-0.24164098501205444,-0.03549100729165389,0.0015373826026916504,-0.26054733991622925,-0.07467092099128081,0.012679696083068848,-0.19188958406448364,-0.06752946498332335,-0.009096801280975342,-0.17998006939888,-0.055757830762246385,0.006768226623535156,-0.23280954360961914,-0.039689554744342104,0.03924041986465454,-0.2517607808113098,-0.06709783794818236,0.0419270396232605,-0.20442324876785278,-0.06466502966819121,0.019904375076293945,-0.1867501437664032,-0.05697423117695166,0
0.0,0.0,0.0,0.06856837868690491,0.018414855003356934,-0.03724029658633299,0.16564911603927612,-0.024519801139831543,-0.05568707732754774,0.18378204107284546,-0.12911346554756165,-0.06922918556529112,0.14712929725646973,-0.21070748567581177,-0.07343938945132322,0.1867588758468628,-0.1768704056739807,-0.02212478963929243,0.23465615510940552,-0.1749817132949829,-0.05859515814381666,0.18877094984054565,-0.09467846155166626,-0.0707483291466815,0.16438418626785278,-0.09904909133911133,-0.07756278662282057,0.14257067441940308,-0.23071134090423584,-0.022591385974465084,0.18261677026748657,-0.21064209938049316,-0.06163344903188772,0.1379660964012146,-0.11457908153533936,-0.06671173123913832,0.12171226739883423,-0.137304425239563,-0.06297898290949888,0.09374117851257324,-0.24945950508117676,-0.029362440093336772,0.12164941430091858,-0.20463478565216064,-0.07573980836468763,0.09051066637039185,-0.11007696390151978,-0.06584365664321012,0.07512268424034119,-0.13425034284591675,-0.05039176715808935,0.04252272844314575,-0.25322067737579346,-0.03828199951249189,0.07072913646697998,-0.1955263614654541,-0.06940279899436064,0.0556950569152832,-0.12790197134017944,-0.06150323896008558,0.04002830386161804,-0.1495295763015747,-0.04900283364850111,0
0.0,0.0,0.0,0.07730990648269653,0.006669402122497559,-0.03562641536530009,0.16709381341934204,-0.04872685670852661,-0.05536506345208636,0.18005067110061646,-0.15013879537582397,-0.07151889076169482,0.14335381984710693,-0.22794395685195923,-0.07864428331788531,0.17421531677246094,-0.2259138822555542,-0.01916278546389094,0.2258702516555786,-0.20938801765441895,-0.06350836178000918,0.18426024913787842,-0.12607979774475098,-0.08329127004083148,0.15415537357330322,-0.12723517417907715,-0.09364741315778247,0.12361496686935425,-0.27320778369903564,-0.022648029231390865,0.16791635751724243,-0.2337968945503235,-0.06771277656491748,0.12870889902114868,-0.13314896821975708,-0.0768297391169881,0.1089840829372406,-0.15369051694869995,-0.0743955971830701,0.07185977697372437,-0.2815081477165222,-0.03319227715667239,0.10740825533866882,-0.21457386016845703,-0.0841321574681615,0.07971879839897156,-0.11997926235198975,-0.07705102136071673,0.06094345450401306,-0.14666879177093506,-0.06204788034494868,0.020515143871307373,-0.2714846134185791,-0.045982565932831676,0.0574154257774353,-0.20316419005393982,-0.07966218908961764,0.04228296875953674,-0.13664346933364868,-0.07315640171702853,0.023274928331375122,-0.159714013338089,-0.06058739518459788,0
0.0,0.0,0.0,0.07556849718093872,-0.01237577199935913,-0.03570686249923938,0.15459880232810974,-0.07847398519515991,-0.057330581982853346,0.17092707753181458,-0.17564916610717773,-0.07587756930780643,0.14066991209983826,-0.25194495916366577,-0.0866244357724213,0.13702097535133362,-0.25853022933006287,-0.021720783476951055,0.19303902983665466,-0.24333107471466064,-0.06417736380291217,0.16435417532920837,-0.15769153833389282,-0.08320102809858554,0.13265100121498108,-0.15157097578048706,-0.09221453188848727,0.08755883574485779,-0.29086044430732727,-0.024288328056456976,0.14251264929771423,-0.2510504126548767,-0.06482738225651019,0.11397713422775269,-0.14853110909461975,-0.07137083231401675,0.08842313289642334,-0.1608799397945404,-0.0684674453635239,0.04051664471626282,-0.290015310049057,-0.03369182689976924,0.0967288613319397,-0.23295408487319946,-0.081944346119883,0.07485532760620117,-0.13763585686683655,-0.07405754147958987,0.04822626709938049,-0.15200918912887573,-0.05884727432322734,-0.005606859922409058,-0.2704838514328003,-0.045240364660742216,0.054158419370651245,-0.21424400806427002,-0.07761093943310016,0.04261898994445801,-0.14783009886741638,-0.07002747773123019,0.015276581048965454,-0.15768003463745117,-0.056810572435381346,0
0.0,0.0,0.0,0.08273521065711975,-0.02723073959350586,-0.028525473540980784,0.14531800150871277,-0.09391522407531738,-0.048992956048209635,0.16586175560951233,-0.1753976047039032,-0.07003909162278887,0.15710633993148804,-0.25157856941223145,-0.08208383432622668,0.10907524824142456,-0.2734396457672119,-0.007425754322071043,0.17146173119544983,-0.26638174057006836,-0.055422527706582514,0.15854308009147644,-0.1840495765209198,-0.0756113957523894,0.13388845324516296,-0.16766366362571716,-0.0823410134672713,0.06670215725898743,-0.2969204783439636,-0.01358742917921063,0.13669922947883606,-0.2613075375556946,-0.06060905194874522,0.1146993339061737,-0.15880101919174194,-0.06575270555015322,0.09086686372756958,-0.16489815711975098,-0.05790862998958346,0.028217852115631104,-0.2926163375377655,-0.028096837913949457,0.09507372975349426,-0.2290150225162506,-0.07869758269782778,0.07590624690055847,-0.13894414901733398,-0.06931040993924853,0.051388949155807495,-0.14962470531463623,-0.05049319005604502,-0.0059417784214019775,-0.26826900243759155,-0.04517807251806971,0.05748435854911804,-0.2082081437110901,-0.0756542514919829,0.046035170555114746,-0.14805665612220764,-0.06841026804443118,0.018668919801712036,-0.15619251132011414,-0.05435092932577845,0
0.0,0.0,0.0,0.08388382196426392,-0.02790999412536621,-0.027060285033712717,0.14670395851135254,-0.09879827499389648,-0.04546501283539328,0.16678398847579956,-0.18237453699111938,-0.06453393568290267,0.160125732421875,-0.2589408755302429,-0.07460405101073775,0.10948702692985535,-0.27231475710868835,-0.003974025892148347,0.17510098218917847,-0.27212706208229065,-0.051335668014417024,0.15781018137931824,-0.18697544932365417,-0.07301854510797057,0.12960657477378845,-0.16907230019569397,-0.08150314708245787,0.06663385033607483,-0.2929224371910095,-0.010128576131592126,0.1371513307094574,-0.262802392244339,-0.05677781795156989,0.11583435535430908,-0.16209179162979126,-0.06406256725085768,0.09222224354743958,-0.16449779272079468,-0.05870613251818213,0.029129087924957275,-0.2872474193572998,-0.024639174165258737,0.09877258539199829,-0.22831889986991882,-0.07336135377181563,0.07916176319122314,-0.1407025158405304,-0.0653052719403604,0.053586870431900024,-0.14932245016098022,-0.04829321597708258,-0.002795398235321045,-0.2634461522102356,-0.041758356439004274,0.06349971890449524,-0.20556384325027466,-0.0709616633225778,0.051042377948760986,-0.14772146940231323,-0.06509100814355406,0.022740423679351807,-0.15577837824821472,-0.052706921296248765,0
0.0,0.0,0.0,0.07932788133621216,-0.016231179237365723,-0.029466482101184965,0.1507694125175476,-0.07783174514770508,-0.050018664671284796,0.1772724688053131,-0.1581415832042694,-0.07114173866639817,0.1626499593257904,-0.23252755403518677,-0.08427229918370926,0.1313847005367279,-0.2574678957462311,-0.010544642096562029,0.19380512833595276,-0.2546631693840027,-0.05959211684594834,0.1768522560596466,-0.17995721101760864,-0.08304268516431534,0.1491931974887848,-0.16342413425445557,-0.09222090639005387,0.08701908588409424,-0.2861631512641907,-0.01613830424676621,0.14886993169784546,-0.24612891674041748,-0.06323705263267243,0.12283852696418762,-0.15023157000541687,-0.07232744641433442,0.09916913509368896,-0.1576026976108551,-0.06824335850606644,0.04563194513320923,-0.2854234576225281,-0.02975192874501431,0.10409390926361084,-0.2169272005558014,-0.07952949054370606,0.0809837281703949,-0.13279077410697937,-0.07303008086810792,0.056035012006759644,-0.1454850733280182,-0.05708896763454163,0.005917191505432129,-0.26603466272354126,-0.04606632165442193,0.06424865126609802,-0.19760796427726746,-0.07685067899356568,0.05047732591629028,-0.14057794213294983,-0.07166871823201859,0.023936986923217773,-0.15149742364883423,-0.0593725407851764,0
0.0,0.0,0.0,0.07982766628265381,-0.012324690818786621,-0.03247599141658952,0.1520337462425232,-0.07192599773406982,-0.05369973020614793,0.1778436303138733,-0.15196764469146729,-0.07398936735452821,0.16576874256134033,-0.2264895737171173,-0.08502484695972612,0.13554394245147705,-0.25513795018196106,-0.015401417631522918,0.19934242963790894,-0.2448194921016693,-0.06390971528352907,0.1727452576160431,-0.16422364115715027,-0.08663237677873781,0.1431524157524109,-0.15066015720367432,-0.09662512527765443,0.09209275245666504,-0.28599944710731506,-0.019713506344572806,0.15431752800941467,-0.23879137635231018,-0.06781992899240663,0.1236720085144043,-0.14578646421432495,-0.077074086535589,0.10218101739883423,-0.15380367636680603,-0.07372868644060304,0.05063307285308838,-0.2857874631881714,-0.03201979981722047,0.1077871322631836,-0.20816537737846375,-0.08050637530149629,0.08126771450042725,-0.12873733043670654,-0.07416315959753206,0.05900728702545166,-0.14508473873138428,-0.05952159525813272,0.012070059776306152,-0.26610609889030457,-0.04757373990477731,0.06739464402198792,-0.18752360343933105,-0.07789957361282518,0.05065739154815674,-0.13436192274093628,-0.07451072918237855,0.02538120746612549,-0.1498304307460785,-0.06443108456196,0
0.0,0.0,0.0,0.07722684741020203,0.015971839427947998,-0.03628802987367408,0.16259697079658508,-0.016942262649536133,-0.06134948822290198,0.19835853576660156,-0.08819037675857544,-0.08409823047549025,0.1803055703639984,-0.16442370414733887,-0.09763814824253814,0.18143528699874878,-0.21864452958106995,-0.02084537910849349,0.24186360836029053,-0.1775120496749878,-0.07291308360726134,0.19907206296920776,-0.102606862783432,-0.10234768258959548,0.16507017612457275,-0.10128507018089294,-0.11849466281563537,0.1391843557357788,-0.26367008686065674,-0.024745463753049535,0.18939998745918274,-0.18130451440811157,-0.07240849303633468,0.14462104439735413,-0.10007691383361816,-0.08611660766035811,0.12104973196983337,-0.11813735961914062,-0.0888077648225476,0.09341564774513245,-0.2699322998523712,-0.03668750392824904,0.13564777374267578,-0.16741764545440674,-0.0816593648734738,0.10199084877967834,-0.0960625410079956,-0.07636113780171172,0.08143845200538635,-0.12071409821510315,-0.06597492414147155,0.04870215058326721,-0.2541404664516449,-0.05260321068197982,0.0878252387046814,-0.15451395511627197,-0.0803558336439778,0.06599980592727661,-0.10519978404045105,-0.07800106274515883,0.04355579614639282,-0.1289840042591095,-0.07072651701599852,0
0.0,0.0,0.0,0.07295030355453491,0.03361475467681885,-0.03148797503354217,0.16443154215812683,0.01827394962310791,-0.05237212753536369,0.20226624608039856,-0.054041922092437744,-0.0715465915823188,0.18849053978919983,-0.13436201214790344,-0.08241068548204566,0.215824156999588,-0.1551046371459961,-0.016566080736538424,0.2622270882129669,-0.10727590322494507,-0.06427501118423606,0.21009936928749084,-0.0493350625038147,-0.09080763137581016,0.17307883501052856,-0.05014616250991821,-0.10474482900144721,0.17990633845329285,-0.21637582778930664,-0.021435443075915828,0.20435693860054016,-0.13513368368148804,-0.06583321070911552,0.1513444483280182,-0.06922775506973267,-0.07890474027635719,0.1300995647907257,-0.08791729807853699,-0.08080920553447868,0.13476628065109253,-0.2395230233669281,-0.03360884985568191,0.14921849966049194,-0.13765591382980347,-0.07708684331419136,0.10727474093437195,-0.07578986883163452,-0.07323463982584144,0.09122341871261597,-0.10113537311553955,-0.06340935057642128,0.08638519048690796,-0.24112612009048462,-0.04912588349225189,0.10064053535461426,-0.1369086503982544,-0.07725997990610267,0.07349315285682678,-0.09318289160728455,-0.07570178783180381,0.05891251564025879,-0.12231424450874329,-0.0686033365750518,0
0.0,0.0,0.0,0.06073978543281555,0.05029928684234619,-0.0415468532049772,0.15541324019432068,0.0629262924194336,-0.06658619078041284,0.1979665756225586,-0.015400707721710205,-0.08770112874151437,0.1858941912651062,-0.11235901713371277,-0.09904774459243981,0.23200929164886475,-0.07806235551834106,-0.024164356237065476,0.2681281566619873,-0.04877689480781555,-0.07490419777275292,0.20328682661056519,0.0017902851104736328,-0.10075400205494134,0.17438462376594543,-0.004979372024536133,-0.11466000409961907,0.20414113998413086,-0.1516321897506714,-0.025188110714566392,0.2184516191482544,-0.10781043767929077,-0.07622654916883675,0.15473732352256775,-0.0437299907207489,-0.08846894087434976,0.14456245303153992,-0.0620151162147522,-0.08787174703718392,0.1615687906742096,-0.19289356470108032,-0.03461518692017762,0.15676692128181458,-0.12861594557762146,-0.08369141997934548,0.10844191908836365,-0.06222370266914368,-0.07567200990558831,0.10270160436630249,-0.08475986123085022,-0.0616806949877855,0.11272081732749939,-0.2183184027671814,-0.04815860646010606,0.10149472951889038,-0.1378488540649414,-0.08049219282509057,0.07342517375946045,-0.09096908569335938,-0.07831670524717538,0.07317546010017395,-0.11827564239501953,-0.07004136027933328,0
0.0,0.0,0.0,0.057517170906066895,0.0535091757774353,-0.05660242735828547,0.14378219842910767,0.06774383783340454,-0.08640309199179796,0.1828310787677765,-0.020215094089508057,-0.10979153736914782,0.1802147626876831,-0.12218359112739563,-0.12141655906523852,0.24621030688285828,-0.03378653526306152,-0.030838230247155707,0.2678450644016266,-0.04378753900527954,-0.0855727322348514,0.19491013884544373,0.008571028709411621,-0.11320523693646578,0.17820817232131958,0.014312207698822021,-0.12713681682433275,0.22290262579917908,-0.10955187678337097,-0.02601753323759226,0.22910091280937195,-0.11003333330154419,-0.08095962330187945,0.1595543622970581,-0.04232347011566162,-0.09276916607703356,0.15904730558395386,-0.04459506273269653,-0.08986291065301089,0.18241411447525024,-0.16390091180801392,-0.031783917541162054,0.1687350571155548,-0.15487414598464966,-0.0880638040551105,0.11358970403671265,-0.07966229319572449,-0.07879146709527163,0.11749133467674255,-0.07662302255630493,-0.06080035268749384,0.1347370147705078,-0.20816633105278015,-0.04255551993335871,0.11291995644569397,-0.17715060710906982,-0.07768431081856875,0.08195099234580994,-0.1151653528213501,-0.07150275781239657,0.09100255370140076,-0.10699000954627991,-0.05830927341665415,0
0.0,0.0,0.0,0.0531620979309082,0.05397671461105347,-0.062242164845770276,0.13669675588607788,0.056326329708099365,-0.09286800363213388,0.15877839922904968,-0.048020750284194946,-0.1143961731448826,0.15553468465805054,-0.14497077465057373,-0.12304345854670373,0.23851364850997925,-0.036777496337890625,-0.04222277143151132,0.2520197033882141,-0.052195966243743896,-0.09917332568318216,0.18412518501281738,0.006184816360473633,-0.12619611957222787,0.17445164918899536,0.012282133102416992,-0.13961744644791452,0.21585077047348022,-0.11307603120803833,-0.03359799423367349,0.21060234308242798,-0.11474937200546265,-0.0884092409268078,0.14503929018974304,-0.042137861251831055,-0.09827256539017526,0.1546773612499237,-0.049449652433395386,-0.0949397493258175,0.17586469650268555,-0.16566962003707886,-0.03593996876031724,0.1469765603542328,-0.14908713102340698,-0.08971534260660974,0.09890943765640259,-0.07397907972335815,-0.07998713442236749,0.11647987365722656,-0.0782974362373352,-0.06363834031969873,0.1307840347290039,-0.2068697214126587,-0.04409184643179742,0.09403932094573975,-0.16415515542030334,-0.07602379062325326,0.06704980134963989,-0.10601434111595154,-0.07120472529084054,0.08278322219848633,-0.10920345783233643,-0.06075590812713472,0
0.0,0.0,0.0,0.037343233823776245,0.0476762056350708,-0.06685455628112891,0.10374850034713745,0.03810018301010132,-0.09749938287214377,0.12016338109970093,-0.06980371475219727,-0.11701412983612158,0.11865237355232239,-0.15955236554145813,-0.12421157695726492,0.2085428237915039,-0.009758472442626953,-0.04370398559049704,0.20238429307937622,-0.05616581439971924,-0.09646057077125647,0.15185225009918213,-0.01119983196258545,-0.11938854791597464,0.14944082498550415,0.01347196102142334,-0.12896041311697104,0.18783438205718994,-0.07640844583511353,-0.0316278461404238,0.17818552255630493,-0.12294691801071167,-0.08874372132495978,0.12016540765762329,-0.059584200382232666,-0.09801878519729712,0.12882307171821594,-0.04084986448287964,-0.09089553840831854,0.15226644277572632,-0.12955299019813538,-0.030403536934414888,0.12608695030212402,-0.1696861982345581,-0.09171174206213095,0.07682868838310242,-0.10015761852264404,-0.08369807638601401,0.09148576855659485,-0.07715418934822083,-0.06325582899526694,0.11041077971458435,-0.17581042647361755,-0.03428051732853987,0.08665284514427185,-0.18951794505119324,-0.07375520952419379,0.056060075759887695,-0.1364530622959137,-0.06882086880878546,0.06789916753768921,-0.11730301380157471,-0.05464856438712218,0
0.0,0.0,0.0,0.04614102840423584,0.034946322441101074,-0.060149796594558325,0.1270463466644287,0.0016750693321228027,-0.08269616990226325,0.14539077877998352,-0.11239990592002869,-0.09759569196837958,0.1443527340888977,-0.20051836967468262,-0.09988186537164268,0.20260459184646606,-0.04480856657028198,-0.018643979270635214,0.23844128847122192,-0.08936581015586853,-0.07406390487092551,0.1896357536315918,-0.03399229049682617,-0.1013008656992298,0.16741573810577393,-0.00977480411529541,-0.11036671726840552,0.17310452461242676,-0.10234540700912476,-0.007883211885271635,0.20755445957183838,-0.14396974444389343,-0.06527397065299567,0.15139123797416687,-0.06930238008499146,-0.07942458270925101,0.14744654297828674,-0.05545252561569214,-0.07292081444400367,0.1324027180671692,-0.14524680376052856,-0.009400756385801401,0.14788728952407837,-0.1802755892276764,-0.0718959870828968,0.10047227144241333,-0.10156255960464478,-0.06732364027637061,0.10319218039512634,-0.08663350343704224,-0.0457232746376377,0.08574330806732178,-0.180137038230896,-0.015224578146515455,0.0993989109992981,-0.18824487924575806,-0.05202994896906432,0.0724535882472992,-0.1322503685951233,-0.044383105178056326,0.07260522246360779,-0.12219962477684021,-0.02761128573554572,0
0.0,0.0,0.0,0.07107770442962646,0.005335390567779541,-0.03223473461105186,0.15516164898872375,-0.042125403881073,-0.04102615149452049,0.18228641152381897,-0.1368822455406189,-0.048271569178837126,0.1760343611240387,-0.21810606122016907,-0.04467193292214233,0.18693307042121887,-0.09576958417892456,0.008145774027866537,0.24567338824272156,-0.13938573002815247,-0.03198091568185646,0.19695916771888733,-0.0854407250881195,-0.04928684489561874,0.17421600222587585,-0.07356896996498108,-0.05362486721708137,0.15326198935508728,-0.1369745135307312,0.008653414680225069,0.20393553376197815,-0.1747855544090271,-0.029511934833067244,0.15128427743911743,-0.10248914361000061,-0.03585744531585533,0.1428925096988678,-0.10654324293136597,-0.0291196692152198,0.11409342288970947,-0.16708239912986755,-0.0002850996853567267,0.15002891421318054,-0.19210657477378845,-0.04455656068159897,0.10972437262535095,-0.11388006806373596,-0.0338268789811309,0.10535654425621033,-0.11933398246765137,-0.013948132970767801,0.07113483548164368,-0.19298860430717468,-0.011571452708381003,0.10103678703308105,-0.1970531940460205,-0.03304234402014572,0.07830810546875,-0.14286929368972778,-0.017270873056190794,0.06712785363197327,-0.148128479719162,0.001100817124893183,0
0.0,0.0,0.0,0.07873162627220154,-0.007082998752593994,-0.009644205886928603,0.1438177227973938,-0.06567150354385376,-0.005712793413607642,0.1627470850944519,-0.15057900547981262,-0.004790065083710715,0.15036791563034058,-0.21929898858070374,0.0026727479695694,0.1513715386390686,-0.09601342678070068,0.044016382452042535,0.19964855909347534,-0.1354159712791443,0.022773996721895173,0.17935186624526978,-0.09279090166091919,0.00983125602820678,0.15981954336166382,-0.08056747913360596,0.0058556709251718075,0.11974403262138367,-0.13566014170646667,0.03942237680772109,0.16478705406188965,-0.18126705288887024,0.015647391583712533,0.1326819360256195,-0.11406078934669495,0.004518205095024541,0.11403650045394897,-0.10814189910888672,0.006164883058460191,0.08226272463798523,-0.16521397233009338,0.027956983800919488,0.12360858917236328,-0.19766443967819214,-0.004706626497267052,0.09432229399681091,-0.11930924654006958,-0.0009635633044524639,0.07571837306022644,-0.1170794665813446,0.012633799370320276,0.03995153307914734,-0.19048213958740234,0.016530853491218522,0.08400949835777283,-0.1977338194847107,0.0003880131104381235,0.06488439440727234,-0.14563611149787903,0.012830124031694368,0.04506674408912659,-0.14811715483665466,0.027799923699291185,0
0.0,0.0,0.0,0.07001310586929321,-0.007340878248214722,-0.013111562325775594,0.11955457925796509,-0.06280145049095154,-0.013127125657319993,0.11856302618980408,-0.14975833892822266,-0.015375960475921602,0.09569355845451355,-0.20106929540634155,-0.01334500577968356,0.11462169885635376,-0.10309410095214844,0.032121943452239066,0.14343690872192383,-0.14042982459068298,0.010645170838415652,0.13435012102127075,-0.09693962335586548,-0.002941221787750692,0.12092804908752441,-0.07986178994178772,-0.008294852308154077,0.08037823438644409,-0.13092750310897827,0.028931554549217253,0.11100226640701294,-0.17547652125358582,0.0020797517177015834,0.09524315595626831,-0.10935661196708679,-0.011306268020689458,0.07649654150009155,-0.09093603491783142,-0.011376302546977968,0.04325079917907715,-0.1492493748664856,0.019905083023786574,0.07412263751029968,-0.17670965194702148,-0.018037212870240182,0.05784320831298828,-0.09938874840736389,-0.01715012998056409,0.03768858313560486,-0.08401155471801758,-0.003361419632256002,0.0002484917640686035,-0.16254225373268127,0.011096494414687186,0.03873634338378906,-0.1742452085018158,-0.012948152466833562,0.030643850564956665,-0.1211184561252594,-0.005509096986770601,0.01229807734489441,-0.11295458674430847,0.007769928456127673,0
0.0,0.0,0.0,0.07000431418418884,-0.013997375965118408,-0.017751972430616547,0.1157335638999939,-0.08611363172531128,-0.021217652836114098,0.10607361793518066,-0.17380261421203613,-0.025621637010246445,0.07774457335472107,-0.22620779275894165,-0.025318957173496415,0.09530213475227356,-0.13797584176063538,0.01708641903731234,0.12817740440368652,-0.19117006659507751,-0.010260659509569336,0.12284046411514282,-0.13634702563285828,-0.023760157876878907,0.10725420713424683,-0.11238306760787964,-0.027407444321781327,0.05942001938819885,-0.15716955065727234,0.015618424623042415,0.09113520383834839,-0.21205037832260132,-0.0167985328074991,0.08296996355056763,-0.13371425867080688,-0.02881490370002382,0.0637693703174591,-0.11401301622390747,-0.026575076633363892,0.021809667348861694,-0.16553789377212524,0.008338986656397651,0.056649088859558105,-0.20056521892547607,-0.03317348403599851,0.04704099893569946,-0.11328548192977905,-0.029571601429253747,0.023579537868499756,-0.09866824746131897,-0.013431224280267884,-0.02158379554748535,-0.17237231135368347,0.0012543977869228229,0.02077236771583557,-0.1920076310634613,-0.023275870138078858,0.018323957920074463,-0.1360689103603363,-0.013824708999365498,-0.002251565456390381,-0.1290844976902008,0.0008410512169376716,0
0.0,0.0,0.0,0.05756348371505737,-0.00574907660484314,-0.029859059677022515,0.12303170561790466,-0.06649833917617798,-0.04731956422378403,0.1305895447731018,-0.14887407422065735,-0.061518962681788025,0.11112439632415771,-0.2137090563774109,-0.06736177131583077,0.10800260305404663,-0.2167189121246338,-0.016721218079823075,0.1584564447402954,-0.2104474902153015,-0.05268679857303482,0.1361052393913269,-0.1348957121372223,-0.0662407718603788,0.10667580366134644,-0.12740695476531982,-0.07235534414698463,0.06636366248130798,-0.24404588341712952,-0.018920767307776032,0.11765110492706299,-0.21831753849983215,-0.05377383455683571,0.09664106369018555,-0.12522181868553162,-0.05655936822344643,0.07282939553260803,-0.13629940152168274,-0.0523131333296476,0.027168631553649902,-0.2414708137512207,-0.02734529152562004,0.07639169692993164,-0.20057350397109985,-0.06770147308756691,0.06152844429016113,-0.11195799708366394,-0.05621966645171028,0.03640821576118469,-0.12288409471511841,-0.04120499193717819,-0.010576486587524414,-0.22176167368888855,-0.0379778549080072,0.039320021867752075,-0.17731818556785583,-0.06515373960186821,0.02994629740715027,-0.11547768115997314,-0.05754449144055229,0.0032086968421936035,-0.1237843930721283,-0.04636840820361954,0
0.0,0.0,0.0,0.06931811571121216,0.013371884822845459,-0.030796117359273012,0.13411971926689148,-0.0015434026718139648,-0.05847692417489725,0.15582484006881714,-0.04021722078323364,-0.08427688034760195,0.12169915437698364,-0.08834221959114075,-0.10380731823431688,0.1535557508468628,-0.2174680233001709,-0.03438683527099329,0.2025957703590393,-0.13296890258789062,-0.07834934743630129,0.16296625137329102,-0.07520309090614319,-0.10783500524746614,0.13632425665855408,-0.08316120505332947,-0.12797340306030947,0.10655578970909119,-0.24388712644577026,-0.04149227144705492,0.15431833267211914,-0.13072726130485535,-0.08055316957222658,0.1204652488231659,-0.07522547245025635,-0.09370012136685091,0.10149022936820984,-0.08397731184959412,-0.10114752801644045,0.05754321813583374,-0.23320826888084412,-0.05357531386005121,0.09971314668655396,-0.11369997262954712,-0.08450485321270662,0.07588133215904236,-0.06598207354545593,-0.08055316957222658,0.05989950895309448,-0.08028876781463623,-0.07690545471893984,0.014368772506713867,-0.197906494140625,-0.06999000462280947,0.048556506633758545,-0.08685854077339172,-0.0895204574106856,0.033573001623153687,-0.05647033452987671,-0.08990042957054811,0.018711388111114502,-0.0781639814376831,-0.08860852869736391,0
0.0,0.0,0.0,0.07220837473869324,0.030338317155838013,-0.034114157527426414,0.12653639912605286,0.04592880606651306,-0.06714378458235615,0.15189063549041748,0.036608606576919556,-0.09830310356591099,0.13158205151557922,-0.0027716457843780518,-0.12426297527525776,0.17342448234558105,-0.17389360070228577,-0.04649558824274891,0.20610004663467407,-0.057289838790893555,-0.08797900539610737,0.16903150081634521,-0.016565173864364624,-0.11401368093464725,0.1493508517742157,-0.03391978144645691,-0.1321930752393996,0.12537851929664612,-0.19560450315475464,-0.05289204207036846,0.15988582372665405,-0.0483984649181366,-0.08655757617924564,0.12507972121238708,-0.015327483415603638,-0.09658242177937382,0.11296561360359192,-0.0398714542388916,-0.10481176686261051,0.0730597972869873,-0.18288227915763855,-0.0636276022789275,0.10368752479553223,-0.03643369674682617,-0.09044781488154285,0.07935389876365662,-0.01273241639137268,-0.0856598259207999,0.06830784678459167,-0.038998156785964966,-0.08334063899491184,0.02333661913871765,-0.15155670046806335,-0.07907634389374607,0.04898184537887573,-0.03338581323623657,-0.09635798794005268,0.03771239519119263,-0.01847437024116516,-0.09553504896138065,0.028660237789154053,-0.04419815540313721,-0.09441286486361378,0
0.0,0.0,0.0,0.07118943333625793,0.026933223009109497,-0.03605333774317643,0.11456504464149475,0.0583358108997345,-0.07850421278704545,0.12737053632736206,0.0936250388622284,-0.11928903370131394,0.10619544982910156,0.11101499199867249,-0.15594205318917176,0.17009210586547852,-0.11365222930908203,-0.07730465440977952,0.19469010829925537,0.03147205710411072,-0.12222127675045869,0.158551424741745,0.059530168771743774,-0.1427469706438913,0.14213305711746216,0.03547227382659912,-0.15687502979267975,0.11745628714561462,-0.12355589866638184,-0.08536832093228242,0.14722508192062378,0.04710882902145386,-0.1274859762095346,0.11028781533241272,0.056980401277542114,-0.13095136045445344,0.10126659274101257,0.02032443881034851,-0.1338169580601587,0.06273418664932251,-0.1037118136882782,-0.09643086849678895,0.08621907234191895,0.060481756925582886,-0.12955187319744965,0.06423109769821167,0.06292715668678284,-0.12002208142508408,0.05977368354797363,0.026257246732711792,-0.11309133528698823,0.01299375295639038,-0.07265597581863403,-0.11215835123289963,0.03457438945770264,0.059065014123916626,-0.13408352493275544,0.03038698434829712,0.060665518045425415,-0.13315053342808625,0.02993255853652954,0.02814200520515442,-0.13175106107224366,0
0.0,0.0,0.0,0.0655609667301178,0.04552498459815979,-0.033927318813852025,0.110003262758255,0.09513333439826965,-0.08011728635673876,0.12624073028564453,0.15070387721061707,-0.12470363936071749,0.1068108081817627,0.16112855076789856,-0.1653910588348424,0.1730250120162964,-0.06714442372322083,-0.08734920731430407,0.19453692436218262,0.08258670568466187,-0.12891703954582567,0.1563279926776886,0.09716776013374329,-0.14149427524452562,0.14172610640525818,0.06649157404899597,-0.14891485980396624,0.1232750415802002,-0.07051467895507812,-0.09728523454313631,0.15286457538604736,0.10687926411628723,-0.13470256439094896,0.10893705487251282,0.10311958193778992,-0.12891703954582567,0.10503554344177246,0.06458476185798645,-0.1259613644207036,0.07179847359657288,-0.0494820773601532,-0.10935939958935137,0.09301882982254028,0.12203118205070496,-0.13445101788883562,0.061863988637924194,0.10476574301719666,-0.11608822754268999,0.05871358513832092,0.0638715922832489,-0.10596353671198244,0.02463817596435547,-0.021177977323532104,-0.12621291092281695,0.04185837507247925,0.11347630620002747,-0.13998501113300676,0.026704370975494385,0.09724113345146179,-0.13357061258201952,0.02392125129699707,0.05612766742706299,-0.13067785015945788,0
0.0,0.0,0.0,0.06791406869888306,0.030290037393569946,-0.035285679676064774,0.11841660737991333,0.08415460586547852,-0.08699593139482431,0.13781097531318665,0.16343635320663452,-0.1347717065889924,0.12337565422058105,0.1967073678970337,-0.17861300898385934,0.1781134009361267,-0.053624629974365234,-0.11466215742422037,0.19704663753509521,0.11062932014465332,-0.14876094652009897,0.15879026055335999,0.12204372882843018,-0.14688739372087412,0.14335352182388306,0.08989337086677551,-0.1451387424547761,0.12587547302246094,-0.04695412516593933,-0.12465448124004297,0.15675395727157593,0.13821345567703247,-0.15488124085260324,0.11031824350357056,0.130476176738739,-0.1356460322220414,0.10407701134681702,0.08898425102233887,-0.12502919329000406,0.07411894202232361,-0.020321756601333618,-0.1347717065889924,0.09791368246078491,0.15116477012634277,-0.15275788498712473,0.06267455220222473,0.13116711378097534,-0.12509164405656747,0.05481135845184326,0.08983898162841797,-0.11166446847511224,0.02627745270729065,0.012432217597961426,-0.14963527215314798,0.048144012689590454,0.1443387269973755,-0.15737933111978464,0.03370922803878784,0.12906897068023682,-0.14526362908674173,0.029683470726013184,0.09244215488433838,-0.14089200092149667,0
0.0,0.0,0.0,0.06751477718353271,0.02010706067085266,-0.033244675925999445,0.1231507956981659,0.06367272138595581,-0.07874758072856025,0.14589080214500427,0.13591784238815308,-0.12031977900031166,0.13995185494422913,0.17095178365707397,-0.15736167409184532,0.183854877948761,-0.07643246650695801,-0.10579616107705192,0.21112030744552612,0.08405092358589172,-0.13937370755436973,0.17217788100242615,0.0983990728855133,-0.13897396900418357,0.1561659872531891,0.06832772493362427,-0.1377747682547863,0.13534629344940186,-0.06693804264068604,-0.11445702888730125,0.1700182855129242,0.11915868520736694,-0.1455029425835903,0.12534883618354797,0.11024075746536255,-0.12944701590302543,0.11820599436759949,0.0704190731048584,-0.12031977900031166,0.08563899993896484,-0.036288321018218994,-0.12338439651492195,0.11221364140510559,0.13958358764648438,-0.14310454108479576,0.07712465524673462,0.11728215217590332,-0.11898733206751899,0.07050937414169312,0.07845032215118408,-0.10659561582568244,0.03989151120185852,0.0020782649517059326,-0.13637569823029594,0.06358754634857178,0.1379449963569641,-0.14510320403340415,0.04642942547798157,0.11930614709854126,-0.13417718090775566,0.041472554206848145,0.08327007293701172,-0.12964687027695732,0
0.0,0.0,0.0,0.06916114687919617,0.016862064599990845,-0.03278868041043381,0.12596172094345093,0.05629059672355652,-0.08139420813922982,0.15993595123291016,0.1217968761920929,-0.12743247813587288,0.15494519472122192,0.14756527543067932,-0.16899098224048714,0.187049001455307,-0.09383776783943176,-0.10207007593517403,0.22466132044792175,0.054426103830337524,-0.13845962054138283,0.18891635537147522,0.0766136646270752,-0.13852853841190438,0.16894471645355225,0.05273076891899109,-0.1368744648159037,0.13988441228866577,-0.08282867074012756,-0.1128215394080172,0.18798547983169556,0.0929395854473114,-0.14514481789474587,0.13930940628051758,0.09731265902519226,-0.12708788878326516,0.1301364302635193,0.060717880725860596,-0.11537155277137856,0.09321907162666321,-0.04992249608039856,-0.12474462903146843,0.12840193510055542,0.12116381525993347,-0.1447312957704554,0.08995410799980164,0.10774615406990051,-0.11902429676656823,0.08072051405906677,0.06975886225700378,-0.10551605886821847,0.050295859575271606,-0.008084475994110107,-0.14114749199752907,0.07962346076965332,0.12559136748313904,-0.14845295018558602,0.058581769466400146,0.11082640290260315,-0.13646095759277443,0.04996171593666077,0.0740956962108612,-0.13136088616256814,0
0.0,0.0,0.0,0.06602799892425537,0.006132304668426514,-0.014935249484777202,0.12885251641273499,0.014074236154556274,-0.04166378828108286,0.17709562182426453,0.0412844717502594,-0.06834929438650583,0.19627505540847778,0.04745885729789734,-0.09014531972229456,0.1611226499080658,-0.15205702185630798,-0.05712416397750353,0.2314389944076538,-0.028677821159362793,-0.08876799794256662,0.20058616995811462,0.0067708492279052734,-0.09489705415785288,0.18066921830177307,-0.011134743690490723,-0.09785828741610025,0.12938278913497925,-0.13758832216262817,-0.06941670926630472,0.19963687658309937,0.016473591327667236,-0.09820261599838709,0.15687882900238037,0.035685986280441284,-0.09104057403624033,0.14108625054359436,0.0070015788078308105,-0.08711522074758982,0.09493708610534668,-0.09767940640449524,-0.08270780744373774,0.15079936385154724,0.057069242000579834,-0.10384961219847177,0.11086991429328918,0.0613534152507782,-0.08856140079319452,0.09500336647033691,0.028309494256973267,-0.08036637308418726,0.06244596838951111,-0.04783850908279419,-0.09827148171484446,0.10590359568595886,0.07678183913230896,-0.10763723405420755,0.07937443256378174,0.07578012347221375,-0.10116384925663446,0.06368449330329895,0.040453433990478516,-0.09840920569717859,0
0.0,0.0,0.0,0.046744585037231445,-0.06868535280227661,0.0007611367276041392,0.12188315391540527,-0.10462954640388489,-0.012967729160365593,0.19188567996025085,-0.09910863637924194,-0.02679462466555549,0.23366332054138184,-0.0870613157749176,-0.03654160458761169,0.1431216299533844,-0.16154375672340393,-0.0432823311181636,0.23076879978179932,-0.06827881932258606,-0.0641580458374591,0.2034074366092682,-0.034200429916381836,-0.06587591130453063,0.1792818307876587,-0.04506397247314453,-0.06695890534835769,0.13654857873916626,-0.1267659068107605,-0.056763787904557717,0.216109037399292,-0.014208078384399414,-0.07069338221269561,0.18330711126327515,0.005046486854553223,-0.06240284551101638,0.16091519594192505,-0.014007896184921265,-0.059751366415795815,0.1274477243423462,-0.07632219791412354,-0.06916225064712478,0.18512314558029175,0.03758767247200012,-0.0746892701478572,0.15159150958061218,0.044144392013549805,-0.06098374832588149,0.13208401203155518,0.016569703817367554,-0.05683847624975158,0.11796534061431885,-0.01900145411491394,-0.08230760056692077,0.156743586063385,0.07304972410202026,-0.08081381131130172,0.12801626324653625,0.0773041844367981,-0.072709993609962,0.11188393831253052,0.05157601833343506,-0.07028259445148421,0
0.0,0.0,0.0,0.04871547222137451,-0.0792473554611206,0.006323710836682039,0.12258031964302063,-0.09520548582077026,-0.007278196226593536,0.1922692060470581,-0.055758655071258545,-0.02248323959463505,0.23043027520179749,-0.0035904347896575928,-0.03358643193894295,0.13642281293869019,-0.18492504954338074,-0.029172860730227512,0.21545982360839844,-0.11847776174545288,-0.04215627600603966,0.19998976588249207,-0.07841381430625916,-0.043858372319277805,0.17619919776916504,-0.07274916768074036,-0.04548129503780274,0.14455118775367737,-0.13656732439994812,-0.04381878365927605,0.20669016242027283,-0.04055163264274597,-0.04943965812378792,0.17922720313072205,-0.01906225085258484,-0.04591671814375786,0.15275919437408447,-0.03677725791931152,-0.04757922579699425,0.14802509546279907,-0.07374531030654907,-0.056208447266158146,0.19064205884933472,0.013001501560211182,-0.05438760359936623,0.1619635820388794,0.022590547800064087,-0.043106280911501926,0.13788965344429016,0.0005242824554443359,-0.04140419204884438,0.1479487121105194,-0.009197592735290527,-0.06895436038428215,0.17372962832450867,0.054748743772506714,-0.06016680290156273,0.1448083519935608,0.06171414256095886,-0.04738130857401757,0.12318849563598633,0.0439625084400177,-0.041958362508353275,0
0.0,0.0,0.0,0.04003186523914337,-0.1061854362487793,0.009090847063873753,0.11183382570743561,-0.1406337320804596,-0.0011495679308950457,0.18422646820545197,-0.10782366991043091,-0.0114285240805998,0.22601215541362762,-0.05043745040893555,-0.01791373574354793,0.12039051949977875,-0.22793611884117126,-0.028510012935782925,0.20678700506687164,-0.16748616099357605,-0.02927056261518146,0.18382637202739716,-0.12740299105644226,-0.02337117986002113,0.15347956120967865,-0.1286812424659729,-0.020986757513071552,0.13787131011486053,-0.15910708904266357,-0.04026767173030521,0.2060289829969406,-0.10261291265487671,-0.03134665199735309,0.18170739710330963,-0.07549312710762024,-0.023330065693642155,0.15327025949954987,-0.07594349980354309,-0.0236383986584201,0.1528983861207962,-0.08058765530586243,-0.04777036913850452,0.1927574723958969,-0.032990455627441406,-0.03126443111517574,0.16531603038311005,-0.017530322074890137,-0.017358740132237926,0.13600598275661469,-0.02205657958984375,-0.01608430714526321,0.16287262737751007,-0.006470024585723877,-0.05512918093421604,0.18077076971530914,0.02158939838409424,-0.03288830005743648,0.1525566428899765,0.0328599214553833,-0.014491270568157688,0.13058464229106903,0.03198617696762085,-0.006675100691552416,0
0.0,0.0,0.0,0.040887296199798584,-0.12710872292518616,0.012907082478136545,0.10464984178543091,-0.17728471755981445,0.008586686367721086,0.16673973202705383,-0.1586742103099823,0.0026883124677397063,0.1980772316455841,-0.09899994730949402,-0.0006601297342285761,0.13507866859436035,-0.22762498259544373,-0.01484356887397098,0.20541954040527344,-0.19714313745498657,-0.00924446686860847,0.18483081459999084,-0.1653367280960083,-0.0014035480259053656,0.15509670972824097,-0.16464579105377197,0.0022162795370377353,0.15761291980743408,-0.15007612109184265,-0.026335603294342036,0.20922404527664185,-0.1288450062274933,-0.009516533201008315,0.1887330710887909,-0.10942763090133667,-0.00043159499057310313,0.1581343412399292,-0.10634037852287292,-0.00026444491106758505,0.17192259430885315,-0.06684839725494385,-0.033322238100140567,0.1959710419178009,-0.058633953332901,-0.009119316672354216,0.1729567050933838,-0.0467948317527771,0.00483762778583241,0.14469757676124573,-0.044596344232559204,0.0056211755448885015,0.17575228214263916,0.00936877727508545,-0.04015651784595775,0.18641552329063416,4.32133674621582e-05,-0.013494125304191584,0.1632446050643921,0.005793571472167969,0.007389599720568185,0.1418198049068451,0.012030601501464844,0.01753218963983727,0
0.0,0.0,0.0,0.05464795231819153,-0.11496677994728088,0.023529205745603576,0.13121020793914795,-0.14922845363616943,0.031218650093819633,0.18853893876075745,-0.12535569071769714,0.03471803878858282,0.212693989276886,-0.07660651206970215,0.039230404696013466,0.1857413351535797,-0.15502294898033142,0.008852497017528549,0.24698397517204285,-0.12999802827835083,0.020662930137063995,0.2213551104068756,-0.12087240815162659,0.030481934821750656,0.19294890761375427,-0.12170562148094177,0.03593822037294103,0.19075030088424683,-0.07734185457229614,-0.0033147825910191386,0.23706644773483276,-0.06206554174423218,0.02120395404710962,0.21261590719223022,-0.06112787127494812,0.03342879032209112,0.18328899145126343,-0.06035357713699341,0.03501732861116125,0.18447190523147583,-0.0012381672859191895,-0.011637340956781372,0.21845662593841553,-0.003007948398590088,0.015010959743108288,0.19652271270751953,-0.005678117275238037,0.027581127634789482,0.1683104932308197,-0.006409883499145508,0.027350904694344536,0.17170599102973938,0.06192123889923096,-0.018578558885906205,0.19920319318771362,0.04720711708068848,0.008835230296995178,0.18020591139793396,0.04368549585342407,0.02870922004296972,0.15845385193824768,0.046482622623443604,0.037941156229521766,0
0.0,0.0,0.0,0.05978307127952576,-0.11562561988830566,0.022493217207170346,0.13363167643547058,-0.15090841054916382,0.02754936932740293,0.1872205138206482,-0.13264453411102295,0.027951026402092793,0.2125043272972107,-0.08614081144332886,0.02986480488596044,0.1945824921131134,-0.16385766863822937,0.008512008070624688,0.2542145848274231,-0.13418197631835938,0.01613758324799619,0.2284274697303772,-0.11915183067321777,0.023107515714741567,0.19851401448249817,-0.12080755829811096,0.027738384969211438,0.20074701309204102,-0.08779546618461609,-0.004131328713469884,0.2414901852607727,-0.06412047147750854,0.01698815270481191,0.21581673622131348,-0.05789574980735779,0.026864191583968022,0.18573710322380066,-0.06116178631782532,0.02821092127976499,0.19415169954299927,-0.011361300945281982,-0.013171565652214667,0.21884506940841675,-0.007637143135070801,0.011512622303939679,0.1950015425682068,-0.004777312278747559,0.02373362898049436,0.16594451665878296,-0.008407652378082275,0.02411165840146623,0.17996415495872498,0.05296081304550171,-0.0211810785609714,0.19561326503753662,0.04279458522796631,0.0044659041535624056,0.1733856201171875,0.042783141136169434,0.023509170926786283,0.1499691605567932,0.04152572154998779,0.03345609276709638,0
0.0,0.0,0.0,0.030769765377044678,-0.14014989137649536,0.0014813315182209408,0.10157600045204163,-0.19344305992126465,-0.010744464368258377,0.18146035075187683,-0.17832815647125244,-0.0210674654400691,0.23022127151489258,-0.13535091280937195,-0.027238367841277977,0.11382868885993958,-0.21715277433395386,-0.04570286047521677,0.2142469882965088,-0.23085075616836548,-0.055441313207779785,0.18860873579978943,-0.20933449268341064,-0.05062029582325067,0.15749353170394897,-0.19859448075294495,-0.04507612508598413,0.13466781377792358,-0.13293927907943726,-0.05201838609639253,0.22433620691299438,-0.16083556413650513,-0.05322364416781511,0.19773826003074646,-0.15151503682136536,-0.0419183604127511,0.16129127144813538,-0.14134052395820618,-0.0359403013891324,0.15127846598625183,-0.054316580295562744,-0.054573525459204575,0.21693891286849976,-0.09400823712348938,-0.04560643506113138,0.19125789403915405,-0.09145283699035645,-0.025912585452829262,0.15854164958000183,-0.08118617534637451,-0.017270914063487908,0.16212871670722961,0.013267695903778076,-0.05679119822445955,0.19510170817375183,-0.037515103816986084,-0.040182792366181275,0.17289882898330688,-0.04148292541503906,-0.019777842581902405,0.1524471640586853,-0.029611945152282715,-0.008605138183270356,0
0.0,0.0,0.0,0.009556174278259277,-0.1297752857208252,-0.014744694041681328,0.08828189969062805,-0.2082262635231018,-0.04426959126688246,0.18851745128631592,-0.21385246515274048,-0.06661528318620924,0.24957579374313354,-0.1762271523475647,-0.08324573903776411,0.038923293352127075,-0.22018161416053772,-0.1039049696872354,0.1727169156074524,-0.2785864472389221,-0.1318253797242761,0.15699970722198486,-0.244179368019104,-0.131263218517077,0.11985993385314941,-0.21944788098335266,-0.12592273175216917,0.06960707902908325,-0.12997907400131226,-0.1096202057550073,0.20052462816238403,-0.20572715997695923,-0.13051367520786528,0.17737945914268494,-0.1832740306854248,-0.11430484771229033,0.13296100497245789,-0.15757375955581665,-0.10268695622183088,0.10334599018096924,-0.05389964580535889,-0.11083821922041182,0.2105882465839386,-0.13200882077217102,-0.1118688356826425,0.1841617226600647,-0.12043541669845581,-0.07828002392746214,0.14499613642692566,-0.10065826773643494,-0.05907302692033056,0.13742601871490479,0.008755505084991455,-0.11346161335207228,0.20507866144180298,-0.06942790746688843,-0.09781493216253523,0.1782631278038025,-0.06362771987915039,-0.06708375334240202,0.15077847242355347,-0.04449540376663208,-0.05026592283941511,0
0.0,0.0,0.0,-0.015613198280334473,-0.1310785412788391,-0.03642360684763446,0.0380043089389801,-0.244044691324234,-0.09059228566776767,0.13398146629333496,-0.26384496688842773,-0.1342606898893024,0.2003859281539917,-0.2016642689704895,-0.1722919103253986,-0.039059609174728394,-0.19063422083854675,-0.17340347734581485,0.07895982265472412,-0.29958054423332214,-0.21357839373241916,0.07591965794563293,-0.25959908962249756,-0.20992614892612949,0.03894421458244324,-0.21734362840652466,-0.20436834362637057,-0.007013976573944092,-0.1050061583518982,-0.17769091395031467,0.12062129378318787,-0.22970542311668396,-0.21865982380997195,0.10438030958175659,-0.1935708224773407,-0.19706380931030765,0.06257778406143188,-0.15149784088134766,-0.18467784491669192,0.038014888763427734,-0.03658169507980347,-0.17689693537842288,0.1564825475215912,-0.16110163927078247,-0.19071204033981815,0.13154593110084534,-0.1362883448600769,-0.15093409088741794,0.08834618330001831,-0.09737074375152588,-0.13029084173332706,0.08806630969047546,0.017959892749786377,-0.17975523141514316,0.17634737491607666,-0.09332555532455444,-0.17721453872810855,0.15214332938194275,-0.08016359806060791,-0.150298913990369,0.1127748191356659,-0.04469841718673706,-0.13838935462128177,0
0.0,0.0,0.0,0.023597747087478638,-0.09819144010543823,-0.028987857670038863,0.05302438139915466,-0.19032835960388184,-0.06857332137271754,0.10221776366233826,-0.23036569356918335,-0.106333132058829,0.1311209499835968,-0.22517192363739014,-0.13821523186609141,-0.060667484998703,-0.3029744625091553,-0.08304494914457194,0.06903892755508423,-0.35779914259910583,-0.12770662006780498,0.07813712954521179,-0.2910470962524414,-0.1454287945930659,0.047588616609573364,-0.26595979928970337,-0.15682797429010265,-0.06362542510032654,-0.2401440441608429,-0.09413244125291698,0.08603578805923462,-0.2814585864543915,-0.1332280963365733,0.08215948939323425,-0.2216348648071289,-0.1326937704984843,0.048772215843200684,-0.20955592393875122,-0.13474203941270702,-0.0467282235622406,-0.1685512661933899,-0.10660030242845409,0.10414630174636841,-0.19280558824539185,-0.13509826657220714,0.09129562973976135,-0.1394892930984497,-0.11915721294328563,0.053970932960510254,-0.13163483142852783,-0.11114216890975825,-0.017874479293823242,-0.09778469800949097,-0.12263041284725062,0.10475024580955505,-0.12326592206954956,-0.1350092023317515,0.09300509095191956,-0.08519566059112549,-0.12334285971567027,0.05670136213302612,-0.07623898983001709,-0.11799949702665202,0
0.0,0.0,0.0,0.09826847910881042,-0.0824505090713501,-0.04338886412398324,0.1472315490245819,-0.20452702045440674,-0.06613066616074548,0.1312371790409088,-0.3079685568809509,-0.08697325559870706,0.08836540579795837,-0.3886910676956177,-0.09569012942330346,0.04548773169517517,-0.37098702788352966,-0.005849072342527961,0.1169460117816925,-0.42046812176704407,-0.06574108275191293,0.1305597722530365,-0.31204599142074585,-0.095349250459833,0.10662335157394409,-0.26808810234069824,-0.10869240584389672,-0.006315052509307861,-0.36752402782440186,-0.008180472166998243,0.07568266987800598,-0.3988787531852722,-0.06798117431418405,0.09261026978492737,-0.27834880352020264,-0.08147042068259225,0.06686648726463318,-0.25568926334381104,-0.07733112397210107,-0.04263213276863098,-0.33585476875305176,-0.022107996145052766,0.048048049211502075,-0.3220226764678955,-0.0810321402789782,0.06413981318473816,-0.21818643808364868,-0.07426317604796395,0.034248679876327515,-0.20901906490325928,-0.055806765431327676,-0.06589111685752869,-0.287819504737854,-0.04073484438077912,0.023134499788284302,-0.2647319436073303,-0.07567540379778848,0.03307682275772095,-0.19647574424743652,-0.07304572882668481,0.0002776682376861572,-0.18712717294692993,-0.061942665004892206,0
0.0,0.0,0.0,0.09438413381576538,-0.056094229221343994,-0.04008823798415051,0.1629464030265808,-0.1928461790084839,-0.05854624302503453,0.14362412691116333,-0.31448519229888916,-0.07443833888885365,0.08673518896102905,-0.3820713758468628,-0.0791287177931963,0.10460075736045837,-0.3591473400592804,-0.010283671109050374,0.14967596530914307,-0.3983902633190155,-0.06273999602910862,0.14662718772888184,-0.2856396436691284,-0.08696439654943333,0.1218978762626648,-0.2652665972709656,-0.09932490975972996,0.04189831018447876,-0.3700256049633026,-0.013925608968406777,0.09528720378875732,-0.3780044913291931,-0.06886507363435612,0.09697562456130981,-0.2513146996498108,-0.08056340904352055,0.07027620077133179,-0.2527722120285034,-0.07741810919162617,-0.009518921375274658,-0.34684616327285767,-0.027548385573595624,0.04901602864265442,-0.31951582431793213,-0.08861981870052205,0.056401222944259644,-0.2062174677848816,-0.08221884609577046,0.029033035039901733,-0.21700572967529297,-0.06505758853074894,-0.051283031702041626,-0.3090231418609619,-0.04428199098822461,0.013631641864776611,-0.2660975456237793,-0.08470198304769383,0.018981724977493286,-0.19145137071609497,-0.08188775719520436,-0.009915769100189209,-0.20530027151107788,-0.07101712168571339,0
0.0,0.0,0.0,0.08533696830272675,-0.01622152328491211,-0.05807452172018657,0.16629724204540253,-0.1199379563331604,-0.07977933332301745,0.12143440544605255,-0.24171876907348633,-0.09479671612359652,0.061992958188056946,-0.31105899810791016,-0.09561797872163424,0.1800989955663681,-0.2509459853172302,-0.025942598357573843,0.20399092137813568,-0.3482635021209717,-0.0846482430396236,0.1681138128042221,-0.24060022830963135,-0.10729163035728106,0.1589680165052414,-0.20702850818634033,-0.11485899135448108,0.12178145349025726,-0.27889129519462585,-0.02067771635927329,0.1382399946451187,-0.3493800461292267,-0.0831817005572475,0.11058227717876434,-0.2242559790611267,-0.09010377421952853,0.1130143254995346,-0.21561414003372192,-0.079368694573418,0.06095041334629059,-0.28725361824035645,-0.027893098890558576,0.059473440051078796,-0.33090752363204956,-0.09444474324561725,0.051364049315452576,-0.20486420392990112,-0.07843010768272052,0.06579481065273285,-0.19570130109786987,-0.050653817951456404,-0.004512324929237366,-0.2895871698856354,-0.03977208107687602,-0.006007477641105652,-0.29582715034484863,-0.0770222310719646,-0.0033341050148010254,-0.204725444316864,-0.061770203411356306,0.005709066987037659,-0.19237416982650757,-0.04047601938225398,0
0.0,0.0,0.0,0.002892792224884033,-0.008293449878692627,-0.08683170622335012,0.008792489767074585,-0.0772632360458374,-0.13182758038983877,-0.04771658778190613,-0.17665362358093262,-0.1616468155954891,-0.09712295234203339,-0.25643056631088257,-0.17864822095380362,0.12582838535308838,-0.23812314867973328,-0.07023085152850683,0.037423521280288696,-0.25530627369880676,-0.12506263202176626,0.035101741552352905,-0.16787391901016235,-0.15657310431943472,0.06955811381340027,-0.14953404664993286,-0.17304043715940054,0.10782226920127869,-0.2826460301876068,-0.04192484041796263,0.010616183280944824,-0.2735118865966797,-0.09444228803859289,0.005882203578948975,-0.17086178064346313,-0.1045007134054714,0.04785755276679993,-0.16472947597503662,-0.10236441588149603,0.06976500153541565,-0.29563596844673157,-0.023499230501514035,-0.013586193323135376,-0.2759627103805542,-0.06938523298249777,-0.016316354274749756,-0.19255757331848145,-0.05367451032743986,0.025394141674041748,-0.1861894726753235,-0.03369117399797972,0.020916134119033813,-0.30524784326553345,-0.01322939863548811,-0.03719624876976013,-0.2943596839904785,-0.03720717376218374,-0.04345834255218506,-0.2429368495941162,-0.026881708410840588,-0.01536482572555542,-0.23118603229522705,-0.011838576403718548,0
0.0,0.0,0.0,-0.010660737752914429,0.026234149932861328,-0.1318391237623473,-0.019811540842056274,-0.03789341449737549,-0.18500514069864948,-0.06989666819572449,-0.1385362148284912,-0.20467348138163288,-0.10907396674156189,-0.22175702452659607,-0.2057490919000884,0.10204300284385681,-0.1615419089794159,-0.16887093821833332,-0.017593562602996826,-0.18784111738204956,-0.21973205844233235,-0.03411942720413208,-0.10334241390228271,-0.2264930431015273,-0.004334986209869385,-0.07483315467834473,-0.22726136187384327,0.0884053111076355,-0.22155657410621643,-0.11831713954279621,-0.040778398513793945,-0.21662071347236633,-0.17086851338217457,-0.0493583083152771,-0.1222568154335022,-0.1645684961445113,-0.01304161548614502,-0.09922361373901367,-0.15557943025896748,0.055518120527267456,-0.25384947657585144,-0.07698286811182697,-0.056174665689468384,-0.22974643111228943,-0.12446349600622852,-0.059173375368118286,-0.14556381106376648,-0.1077915031678458,-0.023851901292800903,-0.1285560131072998,-0.09234877417156895,0.01597258448600769,-0.26527437567710876,-0.0474035229749461,-0.057751744985580444,-0.2385658621788025,-0.08866095284292896,-0.06100684404373169,-0.183488667011261,-0.09388535956213673,-0.04385596513748169,-0.1630803346633911,-0.09081218133042057,0
0.0,0.0,0.0,-0.03719848394393921,0.028277575969696045,-0.1680930447861897,-0.06398096680641174,-0.030429422855377197,-0.24381208839866986,-0.10154801607131958,-0.13054031133651733,-0.2737295669600712,-0.12039309740066528,-0.23822206258773804,-0.28298241320106854,0.0743291974067688,-0.11947417259216309,-0.26154667559120526,-0.04847496747970581,-0.1749117374420166,-0.3122830432936894,-0.06690925359725952,-0.09835773706436157,-0.30518922629806866,-0.03190305829048157,-0.07330018281936646,-0.29809534969780316,0.08059635758399963,-0.18516191840171814,-0.19261306944343914,-0.06120574474334717,-0.20017150044441223,-0.23440501513931622,-0.07211267948150635,-0.09853100776672363,-0.2046417337939488,-0.02961421012878418,-0.07681208848953247,-0.1849023741767155,0.06214305758476257,-0.2331705093383789,-0.13185278001282086,-0.06749850511550903,-0.21871155500411987,-0.16284977319691052,-0.07572531700134277,-0.12866657972335815,-0.12907691719982495,-0.035026758909225464,-0.1214224100112915,-0.1118820798680531,0.03358188271522522,-0.26031458377838135,-0.0863596764490353,-0.058099210262298584,-0.23235327005386353,-0.12190598669502606,-0.06331020593643188,-0.1733931601047516,-0.1248360467240559,-0.04505816102027893,-0.15649861097335815,-0.12545289519283642,0
0.0,0.0,0.0,-0.053913623094558716,0.01803809404373169,-0.17159135970049988,-0.09593987464904785,-0.04569023847579956,-0.26099191936427246,-0.13194802403450012,-0.14525628089904785,-0.3016868117707361,-0.1522826850414276,-0.25503313541412354,-0.32283534439974915,0.0463276207447052,-0.10909956693649292,-0.3010459426301111,-0.0754290223121643,-0.18091320991516113,-0.33773543270999085,-0.09752929210662842,-0.10517680644989014,-0.30889652999812256,-0.06517952680587769,-0.07880789041519165,-0.2871071580308069,0.06476515531539917,-0.17120659351348877,-0.2233411404746164,-0.07862433791160583,-0.21153125166893005,-0.24993703099661957,-0.08804818987846375,-0.11520785093307495,-0.19866787227564942,-0.04820454120635986,-0.09408295154571533,-0.1659837994235147,0.058424532413482666,-0.22434017062187195,-0.14988206657343994,-0.07266348600387573,-0.23300057649612427,-0.16189828845435272,-0.08267942070960999,-0.14150071144104004,-0.11976144793206345,-0.04723095893859863,-0.12991571426391602,-0.1030989769356836,0.04412540793418884,-0.26428738236427307,-0.09068223419362198,-0.05444636940956116,-0.24588865041732788,-0.11159043344432007,-0.06269297003746033,-0.18218493461608887,-0.11279204818183075,-0.04489150643348694,-0.15732157230377197,-0.11663724067383896,0
0.0,0.0,0.0,-0.06278243660926819,0.01438528299331665,-0.14137686388176007,-0.11366274952888489,-0.05140650272369385,-0.2211943377701573,-0.1479196846485138,-0.15732067823410034,-0.2606183697430424,-0.16051900386810303,-0.2676766514778137,-0.28291554348152204,0.029988348484039307,-0.10765230655670166,-0.26675818459671063,-0.11037978529930115,-0.18904298543930054,-0.3077979196755223,-0.11185866594314575,-0.10719990730285645,-0.2893785347191624,-0.07511326670646667,-0.07624363899230957,-0.27483687894027753,0.0535186231136322,-0.1759597659111023,-0.20293651120346112,-0.10704568028450012,-0.22352269291877747,-0.24139107362907453,-0.1002947986125946,-0.13747459650039673,-0.20422908262889905,-0.059061020612716675,-0.11443543434143066,-0.18160874740760846,0.051667869091033936,-0.22872111201286316,-0.14056898252647443,-0.08643490076065063,-0.24962419271469116,-0.16205831961315198,-0.08646142482757568,-0.17241764068603516,-0.12231115595977826,-0.0560818612575531,-0.15391749143600464,-0.10510353343170209,0.03908374905586243,-0.26743361353874207,-0.08943086461704297,-0.060986727476119995,-0.2565036118030548,-0.12158406870048566,-0.06693026423454285,-0.19553285837173462,-0.12376532302778287,-0.045396238565444946,-0.1701454520225525,-0.12538104848545117,0
0.0,0.0,0.0,-0.026542723178863525,0.05571097135543823,-0.13480279123805872,-0.051607102155685425,0.011819720268249512,-0.19938905811332575,-0.11412930488586426,-0.09083998203277588,-0.22770765697978845,-0.1662539392709732,-0.1800251305103302,-0.23830639100097528,0.06968674063682556,-0.1071893572807312,-0.2154528079035174,-0.07139840722084045,-0.12743574380874634,-0.27225561714195123,-0.07656601071357727,-0.04946857690811157,-0.2803702828886401,-0.03583928942680359,-0.030626952648162842,-0.2845104215147387,0.0691627562046051,-0.18937909603118896,-0.16527425026916376,-0.09078225493431091,-0.1674991250038147,-0.218102502584685,-0.08359059691429138,-0.08010774850845337,-0.2094910023214709,-0.03600025177001953,-0.061766088008880615,-0.2043572393658053,0.047397494316101074,-0.23825693130493164,-0.12056070095323435,-0.09527316689491272,-0.1944698989391327,-0.15939525043987146,-0.0908474326133728,-0.11903595924377441,-0.13496841764472833,-0.050319820642471313,-0.10729926824569702,-0.12229956215642801,0.014170289039611816,-0.2581835985183716,-0.08843317902110925,-0.08480635285377502,-0.21238303184509277,-0.12958620762847772,-0.08570230007171631,-0.1533643901348114,-0.13496841764472833,-0.06272685527801514,-0.13324329257011414,-0.13513399934791437,0
0.0,0.0,0.0,0.07243216037750244,0.05057823657989502,-0.038251719594114775,0.10119017958641052,0.1347218155860901,-0.08261854869138574,0.08326295018196106,0.22091227769851685,-0.12491399717342233,0.03414040803909302,0.2536749243736267,-0.16697272580873346,0.12358453869819641,0.019058704376220703,-0.09445496571075296,0.11035904288291931,0.20476406812667847,-0.1474820963741479,0.0892065167427063,0.208856463432312,-0.17833569568406915,0.08489391207695007,0.1652953028678894,-0.19758959037076806,0.05609607696533203,-0.003445655107498169,-0.10068881434213495,0.041093647480010986,0.2111493945121765,-0.14227408093225336,0.039772629737854004,0.19291692972183228,-0.14274753552686548,0.05016380548477173,0.14301037788391113,-0.14503592175256586,-0.008731037378311157,-0.0008026957511901855,-0.1091321177483735,-0.021024048328399658,0.19532674551010132,-0.13667151254426813,-0.007330477237701416,0.17349404096603394,-0.10944775414478158,0.009256988763809204,0.1285339593887329,-0.08940476101648187,-0.06094220280647278,0.015074193477630615,-0.12436163347970819,-0.06957429647445679,0.16777175664901733,-0.1455882779956994,-0.04414862394332886,0.15546947717666626,-0.13312058073293542,-0.02451157569885254,0.11501562595367432,-0.12096853476774072,0
0.0,0.0,0.0,0.06572505831718445,-0.09883612394332886,-0.0027227539444538706,0.15004071593284607,-0.1014394462108612,-0.014055034179818904,0.22067025303840637,-0.03963562846183777,-0.02291557941271094,0.25728145241737366,0.022809267044067383,-0.025910986621511256,0.17970532178878784,-0.14618194103240967,-0.04017583470476893,0.2745402157306671,-0.07506692409515381,-0.05404269139899043,0.2448064684867859,-0.06376290321350098,-0.05073308016790179,0.21109133958816528,-0.07727771997451782,-0.044826047529113566,0.16517135500907898,-0.0606856644153595,-0.04729778509272364,0.25604918599128723,-0.0061187744140625,-0.054126476903093135,0.22632670402526855,-0.001822441816329956,-0.04574771415127543,0.1947728395462036,-0.015394866466522217,-0.03998731266392497,0.150665283203125,0.02445507049560547,-0.052492620457542216,0.22457283735275269,0.053108155727386475,-0.05257640596164492,0.1967778205871582,0.051742732524871826,-0.03477152999175814,0.16927343606948853,0.039814144372940063,-0.02457038316561011,0.13851326704025269,0.10021942853927612,-0.057477982748878276,0.200577974319458,0.09774374961853027,-0.048973536152971064,0.1768234670162201,0.09298866987228394,-0.02915775779320029,0.15514007210731506,0.09103894233703613,-0.016589609940183436,0
0.0,0.0,0.0,0.001321345567703247,-0.14879602193832397,0.019644762660334436,0.04477572441101074,-0.23294875025749207,0.024512122656176416,0.09714093804359436,-0.2609858214855194,0.02640914105899128,0.1350942850112915,-0.24190914630889893,0.029828775013754694,0.10908764600753784,-0.25818967819213867,-0.008667045001914175,0.17306315898895264,-0.29859334230422974,0.0014849877133542577,0.15231868624687195,-0.2718992829322815,0.01644977861172947,0.12021943926811218,-0.2500474154949188,0.027532379413912622,0.151424378156662,-0.19488295912742615,-0.018170875226189764,0.1879366636276245,-0.22497567534446716,0.004615230291108219,0.1665932536125183,-0.20788061618804932,0.017959905127952425,0.138727605342865,-0.1865786910057068,0.02132961646742615,0.17738309502601624,-0.12250441312789917,-0.022514057074715765,0.19278419017791748,-0.15740150213241577,-4.308231842742316e-05,0.17266514897346497,-0.1449984908103943,0.011669780398676721,0.14706984162330627,-0.12372630834579468,0.012100355039308397,0.18953123688697815,-0.057228922843933105,-0.024960216795136603,0.20439916849136353,-0.09430718421936035,-0.00345335361458865,0.18538185954093933,-0.08645975589752197,0.014852285656104414,0.16281205415725708,-0.06799978017807007,0.025011335770557253,0
0.0,0.0,0.0,-0.0666702389717102,-0.1160043478012085,0.04098071195960529,-0.0630655288696289,-0.2185809314250946,0.07995020636201389,-0.03906887769699097,-0.2780523896217346,0.11707291790128238,-0.009128063917160034,-0.2871311604976654,0.1563463140356589,0.03399696946144104,-0.30648764967918396,0.06428760328174121,0.029035747051239014,-0.36815929412841797,0.1129585582840491,0.0066872239112854,-0.3439962863922119,0.14138501175523288,-0.002803891897201538,-0.31269723176956177,0.15728139170289523,0.08762338757514954,-0.27855581045150757,0.06508242376924045,0.060798317193984985,-0.3254518508911133,0.12287041582942493,0.03381362557411194,-0.3021976053714752,0.14185255058885105,0.02216288447380066,-0.27180469036102295,0.1462474394667197,0.11935770511627197,-0.23388400673866272,0.07120719590068347,0.09222447872161865,-0.279430627822876,0.12025218495011814,0.06858125329017639,-0.2666454017162323,0.1268912632095862,0.056585341691970825,-0.2333846390247345,0.1206262264478255,0.14107859134674072,-0.19127166271209717,0.08130607046962268,0.11055326461791992,-0.23232674598693848,0.11735343971133716,0.09241598844528198,-0.2220543622970581,0.1282938797104407,0.08147990703582764,-0.19275736808776855,0.13184719570756442,0
0.0,0.0,0.0,-0.07803788781166077,-0.10960274934768677,0.04076072426050814,-0.08258774876594543,-0.21775394678115845,0.07796629370659502,-0.06189343333244324,-0.29055526852607727,0.11614124329298647,-0.030710577964782715,-0.31667497754096985,0.157870574309527,0.004732608795166016,-0.3241380453109741,0.05507055894941004,-0.01447555422782898,-0.3731533885002136,0.11807999612301501,-0.0351506769657135,-0.3366309404373169,0.15833218248099,-0.04067915678024292,-0.3047293424606323,0.17993540914267214,0.06099557876586914,-0.30492570996284485,0.060840653642117104,0.022859573364257812,-0.3460615277290344,0.1286969617149225,-0.002817124128341675,-0.3141307532787323,0.15565486104696902,-0.012322276830673218,-0.2823258936405182,0.1642407462140909,0.09562802314758301,-0.26677951216697693,0.0749196916958681,0.0599328875541687,-0.3106652498245239,0.1351594761154047,0.03247445821762085,-0.2896711230278015,0.15066948385447176,0.022735953330993652,-0.25324100255966187,0.14845377059191378,0.12126952409744263,-0.22758644819259644,0.09338398875206622,0.08747601509094238,-0.26889461278915405,0.13903696687430056,0.06601575016975403,-0.2535852789878845,0.15759360642641695,0.057753145694732666,-0.22396689653396606,0.16553324313372286,0
0.0,0.0,0.0,-0.07603102922439575,0.009491801261901855,-0.02754373658413556,-0.15573066473007202,-0.045353055000305176,-0.03420285690540936,-0.2067852020263672,-0.10568082332611084,-0.03889274407143262,-0.2524786591529846,-0.13514763116836548,-0.04345307681674626,-0.1385105848312378,-0.19895365834236145,-0.01580606397206452,-0.19296443462371826,-0.27796733379364014,-0.029979370496818092,-0.22529590129852295,-0.3278655707836151,-0.042079796976992156,-0.2504790425300598,-0.371379017829895,-0.05244418788666394,-0.09728175401687622,-0.2413051724433899,-0.017814164943644073,-0.14120763540267944,-0.34813398122787476,-0.027388272769400146,-0.16676649451255798,-0.41240811347961426,-0.038193145729252365,-0.1864449381828308,-0.45955023169517517,-0.047495191879221466,-0.05120199918746948,-0.25519537925720215,-0.0248101297389951,-0.07219213247299194,-0.3618401288986206,-0.04241664145106938,-0.08638185262680054,-0.42418697476387024,-0.05814460474962857,-0.09999969601631165,-0.4749845564365387,-0.07011547867173817,-0.002231597900390625,-0.24725842475891113,-0.03446196947211888,0.015615880489349365,-0.32549214363098145,-0.05529440004343655,0.0255814790725708,-0.3795999586582184,-0.06835352811927464,0.03202766180038452,-0.42938292026519775,-0.07762965742463734,1
0.0,0.0,0.0,-0.07613593339920044,0.009409606456756592,-0.02992224822452272,-0.15718227624893188,-0.036239802837371826,-0.04279043654611314,-0.21743404865264893,-0.07832008600234985,-0.05334495137145723,-0.27051615715026855,-0.0892254114151001,-0.06488733122756685,-0.1378944218158722,-0.20165866613388062,-0.027478591899182447,-0.19000115990638733,-0.28403693437576294,-0.045208097795750746,-0.22093647718429565,-0.33645784854888916,-0.059844040672089704,-0.2456032931804657,-0.3828260004520416,-0.07268623391797746,-0.09375214576721191,-0.2433854043483734,-0.031612010101582655,-0.13070067763328552,-0.3544854521751404,-0.04635193700602258,-0.15502673387527466,-0.4240996539592743,-0.06145581359675134,-0.17467600107192993,-0.47904732823371887,-0.07419402281453813,-0.04539501667022705,-0.2558305561542511,-0.0400868182878753,-0.06233322620391846,-0.36759260296821594,-0.06239168475082124,-0.07478827238082886,-0.43598926067352295,-0.08230488131454194,-0.08754688501358032,-0.49494048953056335,-0.0976427210371753,0.004294693470001221,-0.24372020363807678,-0.05095328892281259,0.02483445405960083,-0.3213433623313904,-0.0769496349494716,0.035951197147369385,-0.37568199634552,-0.09291139374187196,0.04289901256561279,-0.4272395968437195,-0.10434977839400972,1
0.0,0.0,0.0,-0.07394862174987793,0.005858242511749268,-0.02603138184360887,-0.1492449939250946,-0.042661845684051514,-0.038236531822008146,-0.2029840648174286,-0.08861786127090454,-0.04882107993773843,-0.2517990469932556,-0.10608476400375366,-0.06087429767660524,-0.1363966464996338,-0.19507759809494019,-0.030108207298439993,-0.18486160039901733,-0.2793060839176178,-0.04915026148967172,-0.21480214595794678,-0.3328881859779358,-0.06355842149071123,-0.23872089385986328,-0.38092100620269775,-0.07652322894148256,-0.09363585710525513,-0.23171457648277283,-0.03757816499285127,-0.12908834218978882,-0.3438816964626312,-0.05596185049228097,-0.15252366662025452,-0.4169948399066925,-0.07373781448416139,-0.17141148447990417,-0.4769764840602875,-0.08827257847599412,-0.04682421684265137,-0.23773205280303955,-0.04854254370741273,-0.060759782791137695,-0.3529912233352661,-0.0752571294289055,-0.06976860761642456,-0.4253009557723999,-0.09830003922991182,-0.07968902587890625,-0.49001291394233704,-0.11556957608274843,0.0016603469848632812,-0.2192785143852234,-0.06092494299821283,0.025398731231689453,-0.2984302341938019,-0.09237472659162904,0.038248538970947266,-0.3556674122810364,-0.11141677892021562,0.046344876289367676,-0.41185373067855835,-0.12488801723532106,1
0.0,0.0,0.0,-0.06816184520721436,-0.010813474655151367,-0.024200460794588707,-0.1309688687324524,-0.07136726379394531,-0.03567154418232121,-0.17240634560585022,-0.12235420942306519,-0.045834519821426056,-0.21513333916664124,-0.15843302011489868,-0.057003737348338746,-0.12340399622917175,-0.2124706506729126,-0.02691729638280549,-0.1626131236553192,-0.3021121919155121,-0.046916224914809845,-0.1874563992023468,-0.35666757822036743,-0.062286474663039826,-0.20699268579483032,-0.40499147772789,-0.07521659593584218,-0.08304983377456665,-0.2392677366733551,-0.03489171053769269,-0.11129111051559448,-0.3548436760902405,-0.05529313992263951,-0.12941181659698486,-0.4317547082901001,-0.07511597584488072,-0.14355608820915222,-0.49674364924430847,-0.09041075866224446,-0.04008126258850098,-0.2372196912765503,-0.046312485742589615,-0.045876920223236084,-0.35060369968414307,-0.0745122329473702,-0.04880404472351074,-0.42755386233329773,-0.09946687232258,-0.05323302745819092,-0.4978080689907074,-0.1174281806826798,0.003315865993499756,-0.21135467290878296,-0.05886527236106076,0.029810190200805664,-0.28907090425491333,-0.09061199884416737,0.04583752155303955,-0.34833309054374695,-0.1102839083552567,0.05688667297363281,-0.4065247178077698,-0.12406933020355382,1
0.0,0.0,0.0,-0.06851780414581299,-0.01591789722442627,-0.021820963148343253,-0.12718117237091064,-0.08067309856414795,-0.032101266805398154,-0.1649596393108368,-0.13438934087753296,-0.04132330489562719,-0.20520466566085815,-0.17341840267181396,-0.051805184010731864,-0.12023323774337769,-0.21926209330558777,-0.02421466333078115,-0.15302276611328125,-0.3137055039405823,-0.04318787229465215,-0.175434410572052,-0.3695761561393738,-0.05795320940421789,-0.19431477785110474,-0.4181348979473114,-0.07035004419492452,-0.0796668529510498,-0.24315360188484192,-0.032957960639464545,-0.1020512580871582,-0.3617682158946991,-0.05225872320340841,-0.1176343560218811,-0.43930840492248535,-0.07145870548890798,-0.1302875280380249,-0.5039874315261841,-0.08627443087505071,-0.0378795862197876,-0.2383010983467102,-0.045002040241229224,-0.0390358567237854,-0.3548082709312439,-0.07246657532857625,-0.039229631423950195,-0.43286558985710144,-0.09700828117536275,-0.04142498970031738,-0.5032358467578888,-0.11479723525451391,0.003098130226135254,-0.20914477109909058,-0.05795320940421789,0.03244441747665405,-0.2866671681404114,-0.08939883929895132,0.05082535743713379,-0.3453415632247925,-0.10874999386476247,0.06403768062591553,-0.40256252884864807,-0.12215470594571798,1
0.0,0.0,0.0,-0.06928014755249023,-0.027333498001098633,-0.015390754886880131,-0.12339669466018677,-0.09552150964736938,-0.02435782386453411,-0.16049039363861084,-0.1439419984817505,-0.03375734596045277,-0.19988316297531128,-0.17780578136444092,-0.04497571869285366,-0.11362355947494507,-0.2304239571094513,-0.017311360896542283,-0.14688289165496826,-0.3191007971763611,-0.03726785837204716,-0.17036539316177368,-0.37203019857406616,-0.05347217454107067,-0.1901741623878479,-0.419624388217926,-0.06664930863769314,-0.07803487777709961,-0.24921071529388428,-0.029890695796325417,-0.09604990482330322,-0.3669705092906952,-0.049809033260658,-0.11027830839157104,-0.4444786310195923,-0.06904053522737286,-0.12229818105697632,-0.5096645355224609,-0.08359134776981136,-0.04193520545959473,-0.23898231983184814,-0.04561168162615559,-0.04025918245315552,-0.3550523817539215,-0.07204227729232571,-0.03962033987045288,-0.4331818222999573,-0.09452990277202389,-0.04056406021118164,-0.504138708114624,-0.1108105315128114,-0.007919490337371826,-0.20557546615600586,-0.06201950667889378,0.015529751777648926,-0.28333407640457153,-0.09091763778121731,0.029984712600708008,-0.3417450487613678,-0.1073508991161134,0.040956974029541016,-0.3988646864891052,-0.11884909702928326,1
0.0,0.0,0.0,-0.07042747735977173,-0.029836416244506836,-0.011780310155870666,-0.12391996383666992,-0.097262442111969,-0.02052639956963276,-0.16151943802833557,-0.14371728897094727,-0.03054187792730545,-0.2011517882347107,-0.17753899097442627,-0.04280417572152828,-0.11065688729286194,-0.2349219024181366,-0.017314845429780235,-0.14580821990966797,-0.3219403922557831,-0.04046850066077923,-0.17349135875701904,-0.3721509575843811,-0.0593570076991341,-0.20172816514968872,-0.4151287078857422,-0.07438657592427944,-0.07574141025543213,-0.2510583698749542,-0.03269983987701153,-0.09415543079376221,-0.36898374557495117,-0.0561073699165604,-0.11433574557304382,-0.44472944736480713,-0.07789007733953213,-0.13689854741096497,-0.5067085325717926,-0.09378283630502438,-0.040152788162231445,-0.2363487184047699,-0.05077593560707783,-0.04094177484512329,-0.3485856354236603,-0.07915947000873302,-0.04814314842224121,-0.4267390966415405,-0.10277010660064434,-0.060847699642181396,-0.4977232813835144,-0.11962759654414867,-0.0058432817459106445,-0.19815754890441895,-0.06915668557775234,0.014090955257415771,-0.272861510515213,-0.09880961637389873,0.019020795822143555,-0.32912492752075195,-0.11505779038560604,0.017389416694641113,-0.3838511109352112,-0.1267361731399319,1
0.0,0.0,0.0,-0.07350331544876099,-0.01615232229232788,-0.02076666979633046,-0.1470542550086975,-0.07352524995803833,-0.0349255184694357,-0.20184150338172913,-0.11203384399414062,-0.04934657170019818,-0.2536647915840149,-0.1315765380859375,-0.06586523158989621,-0.12452560663223267,-0.23097562789916992,-0.023585328744275103,-0.1737719476222992,-0.31116151809692383,-0.04981853245340062,-0.20838454365730286,-0.3575565218925476,-0.0721056143804617,-0.242564857006073,-0.39679306745529175,-0.08956819577656461,-0.0839923620223999,-0.25946804881095886,-0.03579078419647885,-0.1121598482131958,-0.3761911392211914,-0.06004436491571141,-0.13911136984825134,-0.44797974824905396,-0.08243632121525479,-0.1702302098274231,-0.5040929019451141,-0.09911230756483747,-0.04153996706008911,-0.2540949285030365,-0.05188992051921559,-0.04927480220794678,-0.36429086327552795,-0.07928991867743207,-0.06658691167831421,-0.4378310441970825,-0.10194407953463269,-0.09159111976623535,-0.5034297406673431,-0.11882981462917996,0.0012934207916259766,-0.2232159972190857,-0.06943116141997052,0.021151602268218994,-0.3000752031803131,-0.09544149591170026,0.021891772747039795,-0.3555664122104645,-0.10991498632870389,0.011899411678314209,-0.4069961905479431,-0.12103230311117841,1
0.0,0.0,0.0,-0.07458722591400146,-0.0034347176551818848,-0.028008219570267556,-0.1522546410560608,-0.03897136449813843,-0.04776174646650588,-0.21202793717384338,-0.06585007905960083,-0.06676250767742431,-0.26691699028015137,-0.07741338014602661,-0.08669772815738952,-0.1341339349746704,-0.21159106492996216,-0.026969929010022042,-0.1914030909538269,-0.2804652750492096,-0.05471830514107978,-0.23017841577529907,-0.3152221143245697,-0.07911819291149413,-0.2687748074531555,-0.344530314207077,-0.09801512283121383,-0.09352195262908936,-0.24944043159484863,-0.03493882787262237,-0.13232728838920593,-0.34937816858291626,-0.05840424892340934,-0.16613581776618958,-0.4051245152950287,-0.08036413860355651,-0.20369362831115723,-0.44805097579956055,-0.0977555520537976,-0.048864662647247314,-0.25459134578704834,-0.047683872998106835,-0.06419450044631958,-0.3532882332801819,-0.0737190700772885,-0.08722794055938721,-0.4109917879104614,-0.0942772708538655,-0.11911246180534363,-0.4605921804904938,-0.11016315293346679,-0.0010437369346618652,-0.23487138748168945,-0.06286890876327789,0.014278113842010498,-0.3081410527229309,-0.0873207084540013,0.008395254611968994,-0.3566930890083313,-0.10118191760813033,-0.011538088321685791,-0.39814403653144836,-0.11203207147156036,1
0.0,0.0,0.0,-0.07077473402023315,0.0005270242691040039,-0.0265013013413693,-0.1459026336669922,-0.03127807378768921,-0.04410162720890298,-0.202303946018219,-0.06190437078475952,-0.060696230866625456,-0.25480908155441284,-0.07818597555160522,-0.07779369656057611,-0.1408117413520813,-0.19530010223388672,-0.021610922776773123,-0.19645088911056519,-0.25674915313720703,-0.046339383014156965,-0.23353147506713867,-0.28739839792251587,-0.06929524395675912,-0.27053043246269226,-0.31228652596473694,-0.08704643849344507,-0.10280317068099976,-0.23624542355537415,-0.028638483621790556,-0.14304152131080627,-0.3316224217414856,-0.04822513613910928,-0.1768622100353241,-0.38176077604293823,-0.06758549962253824,-0.21416199207305908,-0.41763126850128174,-0.08317436430664316,-0.059268176555633545,-0.24601098895072937,-0.04043070379705682,-0.07914525270462036,-0.3407258987426758,-0.06175225008340135,-0.10478675365447998,-0.39729273319244385,-0.07910114679546609,-0.13777375221252441,-0.44336485862731934,-0.0930808350822474,-0.011947989463806152,-0.23118504881858826,-0.05481268990845933,-0.007230281829833984,-0.30347034335136414,-0.07482677105875268,-0.018094003200531006,-0.3473885655403137,-0.08518583480329767,-0.04125422239303589,-0.38108497858047485,-0.09363398853750482,1
0.0,0.0,0.0,-0.06711816787719727,0.0031341910362243652,-0.021630063897795537,-0.13568931818008423,-0.027359426021575928,-0.035432955494947294,-0.18502658605575562,-0.06030088663101196,-0.04935302051050172,-0.23287349939346313,-0.08546078205108643,-0.06257004874093042,-0.14046859741210938,-0.17400604486465454,-0.007270604151166538,-0.18462300300598145,-0.2241392731666565,-0.030019596463866094,-0.2159254550933838,-0.24079492688179016,-0.05291505741221414,-0.24806484580039978,-0.250027596950531,-0.0695535151873301,-0.10611423850059509,-0.21283656358718872,-0.013955280429549077,-0.14424890279769897,-0.28758448362350464,-0.031285057089156965,-0.17568925023078918,-0.32204586267471313,-0.0502904004071425,-0.20991474390029907,-0.3435595631599426,-0.06505410211426721,-0.06471967697143555,-0.22674039006233215,-0.02559048520667062,-0.08888167142868042,-0.3007778525352478,-0.04436148168785081,-0.11589813232421875,-0.3375471830368042,-0.05853932561618791,-0.14914724230766296,-0.36218369007110596,-0.06941290037972436,-0.018334031105041504,-0.2206212282180786,-0.039744893333740094,-0.02208423614501953,-0.2859450578689575,-0.056149007997341016,-0.0356755256652832,-0.3209284543991089,-0.06388237910611139,-0.05916374921798706,-0.3432098627090454,-0.06978785829884515,1
0.0,0.0,0.0,-0.061298489570617676,0.012636721134185791,-0.024202384925558817,-0.12065482139587402,-0.009026288986206055,-0.04201234777934815,-0.16490283608436584,-0.029585421085357666,-0.05841519584424759,-0.2107541859149933,-0.03512221574783325,-0.07489845802552964,-0.1285642385482788,-0.14722204208374023,-0.021749996519758952,-0.1636016070842743,-0.19709789752960205,-0.049731335542276156,-0.1886269450187683,-0.2067919373512268,-0.07489845802552964,-0.2164173126220703,-0.2031041383743286,-0.09190436353452469,-0.09006291627883911,-0.18306595087051392,-0.02800157567031647,-0.11769425868988037,-0.2491351068019867,-0.05077661847241188,-0.141503244638443,-0.27339112758636475,-0.07272749295003678,-0.17121490836143494,-0.2870054244995117,-0.0885273059225824,-0.045748889446258545,-0.19257932901382446,-0.03841417183645035,-0.06121265888214111,-0.2617163062095642,-0.06356120010383393,-0.07838451862335205,-0.29489314556121826,-0.0812907507038858,-0.10315832495689392,-0.3222212791442871,-0.09351248194940354,0.000786900520324707,-0.18058621883392334,-0.050495195142104876,0.00985187292098999,-0.23978054523468018,-0.0735315521574762,0.009931385517120361,-0.27465903759002686,-0.0846678157664087,0.00020259618759155273,-0.30613958835601807,-0.0920651694155481,1
0.0,0.0,0.0,-0.06022167205810547,0.010263681411743164,-0.03469513299302207,-0.11850687861442566,-0.0020363926887512207,-0.061101715437928306,-0.1680174469947815,-0.012151002883911133,-0.08481468947962867,-0.21739578247070312,-0.011399149894714355,-0.11069175543622123,-0.12196624279022217,-0.1485489010810852,-0.05147839280203925,-0.16868403553962708,-0.21024870872497559,-0.08145343454913245,-0.20239382982254028,-0.24431997537612915,-0.10415342392758475,-0.2335911989212036,-0.2777547538280487,-0.12137411477402793,-0.08255338668823242,-0.18894153833389282,-0.05783254968361007,-0.12047237157821655,-0.2866460382938385,-0.08430819901064979,-0.14662227034568787,-0.3521968722343445,-0.10728446336821662,-0.17064127326011658,-0.414122998714447,-0.12524186017350303,-0.03707057237625122,-0.19689029455184937,-0.06736378314332114,-0.05472975969314575,-0.3010585904121399,-0.10083822103575812,-0.06647974252700806,-0.3696841597557068,-0.12671528699235068,-0.08166271448135376,-0.4352448582649231,-0.1450410330517684,0.01130211353302002,-0.1822163462638855,-0.07832240255908118,0.031945884227752686,-0.25892674922943115,-0.11225727143124686,0.04526567459106445,-0.3113158941268921,-0.12938587310151206,0.051281094551086426,-0.3631705641746521,-0.14098910929993735,1
0.0,0.0,0.0,-0.05952078104019165,0.011445581912994385,-0.02707197189749877,-0.11797374486923218,-0.015823781490325928,-0.043601615805641813,-0.16023647785186768,-0.049743711948394775,-0.05858233429910342,-0.20789706707000732,-0.060904622077941895,-0.07522756837727229,-0.13091522455215454,-0.16083699464797974,-0.026910143424288435,-0.17617318034172058,-0.21417289972305298,-0.05104574047447841,-0.20984357595443726,-0.24086648225784302,-0.07226842128159205,-0.24276798963546753,-0.2634040117263794,-0.08831258349539439,-0.09512001276016235,-0.20642906427383423,-0.03345264725805919,-0.13416838645935059,-0.29908132553100586,-0.052802732665554686,-0.1627236306667328,-0.3544813096523285,-0.07323939584614436,-0.1909988522529602,-0.40264785289764404,-0.08919108145357768,-0.05217266082763672,-0.2207048535346985,-0.04385591902257602,-0.07418268918991089,-0.31582093238830566,-0.06940173589111964,-0.09303033351898193,-0.3791739344596863,-0.09247388922096889,-0.11553636193275452,-0.4376911520957947,-0.10948901854874293,-0.005790352821350098,-0.21150052547454834,-0.05580812924029033,0.007039248943328857,-0.2855774760246277,-0.08109963916660945,0.014691710472106934,-0.33661460876464844,-0.0948781990301768,0.01573491096496582,-0.3853461742401123,-0.10495781384827296,1
0.0,0.0,0.0,-0.06804502010345459,0.003179013729095459,-0.0193068169370072,-0.12579289078712463,-0.039057016372680664,-0.0295925651058333,-0.16157859563827515,-0.09524589776992798,-0.03964646610764433,-0.20208463072776794,-0.135700523853302,-0.0480141721978562,-0.12809041142463684,-0.16845005750656128,0.0007812197240291141,-0.16302761435508728,-0.22386664152145386,-0.020708461137093792,-0.18920981884002686,-0.23415666818618774,-0.043082074107207546,-0.21735602617263794,-0.23382419347763062,-0.05855285453943182,-0.09466850757598877,-0.20428460836410522,-0.003825499754004369,-0.1301352083683014,-0.27119195461273193,-0.019622976736702213,-0.1604480743408203,-0.29716524481773376,-0.03952000367788244,-0.19514596462249756,-0.3132326900959015,-0.0551804758921044,-0.0563390851020813,-0.21912509202957153,-0.013384080336965809,-0.08173960447311401,-0.2883943021297455,-0.03060427944508959,-0.10781660676002502,-0.31956252455711365,-0.04556920457033087,-0.13990795612335205,-0.33954840898513794,-0.0569509722605126,-0.012420296669006348,-0.21824133396148682,-0.02512416693715025,-0.020500361919403076,-0.2800389528274536,-0.041037567736186276,-0.03623157739639282,-0.3123137950897217,-0.050627765090741406,-0.06036198139190674,-0.3340470790863037,-0.057709758014954815,1
0.0,0.0,0.0,-0.06882071495056152,-0.007424712181091309,-0.019487944829585047,-0.12444323301315308,-0.05719435214996338,-0.02699649466884324,-0.15824782848358154,-0.11903643608093262,-0.034226945999385805,-0.19401347637176514,-0.1679515242576599,-0.03998136094522664,-0.1220407783985138,-0.18451589345932007,0.0057170266031008055,-0.15619736909866333,-0.23700284957885742,-0.00821443035018632,-0.18330445885658264,-0.25483065843582153,-0.027745210963608713,-0.21213698387145996,-0.27153074741363525,-0.044495045605422945,-0.08691298961639404,-0.2172655463218689,0.002551029969630747,-0.1215595006942749,-0.2864801585674286,-0.008144906188668699,-0.15201961994171143,-0.314167320728302,-0.02913568115544507,-0.18725547194480896,-0.33392447233200073,-0.04800331539225766,-0.0491410493850708,-0.22798937559127808,-0.005059128559501858,-0.07185095548629761,-0.3003414273262024,-0.02023666112435052,-0.10220339894294739,-0.3270561099052429,-0.03841975650501439,-0.135198175907135,-0.33260613679885864,-0.05283787793231198,-0.004530191421508789,-0.22522246837615967,-0.014877998668076486,-0.019489526748657227,-0.290705144405365,-0.030568936306359262,-0.04201871156692505,-0.3154646158218384,-0.04212054556918332,-0.06998497247695923,-0.31784114241600037,-0.051083743038894625,1
0.0,0.0,0.0,-0.06641131639480591,-0.0231589674949646,-0.013346064826539106,-0.12658220529556274,-0.09844845533370972,-0.017130423327973432,-0.16206637024879456,-0.16257548332214355,-0.02271739578812415,-0.2016274333000183,-0.20258069038391113,-0.0277221556660443,-0.1020129919052124,-0.21588093042373657,0.0037871222104222113,-0.139064222574234,-0.2899470031261444,-0.011834559952905721,-0.16583532094955444,-0.3296467363834381,-0.027946082865884847,-0.1907934546470642,-0.36623603105545044,-0.04118014498620326,-0.0696561336517334,-0.23596793413162231,-0.003949543451955861,-0.10957375168800354,-0.31774622201919556,-0.01883226818411643,-0.1408405900001526,-0.36534810066223145,-0.03522369637160594,-0.17167335748672485,-0.40406733751296997,-0.04805469512014682,-0.033868610858917236,-0.23906677961349487,-0.015887631094148702,-0.06392490863800049,-0.3185027241706848,-0.033790566017916746,-0.09358400106430054,-0.3546229600906372,-0.047114204606106824,-0.12638241052627563,-0.37751224637031555,-0.05611605196266467,0.007612764835357666,-0.22922468185424805,-0.029849458476594037,-0.0067192912101745605,-0.298071950674057,-0.04693505912094409,-0.030463993549346924,-0.33004921674728394,-0.05660868807702357,-0.06037342548370361,-0.34941694140434265,-0.06314735113649661,1
0.0,0.0,0.0,-0.06493961811065674,-0.026578545570373535,-0.013630935915632136,-0.120577871799469,-0.10540401935577393,-0.01906438729993809,-0.1531885862350464,-0.17074322700500488,-0.026269620277805217,-0.1920495629310608,-0.2090281844139099,-0.03380558266572464,-0.09359943866729736,-0.22727113962173462,-0.0013584191844593363,-0.12819376587867737,-0.30299341678619385,-0.02037550508312691,-0.15441972017288208,-0.34620559215545654,-0.03902642428211678,-0.17884528636932373,-0.3860781788825989,-0.05409834905795563,-0.06012803316116333,-0.24697566032409668,-0.011357153759224303,-0.09595847129821777,-0.3408612608909607,-0.02938794902793873,-0.12446179986000061,-0.3975151777267456,-0.048286918544096835,-0.15318915247917175,-0.44747471809387207,-0.06269737704925049,-0.02388542890548706,-0.24622803926467896,-0.025135682889146693,-0.04990965127944946,-0.3379216194152832,-0.044955976300759204,-0.07684224843978882,-0.38709139823913574,-0.05967354773811806,-0.10774856805801392,-0.4279899597167969,-0.070304211222453,0.01650869846343994,-0.227774977684021,-0.04086907207302559,0.008846044540405273,-0.2972937524318695,-0.05863410233788002,-0.007748246192932129,-0.34153252840042114,-0.06827257200412262,-0.030590474605560303,-0.37892526388168335,-0.0755014307730626,1
0.0,0.0,0.0,-0.06216895580291748,-0.031533122062683105,-0.011577314567325914,-0.11128628253936768,-0.11042803525924683,-0.01754464475488504,-0.13854363560676575,-0.17343664169311523,-0.025759563651440942,-0.1746324598789215,-0.21571046113967896,-0.03460453717088541,-0.08811748027801514,-0.23813843727111816,-0.00024242012404585012,-0.11489823460578918,-0.3180081844329834,-0.019047074821351373,-0.13722670078277588,-0.3632436990737915,-0.03821522636389574,-0.158868670463562,-0.40551555156707764,-0.05399078024601778,-0.05537146329879761,-0.25443798303604126,-0.012280066367743814,-0.08444982767105103,-0.35543692111968994,-0.029249089640138948,-0.10831964015960693,-0.4171353578567505,-0.04853840066170534,-0.13342636823654175,-0.4715610146522522,-0.06397469608163675,-0.021397769451141357,-0.24721980094909668,-0.027964749243615472,-0.04047352075576782,-0.3449797034263611,-0.04643014712309679,-0.06330037117004395,-0.400073766708374,-0.0623268660721763,-0.09113675355911255,-0.44596269726753235,-0.07487946270084223,0.015703797340393066,-0.22159498929977417,-0.045509296339510286,0.007391989231109619,-0.29110753536224365,-0.0628115188894256,-0.011842966079711914,-0.33209818601608276,-0.07269850639676889,-0.037981271743774414,-0.3650515675544739,-0.08074379978751978,1
0.0,0.0,0.0,-0.07110226154327393,-0.04342222213745117,0.0014630164647542188,-0.11068743467330933,-0.12893033027648926,9.953688845598663e-06,-0.13300085067749023,-0.18295389413833618,-0.006545269892171746,-0.16077318787574768,-0.2288287878036499,-0.015031908203468447,-0.08782243728637695,-0.2516988515853882,0.007177404563321943,-0.10537099838256836,-0.340049147605896,-0.00965808102171195,-0.12238889932632446,-0.3937391936779022,-0.026230510820255404,-0.1390908658504486,-0.4411694407463074,-0.04010976528059018,-0.06488299369812012,-0.25851356983184814,-0.012038097281561022,-0.07971566915512085,-0.3693285584449768,-0.02853537027965558,-0.09704577922821045,-0.4419553279876709,-0.04765066181550992,-0.11414158344268799,-0.506549060344696,-0.06303308208714498,-0.04027712345123291,-0.2400113344192505,-0.033746354777917986,-0.04967188835144043,-0.35201147198677063,-0.05200985123644841,-0.06371009349822998,-0.41930437088012695,-0.06984744270573628,-0.08103346824645996,-0.4778003692626953,-0.08382691492568028,-0.015213191509246826,-0.2019612193107605,-0.055968191970691805,-0.02192080020904541,-0.27943068742752075,-0.07455737193356526,-0.03761565685272217,-0.33110201358795166,-0.08638230015765203,-0.05722761154174805,-0.37662482261657715,-0.09605268438588155,1
0.0,0.0,0.0,-0.08760243654251099,-0.07162445783615112,0.023411750628895334,-0.11879611015319824,-0.15619826316833496,0.02575170791084247,-0.141404926776886,-0.2071676254272461,0.01838517731363254,-0.16900575160980225,-0.2566775381565094,0.007812039296425155,-0.07019549608230591,-0.2625170052051544,0.017605190932101777,-0.10438627004623413,-0.3463488221168518,-0.00011916862143834805,-0.12783575057983398,-0.4055509567260742,-0.015748478636794516,-0.14728617668151855,-0.4591876268386841,-0.029689174310021826,-0.05049329996109009,-0.2585909962654114,-0.015624671407692858,-0.09681874513626099,-0.36090338230133057,-0.038380440489106604,-0.12584048509597778,-0.43159669637680054,-0.05883339808946175,-0.14951995015144348,-0.49926379323005676,-0.07433405907516999,-0.039483726024627686,-0.22725152969360352,-0.049498334691577384,-0.08751726150512695,-0.3334648013114929,-0.07730544002419037,-0.11706000566482544,-0.3947223424911499,-0.0957774707830481,-0.14031648635864258,-0.4544638395309448,-0.10914866270189805,-0.03980165719985962,-0.1777898073196411,-0.08121774734621567,-0.07764685153961182,-0.2323271632194519,-0.11083243431215806,-0.10750848054885864,-0.27135607600212097,-0.12687786312466187,-0.13230007886886597,-0.3134501576423645,-0.13896145315533204,1
0.0,0.0,0.0,-0.08453845977783203,-0.07163619995117188,0.004551717402858202,-0.12875109910964966,-0.15389138460159302,-0.004168222335653837,-0.16580361127853394,-0.20695912837982178,-0.021467457668411072,-0.20663654804229736,-0.257007896900177,-0.03927812273942166,-0.06141841411590576,-0.27062588930130005,0.014371237574589912,-0.10287594795227051,-0.3492715358734131,-0.009742845924126442,-0.13869160413742065,-0.3961949050426483,-0.03229705910526448,-0.17056015133857727,-0.43236029148101807,-0.0497625089748972,-0.035936951637268066,-0.27099594473838806,-0.011513684087919529,-0.09000873565673828,-0.3745676279067993,-0.039303693132030304,-0.13386309146881104,-0.4318154454231262,-0.06433835919343167,-0.17171353101730347,-0.47498831152915955,-0.08136909748755627,-0.016910970211029053,-0.24788403511047363,-0.040837994919645126,-0.08601242303848267,-0.317961722612381,-0.07241901303969556,-0.14378434419631958,-0.3407379686832428,-0.09072832311831647,-0.1906038522720337,-0.357901930809021,-0.10085470523081952,-0.011426568031311035,-0.2050778865814209,-0.07047555889331036,-0.06851822137832642,-0.24148094654083252,-0.09686553026877576,-0.11221569776535034,-0.25887104868888855,-0.10811706181012326,-0.14919018745422363,-0.27548980712890625,-0.1150725513263815,1
0.0,0.0,0.0,-0.06780171394348145,-0.03765231370925903,-0.01787160629743667,-0.12644726037979126,-0.11441284418106079,-0.027909719518962817,-0.16509056091308594,-0.17738503217697144,-0.039237777836266474,-0.2050313651561737,-0.2282467484474182,-0.049862231261673884,-0.09568357467651367,-0.23461753129959106,-0.003559084742907004,-0.1373121738433838,-0.30894723534584045,-0.025587818719092326,-0.1677519679069519,-0.3467068076133728,-0.0463441974889669,-0.1988602876663208,-0.37944233417510986,-0.062058071739617304,-0.060028254985809326,-0.24967050552368164,-0.011339794978145079,-0.10132509469985962,-0.3313920199871063,-0.03342129955405326,-0.1389673352241516,-0.37157687544822693,-0.053708608395997004,-0.17705437541007996,-0.40266650915145874,-0.06839052880519958,-0.02019280195236206,-0.24612316489219666,-0.023793625779095606,-0.048432767391204834,-0.3287264108657837,-0.048408112622443156,-0.08498769998550415,-0.36443257331848145,-0.06463796193117233,-0.12490898370742798,-0.38861334323883057,-0.07453535044902893,0.02427375316619873,-0.22704988718032837,-0.03822927842253776,0.02690136432647705,-0.3027898967266083,-0.05872766593808265,0.012476861476898193,-0.3466789126396179,-0.07064206445926757,-0.011556625366210938,-0.3798496127128601,-0.07866316581482025,1
0.0,0.0,0.0,-0.07565993070602417,-0.016856789588928223,-0.02563562528488461,-0.13602328300476074,-0.08111917972564697,-0.036828595262740293,-0.17586222290992737,-0.1479172706604004,-0.04720917628404919,-0.21381479501724243,-0.19997239112854004,-0.05619062767622296,-0.11776125431060791,-0.2044256031513214,-0.005980226726059357,-0.1580406129360199,-0.2674713432788849,-0.029990953442428747,-0.1892031729221344,-0.2945300340652466,-0.05235432745215718,-0.22322380542755127,-0.31656211614608765,-0.06824112595317189,-0.07692104578018188,-0.2379622459411621,-0.009376480293248335,-0.10903853178024292,-0.31276455521583557,-0.029765290257309118,-0.14414122700691223,-0.34944579005241394,-0.0499622812986118,-0.1839386522769928,-0.3768191933631897,-0.06463049263951604,-0.032804787158966064,-0.24630683660507202,-0.01850461871621434,-0.052731215953826904,-0.32608550786972046,-0.04292154223916356,-0.08431679010391235,-0.3639993965625763,-0.06002693162557904,-0.12043160200119019,-0.39414215087890625,-0.07067830772397343,0.012004613876342773,-0.23555231094360352,-0.03010378503498856,0.024299979209899902,-0.3103656768798828,-0.05149680287835423,0.023176491260528564,-0.36443954706192017,-0.06417915881869618,0.014256656169891357,-0.41233330965042114,-0.07248362065551106,1
0.0,0.0,0.0,-0.07507586479187012,-0.006445527076721191,-0.023348581727049122,-0.13811200857162476,-0.06476545333862305,-0.03050156937112547,-0.17810767889022827,-0.12948793172836304,-0.03684478880038,-0.2164732813835144,-0.1774749755859375,-0.04222077758183218,-0.1281527280807495,-0.18547970056533813,-0.0023183950515601737,-0.1678159236907959,-0.241618812084198,-0.019985775213143597,-0.19662564992904663,-0.2672222852706909,-0.03767705590595938,-0.22861889004707336,-0.290157675743103,-0.051690614532134305,-0.08950889110565186,-0.2253085970878601,-0.005972212396017085,-0.12262594699859619,-0.2982868552207947,-0.02098674395253397,-0.15264064073562622,-0.33521872758865356,-0.038891712884804974,-0.18651023507118225,-0.3657040596008301,-0.05299525217284895,-0.04561883211135864,-0.23965418338775635,-0.014913450676402817,-0.06676727533340454,-0.3176374137401581,-0.03695725531449057,-0.09199470281600952,-0.3619620203971863,-0.055289606313607464,-0.12056499719619751,-0.4023306965827942,-0.06806601465811468,0.0004836916923522949,-0.2348620593547821,-0.025912859226963292,0.011721968650817871,-0.3102550506591797,-0.04831656695475317,0.015259861946105957,-0.36502933502197266,-0.062307632278105984,0.012782752513885498,-0.41609933972358704,-0.07197990895380713,1
0.0,0.0,0.0,-0.06475257873535156,0.0073032379150390625,-0.023772746374390863,-0.12303584814071655,-0.038690924644470215,-0.03184431610026195,-0.15850335359573364,-0.09525161981582642,-0.03883230877437427,-0.19394013285636902,-0.13669127225875854,-0.0451568794003947,-0.12200760841369629,-0.16126108169555664,-0.008077410099588178,-0.16117069125175476,-0.20770329236984253,-0.02680234802284076,-0.18889304995536804,-0.23890075087547302,-0.044073300485990785,-0.21269288659095764,-0.26848742365837097,-0.05696569946923091,-0.08951002359390259,-0.20783936977386475,-0.012140838479183458,-0.12874802947044373,-0.2938164472579956,-0.026404298891804956,-0.15493404865264893,-0.3495275676250458,-0.04068987635292842,-0.1795719861984253,-0.40001386404037476,-0.05130454344072177,-0.04967689514160156,-0.22809916734695435,-0.02114119199433162,-0.07365942001342773,-0.319856196641922,-0.04161865827956035,-0.09334194660186768,-0.37978023290634155,-0.05767334443845584,-0.11487174034118652,-0.43329331278800964,-0.06815532413639858,-0.004223644733428955,-0.2257339060306549,-0.03239716408171489,0.007629513740539551,-0.3040415048599243,-0.05121609014787509,0.012952029705047607,-0.35929399728775024,-0.0607692916444762,0.013595044612884521,-0.4071539044380188,-0.06700540897764995,1
0.0,0.0,0.0,-0.05387604236602783,0.020427167415618896,-0.026931101211374653,-0.11022847890853882,-0.007462739944458008,-0.039721470081275356,-0.13752442598342896,-0.06308102607727051,-0.05084153985328044,-0.1694783866405487,-0.11031228303909302,-0.06113790323681201,-0.1318204700946808,-0.13987064361572266,-0.01763005530185069,-0.1646328866481781,-0.1807132363319397,-0.041140082978671444,-0.18413257598876953,-0.20912063121795654,-0.06228194361275996,-0.20028439164161682,-0.2383633255958557,-0.07665108492321338,-0.10621005296707153,-0.19347846508026123,-0.021622756251161945,-0.15126463770866394,-0.28426676988601685,-0.038211334251826656,-0.18001624941825867,-0.34487229585647583,-0.053449954592650784,-0.2055141031742096,-0.40018340945243835,-0.06424969037718142,-0.0697784423828125,-0.22063854336738586,-0.030477627866929424,-0.10232388973236084,-0.3143939971923828,-0.052031345420544994,-0.12298038601875305,-0.37742480635643005,-0.06841399123615588,-0.14287996292114258,-0.43309926986694336,-0.0790764575237688,-0.02394843101501465,-0.22528311610221863,-0.0419409123594221,-0.020301878452301025,-0.3041812777519226,-0.060222670190995586,-0.01554572582244873,-0.35782983899116516,-0.06768181523031558,-0.013628244400024414,-0.40340858697891235,-0.0723952611321863,1
0.0,0.0,0.0,-0.048928260803222656,0.01839601993560791,-0.026779464311488255,-0.09974455833435059,-0.007696390151977539,-0.0410372473816949,-0.11914262175559998,-0.06437736749649048,-0.05383269568491755,-0.14318019151687622,-0.11468809843063354,-0.06589697381068049,-0.13353833556175232,-0.1378023624420166,-0.01912504141736804,-0.16464745998382568,-0.1844264268875122,-0.042179697058685406,-0.18160304427146912,-0.21475347876548767,-0.06310939868498622,-0.19633471965789795,-0.24438530206680298,-0.07754997243691264,-0.10906147956848145,-0.19168955087661743,-0.02339780969131766,-0.15428367257118225,-0.28272661566734314,-0.039734852365739926,-0.18373337388038635,-0.34261417388916016,-0.055614919267185314,-0.21005061268806458,-0.3963107764720917,-0.06708512534905253,-0.07295852899551392,-0.21917232871055603,-0.032263227603920086,-0.10686451196670532,-0.3115690350532532,-0.05227896650839625,-0.12929698824882507,-0.37264740467071533,-0.06891304334212123,-0.15100723505020142,-0.4259677529335022,-0.08052034755755244,-0.027605652809143066,-0.22445514798164368,-0.043801979027279,-0.025685369968414307,-0.30011260509490967,-0.0608244918804246,-0.024016976356506348,-0.35159197449684143,-0.06827326943684398,-0.024237871170043945,-0.3960464596748352,-0.07343714763928233,1
0.0,0.0,0.0,-0.04622918367385864,0.020768404006958008,-0.030560070815170093,-0.09579205513000488,0.004313826560974121,-0.048647297712648196,-0.1169857382774353,-0.04250067472457886,-0.06466346436985759,-0.14189714193344116,-0.08231514692306519,-0.08021939748772411,-0.14018785953521729,-0.13374799489974976,-0.026832169088208957,-0.17915987968444824,-0.1796659231185913,-0.0509484654093626,-0.20374330878257751,-0.21454358100891113,-0.07216529006012706,-0.22365397214889526,-0.2463645040988922,-0.08772121572741298,-0.11601227521896362,-0.18958353996276855,-0.03125042484947471,-0.16509148478507996,-0.2820942997932434,-0.05035016516097812,-0.19545617699623108,-0.3428889513015747,-0.06806919926651744,-0.22210773825645447,-0.39531928300857544,-0.08100179785736827,-0.0799100399017334,-0.21588122844696045,-0.040040904822433276,-0.11567056179046631,-0.30728572607040405,-0.062362289222562595,-0.13770979642868042,-0.36868077516555786,-0.08026541972407131,-0.1587039828300476,-0.42175185680389404,-0.09301392191895275,-0.033753395080566406,-0.22045716643333435,-0.05154677683361797,-0.03278613090515137,-0.2960236370563507,-0.07087663018950252,-0.030732274055480957,-0.34782522916793823,-0.07952904904135494,-0.030877232551574707,-0.3919859528541565,-0.08569619262465267,1
0.0,0.0,0.0,-0.060989201068878174,0.014491260051727295,-0.03140718556232969,-0.1211516261100769,-0.015811443328857422,-0.04734091899581472,-0.15922686457633972,-0.06295180320739746,-0.06053414634652654,-0.20458024740219116,-0.08490383625030518,-0.07426092094965497,-0.15199023485183716,-0.15714484453201294,-0.031043401651459135,-0.20773029327392578,-0.22256684303283691,-0.05282192743607084,-0.2433624565601349,-0.26661330461502075,-0.07004103130884687,-0.2722613215446472,-0.30735906958580017,-0.08308874136992017,-0.11641907691955566,-0.20655375719070435,-0.033856664516406454,-0.16320598125457764,-0.305821031332016,-0.05097875437922994,-0.19265154004096985,-0.36741524934768677,-0.06853739238567869,-0.21809062361717224,-0.41864675283432007,-0.08202163941450635,-0.07435142993927002,-0.2271454930305481,-0.040526033111291326,-0.1031072735786438,-0.32412877678871155,-0.06228030911870519,-0.1220555305480957,-0.38641881942749023,-0.08221565998383085,-0.14058318734169006,-0.4393669366836548,-0.09696103698797742,-0.02744913101196289,-0.22535696625709534,-0.04959637738056699,-0.019175708293914795,-0.3018674850463867,-0.07188420064039747,-0.01419144868850708,-0.3539857864379883,-0.08478640086241285,-0.01333773136138916,-0.4003956913948059,-0.09375973112173597,1
0.0,0.0,0.0,-0.06551045179367065,0.008231282234191895,-0.028171321773868385,-0.1358972191810608,-0.038333892822265625,-0.03829906920526582,-0.18469959497451782,-0.09167039394378662,-0.046214454272728744,-0.23194676637649536,-0.11269587278366089,-0.054375648895245376,-0.1386745572090149,-0.17896294593811035,-0.02020677963827211,-0.18786054849624634,-0.253935843706131,-0.03640626410577852,-0.21910440921783447,-0.30083805322647095,-0.049680501619320694,-0.243717759847641,-0.3423973321914673,-0.06076694692109186,-0.10164034366607666,-0.2218371033668518,-0.022996826494079414,-0.14379161596298218,-0.32406550645828247,-0.03616044337485391,-0.1719663441181183,-0.38673603534698486,-0.050491705933552566,-0.19525060057640076,-0.43675562739372253,-0.06194688046906549,-0.059563279151916504,-0.2382006049156189,-0.03008871192668039,-0.0843801498413086,-0.3399239778518677,-0.049680501619320694,-0.10306674242019653,-0.4042561650276184,-0.06809236148927766,-0.12068960070610046,-0.45922014117240906,-0.08215322385166246,-0.013930797576904297,-0.23383086919784546,-0.03960191498134691,0.00033396482467651367,-0.3092379868030548,-0.06170106346343118,0.0071718692779541016,-0.36290687322616577,-0.07566359678838808,0.01042020320892334,-0.4117037057876587,-0.08559469173286516,1
0.0,0.0,0.0,-0.06869632005691528,-0.011025488376617432,-0.024640453957033515,-0.13303431868553162,-0.0729379653930664,-0.03408890029044187,-0.1760324239730835,-0.12967342138290405,-0.042536927364778876,-0.21772605180740356,-0.16938817501068115,-0.05118256618828809,-0.1102927029132843,-0.2171701192855835,-0.01333936860413587,-0.14800256490707397,-0.2985823452472687,-0.030284820102167487,-0.17351844906806946,-0.3481766879558563,-0.04589637552948034,-0.19395554065704346,-0.39265990257263184,-0.05888953616471326,-0.07516437768936157,-0.2437053918838501,-0.019255455560994506,-0.1074422299861908,-0.35083073377609253,-0.0346570443138603,-0.131045401096344,-0.41757410764694214,-0.051281375788164496,-0.1507704257965088,-0.47199976444244385,-0.06417572682352102,-0.037686705589294434,-0.24638128280639648,-0.029766080878687262,-0.05724596977233887,-0.35015565156936646,-0.04982396399230993,-0.07558280229568481,-0.4165005385875702,-0.06748576646299398,-0.09369093179702759,-0.47464320063591003,-0.08117058312149084,0.0017965435981750488,-0.22944128513336182,-0.04273453911395109,0.013981401920318604,-0.30197829008102417,-0.06313824837656057,0.017852067947387695,-0.35607245564460754,-0.07548916523904836,0.017755329608917236,-0.4066005349159241,-0.08507347290964162,1
0.0,0.0,0.0,-0.06957274675369263,-0.050652265548706055,-0.0017951360457146848,-0.11705848574638367,-0.13889080286026,-0.008507804853891798,-0.14883512258529663,-0.1961800456047058,-0.02133778752950377,-0.18229901790618896,-0.2483627200126648,-0.035316812714611956,-0.056456804275512695,-0.25370413064956665,-0.00040795007562621777,-0.07558411359786987,-0.33868515491485596,-0.02452890845206923,-0.09793335199356079,-0.39217138290405273,-0.04555697636870093,-0.1211271584033966,-0.43496939539909363,-0.06234609605935759,-0.027744054794311523,-0.25258374214172363,-0.023100047281062075,-0.05442821979522705,-0.3587680459022522,-0.05201066928175635,-0.0856671929359436,-0.422971248626709,-0.07649182053474135,-0.11806800961494446,-0.4702899158000946,-0.0927808311787004,-0.001979231834411621,-0.22651582956314087,-0.048771916797434756,-0.04591929912567139,-0.30729377269744873,-0.08611280741361327,-0.09313070774078369,-0.33442723751068115,-0.10897459360030837,-0.13594555854797363,-0.3534628450870514,-0.12107228012946791,0.01776587963104248,-0.18162328004837036,-0.07420563968089766,-0.021118342876434326,-0.2289109230041504,-0.11040345104602522,-0.05882805585861206,-0.24412286281585693,-0.1272640180793161,-0.09341239929199219,-0.2552831768989563,-0.1365992528405542,1
0.0,0.0,0.0,-0.07551318407058716,-0.07924222946166992,0.002984086105897177,-0.11357700824737549,-0.16663658618927002,-0.006004680825100195,-0.1445055902004242,-0.2225213646888733,-0.021299735122994434,-0.17259067296981812,-0.28121644258499146,-0.03757918480940248,-0.03699904680252075,-0.2629215121269226,0.003716230679600585,-0.08013975620269775,-0.3338054418563843,-0.021472005584911358,-0.11835774779319763,-0.36474645137786865,-0.04370705265708352,-0.15062087774276733,-0.38806748390197754,-0.05965426419086839,-0.006738722324371338,-0.25561633706092834,-0.02054913196869279,-0.051951467990875244,-0.366305947303772,-0.0488505237192669,-0.09941887855529785,-0.42138588428497314,-0.07392800454206849,-0.14110666513442993,-0.4578778147697449,-0.09041664604254152,0.01327592134475708,-0.2253894805908203,-0.04717704881139184,-0.04286414384841919,-0.30277055501937866,-0.08332899812765504,-0.10333853960037231,-0.3306525945663452,-0.10523180518455888,-0.15297016501426697,-0.34824270009994507,-0.11625704024143602,0.015484154224395752,-0.18033266067504883,-0.07250063721247102,-0.055856525897979736,-0.21892547607421875,-0.10444428626604463,-0.10658234357833862,-0.22503477334976196,-0.11576484743662263,-0.14738687872886658,-0.2260250449180603,-0.12098214630194093,1
0.0,0.0,0.0,-0.0799219012260437,-0.09270739555358887,0.003968432167184233,-0.11593711376190186,-0.16656512022018433,-0.012321086978900553,-0.14549654722213745,-0.2133249044418335,-0.03550579902379525,-0.17888128757476807,-0.25870150327682495,-0.06007557120769036,-0.02970099449157715,-0.27090099453926086,-0.016958029387879492,-0.07150286436080933,-0.3554316759109497,-0.048416973470139624,-0.10062861442565918,-0.4105367958545685,-0.07380574327557099,-0.1280764639377594,-0.4524436891078949,-0.09225716572849763,-0.0058675408363342285,-0.2531183958053589,-0.04364755135624421,-0.06018543243408203,-0.3597806692123413,-0.08189931642858994,-0.10642272233963013,-0.41452616453170776,-0.10935964566319001,-0.14873677492141724,-0.4521511197090149,-0.127088436304021,0.004561901092529297,-0.21363162994384766,-0.07062612604944718,-0.07496356964111328,-0.281266450881958,-0.10926330220549119,-0.14035362005233765,-0.29516446590423584,-0.12467962634413254,-0.1920071244239807,-0.3015788793563843,-0.13103886824696076,-0.004444301128387451,-0.1602250337600708,-0.09693023693411362,-0.08036959171295166,-0.19736021757125854,-0.1259321956023456,-0.1301003396511078,-0.21454298496246338,-0.1338330743893863,-0.16849178075790405,-0.2280556559562683,-0.1369163332566501,1
0.0,0.0,0.0,0.008352458477020264,-0.10720694065093994,0.016133862852910852,-0.01037287712097168,-0.20300781726837158,0.0064892166553534025,-0.051077067852020264,-0.2696349620819092,-0.005246289234747792,-0.09576207399368286,-0.3037917912006378,-0.022278637319942618,0.005621016025543213,-0.2494555413722992,-0.05575611877455344,-0.05196118354797363,-0.3594844937324524,-0.08465446966900458,-0.09230613708496094,-0.4169098436832428,-0.09926972973360648,-0.12589216232299805,-0.46231457591056824,-0.10838052320494285,-0.012582719326019287,-0.2044135332107544,-0.07767900514616599,-0.09908300638198853,-0.3197050094604492,-0.10335060644163718,-0.15958496928215027,-0.37270188331604004,-0.11084804373993506,-0.20509999990463257,-0.4053555727005005,-0.11777605551495185,-0.04134690761566162,-0.14939498901367188,-0.09485667634024253,-0.1310156285762787,-0.2532072961330414,-0.11758624452366462,-0.1894753873348236,-0.28864192962646484,-0.12090789961828818,-0.2295384407043457,-0.31087151169776917,-0.12366011428846946,-0.07420533895492554,-0.09133243560791016,-0.10876014518751731,-0.15172982215881348,-0.15472644567489624,-0.12992380249514213,-0.1958509087562561,-0.1828485131263733,-0.13419449019446006,-0.2278909683227539,-0.20729219913482666,-0.13590275931372275,1
0.0,0.0,0.0,0.03657609224319458,-0.1099817156791687,-0.015144723225489543,0.05080223083496094,-0.21920782327651978,-0.03503334963704674,0.03382408618927002,-0.312422513961792,-0.04830840298916428,0.016959786415100098,-0.38869208097457886,-0.06354836070920555,-0.009686648845672607,-0.22867083549499512,-0.08540188217546074,-0.06015336513519287,-0.36490753293037415,-0.11176030034209816,-0.09371960163116455,-0.4365534782409668,-0.11827802354480355,-0.12076008319854736,-0.48994180560112,-0.11952404374267189,-0.06166040897369385,-0.18434655666351318,-0.08870866591121285,-0.12901198863983154,-0.326658695936203,-0.11866141552116005,-0.16877272725105286,-0.40473729372024536,-0.12642516637231438,-0.1946844756603241,-0.45759132504463196,-0.12949233198548882,-0.10530126094818115,-0.13649457693099976,-0.08755848253156273,-0.17105206847190857,-0.2564905881881714,-0.11003502154733269,-0.2018229365348816,-0.3268967270851135,-0.11377312684442131,-0.21775752305984497,-0.37441691756248474,-0.11434822225953667,-0.13808828592300415,-0.08722776174545288,-0.08501849019910424,-0.20019996166229248,-0.18285924196243286,-0.10092939132835,-0.22341054677963257,-0.23333734273910522,-0.10083353960897057,-0.2342560887336731,-0.2739897072315216,-0.09781430358077614,1
0.0,0.0,0.0,0.042802274227142334,-0.10725343227386475,-0.02237052227218328,0.057541489601135254,-0.21055155992507935,-0.045586320933296065,0.046496570110321045,-0.3095116913318634,-0.06071516069431482,0.03928506374359131,-0.38966551423072815,-0.07664025145430742,-0.022992849349975586,-0.23267638683319092,-0.08330888616700349,-0.07047605514526367,-0.3709923028945923,-0.10610167997737108,-0.10058867931365967,-0.44481074810028076,-0.1117749990787047,-0.12565872073173523,-0.4975423216819763,-0.11286983954568086,-0.07586348056793213,-0.19323545694351196,-0.08047223406691728,-0.14114806056022644,-0.33679497241973877,-0.10361337977309404,-0.17784598469734192,-0.4144194722175598,-0.10789324658770738,-0.20167028903961182,-0.46619999408721924,-0.10938623118062196,-0.11834067106246948,-0.1469452977180481,-0.07425148355622468,-0.1771591305732727,-0.26799193024635315,-0.09102259891886888,-0.20488888025283813,-0.3373444676399231,-0.09395879077573,-0.22041884064674377,-0.385032057762146,-0.09530247318406282,-0.1485689878463745,-0.09931129217147827,-0.06738379913230119,-0.2088361382484436,-0.18356305360794067,-0.07912854420800386,-0.23330634832382202,-0.22779518365859985,-0.07853135782141862,-0.24809530377388,-0.2651788592338562,-0.07619235980172334,1
0.0,0.0,0.0,0.0491337776184082,-0.1031610369682312,-0.03044140420263375,0.0687711238861084,-0.2082747220993042,-0.05741308338349427,0.058328866958618164,-0.30344662070274353,-0.0736011200339135,0.05377781391143799,-0.3857575058937073,-0.08988970599477852,-0.02359098196029663,-0.23265087604522705,-0.0978831731468972,-0.06645345687866211,-0.36978042125701904,-0.1274942093283471,-0.09453326463699341,-0.44818544387817383,-0.13845381967132653,-0.1148548424243927,-0.5082593560218811,-0.14197295240467156,-0.0795893669128418,-0.19444048404693604,-0.08727549097841347,-0.1485673487186432,-0.3326553702354431,-0.12095867178743447,-0.18689501285552979,-0.417787104845047,-0.12940459779804314,-0.21466219425201416,-0.47902074456214905,-0.13171716860836113,-0.11803388595581055,-0.15496277809143066,-0.07194210670297707,-0.1750827431678772,-0.2718680799007416,-0.09215201518838967,-0.19381585717201233,-0.34066957235336304,-0.08958806178873147,-0.20576435327529907,-0.38749587535858154,-0.08456073037689293,-0.1392105519771576,-0.11690413951873779,-0.056910351732426534,-0.17353379726409912,-0.21968179941177368,-0.0643005453736123,-0.17976289987564087,-0.2661178410053253,-0.05535188026135529,-0.18384268879890442,-0.2986418902873993,-0.04582506499593819,1
0.0,0.0,0.0,0.048675358295440674,-0.10538774728775024,-0.03328785550746716,0.0654296875,-0.21085846424102783,-0.06155899417552746,0.054226815700531006,-0.3084571361541748,-0.07751849916729725,0.05056631565093994,-0.3910965323448181,-0.09256604936871327,-0.027007341384887695,-0.2356245517730713,-0.10497900721583164,-0.07386124134063721,-0.37067553400993347,-0.13112220791134632,-0.10147053003311157,-0.44919347763061523,-0.14044458297047413,-0.12172946333885193,-0.5086815357208252,-0.14307916787419117,-0.08409714698791504,-0.1964227557182312,-0.08901949104819096,-0.1481543779373169,-0.3288988173007965,-0.11693597462925709,-0.18427586555480957,-0.412952184677124,-0.12119184312376774,-0.20992374420166016,-0.47254782915115356,-0.12179982540163792,-0.12192171812057495,-0.16152864694595337,-0.06774014112505711,-0.16423529386520386,-0.27675220370292664,-0.07843048003468311,-0.175846129655838,-0.34763744473457336,-0.07204667356762684,-0.18214091658592224,-0.39360204339027405,-0.0672334867433051,-0.14231601357460022,-0.13183081150054932,-0.047702084006402856,-0.15558528900146484,-0.23088854551315308,-0.04681544256362713,-0.15136408805847168,-0.2754659950733185,-0.03635309514555729,-0.1449047327041626,-0.30543726682662964,-0.02746136737022198,1
0.0,0.0,0.0,0.04284101724624634,-0.10373717546463013,-0.02844260534766363,0.055046021938323975,-0.2120322585105896,-0.05056400498870062,0.041737258434295654,-0.30834758281707764,-0.06250253966572927,0.036998450756073,-0.3921785354614258,-0.07338767400506185,-0.033181071281433105,-0.23926091194152832,-0.08176471939805197,-0.0880776047706604,-0.37488919496536255,-0.09766603163006948,-0.1161913275718689,-0.4482186436653137,-0.10313368490460562,-0.13762101531028748,-0.5030499696731567,-0.1041369279337232,-0.0874108076095581,-0.19842326641082764,-0.06606402894976782,-0.14732667803764343,-0.319740355014801,-0.06967569789412664,-0.1690141260623932,-0.3852396011352539,-0.05994428223493742,-0.18301814794540405,-0.4259323477745056,-0.05482776364806341,-0.12603271007537842,-0.1572415828704834,-0.047378725321323145,-0.16111516952514648,-0.26548486948013306,-0.041986319185525645,-0.13727372884750366,-0.27400389313697815,-0.022749227420717943,-0.11628338694572449,-0.2538808584213257,-0.011318584853142966,-0.15064296126365662,-0.12213009595870972,-0.03102594329538988,-0.15866729617118835,-0.20939236879348755,-0.024153760583430994,-0.13743123412132263,-0.21841567754745483,-0.009111459316045512,-0.11991551518440247,-0.20698219537734985,0.002822371017828118,1
0.0,0.0,0.0,0.040564000606536865,-0.1104968786239624,-0.019565027418309455,0.052434563636779785,-0.22020208835601807,-0.03912943063932062,0.0359380841255188,-0.3150642514228821,-0.049350017892891174,0.0226936936378479,-0.39466583728790283,-0.05957060514646173,-0.03634887933731079,-0.23696082830429077,-0.08026228679972292,-0.08498859405517578,-0.3754833936691284,-0.09258710427837968,-0.1124303936958313,-0.44469380378723145,-0.09183559401589036,-0.13394558429718018,-0.4937281608581543,-0.08872933520632387,-0.08914273977279663,-0.19599372148513794,-0.07104371322947145,-0.14516621828079224,-0.31775951385498047,-0.07264693661289812,-0.14955243468284607,-0.3630964756011963,-0.05551243035750986,-0.1445731222629547,-0.3789962828159332,-0.04456538169341684,-0.12879914045333862,-0.14857745170593262,-0.05811767860012651,-0.17376291751861572,-0.26871228218078613,-0.0560134371991694,-0.15365147590637207,-0.2949800491333008,-0.03326762675004602,-0.13321730494499207,-0.2891932427883148,-0.01907654313998819,-0.15695101022720337,-0.1057891845703125,-0.045767804818922286,-0.19631731510162354,-0.21122854948043823,-0.04388902171211839,-0.18243587017059326,-0.2403641939163208,-0.026654307010346656,-0.166935533285141,-0.24558967351913452,-0.012513325760835414,1
0.0,0.0,0.0,0.032066285610198975,-0.1179007887840271,-0.00455298084018807,0.03467869758605957,-0.2228909134864807,-0.018297324843686624,0.007929563522338867,-0.31706538796424866,-0.028380407907050653,-0.011271834373474121,-0.3914758563041687,-0.03809459596125464,-0.0514562726020813,-0.23822158575057983,-0.05041562854496817,-0.11204242706298828,-0.34808290004730225,-0.052776546172779604,-0.13783422112464905,-0.38710418343544006,-0.03733221902696471,-0.15147721767425537,-0.3955736756324768,-0.022367448501270815,-0.10394209623336792,-0.1964244246482849,-0.050464809827488466,-0.16303476691246033,-0.3101208209991455,-0.04407066567985396,-0.15428957343101501,-0.3160781264305115,-0.01903511299936156,-0.14010024070739746,-0.2989045977592468,9.853137559900915e-05,-0.14125719666481018,-0.14612209796905518,-0.046874248377960726,-0.19880065321922302,-0.25061535835266113,-0.04020958109943251,-0.18154311180114746,-0.25653594732284546,-0.010962500192206903,-0.16094130277633667,-0.23747217655181885,0.008226092949527697,-0.16749227046966553,-0.09251236915588379,-0.04298857688156943,-0.24055728316307068,-0.16895979642868042,-0.041783527426403566,-0.2589681148529053,-0.21839696168899536,-0.02801151289789061,-0.26444298028945923,-0.2558463215827942,-0.015469144985061689,1
0.0,0.0,0.0,0.012957274913787842,-0.11458849906921387,0.018553935830341928,0.004562973976135254,-0.216383695602417,0.017775867973314874,-0.03421831130981445,-0.29765549302101135,0.01610002750610029,-0.058718085289001465,-0.3611021637916565,0.01320321848695194,-0.05863398313522339,-0.24026578664779663,-0.019284132029069312,-0.13999927043914795,-0.3120516538619995,-0.018051193188084014,-0.17717844247817993,-0.32462620735168457,-0.005614068451476939,-0.19728904962539673,-0.31587058305740356,0.005946234241919868,-0.09601259231567383,-0.19394433498382568,-0.0312424479975828,-0.18104958534240723,-0.2755250334739685,-0.030332706029666312,-0.21307772397994995,-0.2921842634677887,-0.01738085700119818,-0.22479301691055298,-0.28456223011016846,-0.00579661512668217,-0.12779808044433594,-0.13738274574279785,-0.038711906503094085,-0.21320611238479614,-0.21611696481704712,-0.03655725074852789,-0.23893243074417114,-0.23894023895263672,-0.020289636309398063,-0.2454972267150879,-0.24214771389961243,-0.008379204291058429,-0.15292787551879883,-0.07282745838165283,-0.043164854030264266,-0.24162793159484863,-0.11449599266052246,-0.043595780710829146,-0.27629750967025757,-0.14041805267333984,-0.03344497932041968,-0.2924521863460541,-0.16622835397720337,-0.02285127816642607,1
0.0,0.0,0.0,-0.03699004650115967,-0.08023661375045776,0.025274054659291778,-0.08567774295806885,-0.15107083320617676,0.017988275317236457,-0.13028186559677124,-0.19653087854385376,0.005721854092314516,-0.17571017146110535,-0.21146225929260254,-0.011652350845054116,-0.06807738542556763,-0.22898608446121216,-0.0311990216842446,-0.16665607690811157,-0.265689492225647,-0.0631503131708655,-0.23013994097709656,-0.261300653219223,-0.08508504596562716,-0.27755969762802124,-0.24591097235679626,-0.09835201171250674,-0.06285655498504639,-0.2034897804260254,-0.06009890553565356,-0.17145144939422607,-0.2597714960575104,-0.08698663529963824,-0.24020564556121826,-0.2579213082790375,-0.10180142936320635,-0.29334649443626404,-0.2463514506816864,-0.11427237507911059,-0.06603032350540161,-0.15565097332000732,-0.08521770355315539,-0.16536051034927368,-0.23002579808235168,-0.10737355467887255,-0.2304186224937439,-0.23455223441123962,-0.11781023857207629,-0.281225323677063,-0.23100802302360535,-0.1278931241950545,-0.07636362314224243,-0.09395384788513184,-0.10648908880563113,-0.143000066280365,-0.12917321920394897,-0.13001585421176287,-0.18784493207931519,-0.14822125434875488,-0.1405409764966521,-0.22839012742042542,-0.17037612199783325,-0.14876650688262316,1
0.0,0.0,0.0,-0.07176429033279419,-0.04299896955490112,-0.008384868410686863,-0.12730488181114197,-0.11467951536178589,-0.022796638218025578,-0.17391210794448853,-0.16071724891662598,-0.041036348698000324,-0.22196632623672485,-0.19253116846084595,-0.0612925737176937,-0.08602964878082275,-0.22090601921081543,-0.013819187787632359,-0.14999619126319885,-0.27216947078704834,-0.05605193218336524,-0.19635140895843506,-0.26973503828048706,-0.09287314480290831,-0.24021098017692566,-0.2531810998916626,-0.11565855508790435,-0.06049978733062744,-0.23368489742279053,-0.03173990910993041,-0.1128186583518982,-0.32047754526138306,-0.06543951844916762,-0.16356179118156433,-0.3552030920982361,-0.09433140969024123,-0.21657145023345947,-0.37695610523223877,-0.11465599006162108,-0.02670198678970337,-0.2198648452758789,-0.053773391899923695,-0.05560648441314697,-0.3158853352069855,-0.08754136031613768,-0.09753429889678955,-0.3513888120651245,-0.11082804566369475,-0.14662808179855347,-0.3774902820587158,-0.1266866809700531,0.007853150367736816,-0.18233245611190796,-0.07623980557666243,0.022292613983154297,-0.24501198530197144,-0.10663552945599974,0.009736716747283936,-0.2862870991230011,-0.12367901569352568,-0.01790565252304077,-0.32250291109085083,-0.13589199250684203,1
0.0,0.0,0.0,-0.06788003444671631,-0.007939398288726807,-0.021467952441071247,-0.13157975673675537,-0.06510531902313232,-0.03259855919668553,-0.16719603538513184,-0.12680286169052124,-0.04464268722722409,-0.20272600650787354,-0.1756535768508911,-0.05630217903444645,-0.11313092708587646,-0.20081347227096558,-0.010217149193977093,-0.16039994359016418,-0.2500515282154083,-0.04091645815560696,-0.1988677680492401,-0.2618602514266968,-0.06687985771486638,-0.23773431777954102,-0.26408082246780396,-0.08293869757244465,-0.07816606760025024,-0.2423456907272339,-0.018703332554196095,-0.11774355173110962,-0.33160126209259033,-0.039954852696155285,-0.1543661653995514,-0.3814479112625122,-0.05913891681620953,-0.19285553693771362,-0.4231744408607483,-0.07288989835569737,-0.0355144739151001,-0.2528952360153198,-0.033007238443587994,-0.053729355335235596,-0.34908193349838257,-0.05981204324552891,-0.07900696992874146,-0.40654104948043823,-0.07861145996639607,-0.107535719871521,-0.4585358500480652,-0.09092003517935154,0.01043921709060669,-0.2370942234992981,-0.049426686402057385,0.03134477138519287,-0.31611084938049316,-0.07346687131712315,0.04147595167160034,-0.37588775157928467,-0.08587159627268193,0.04375225305557251,-0.43204939365386963,-0.09428566360065815,1
0.0,0.0,0.0,-0.06253284215927124,0.0030884742736816406,-0.02835387379568033,-0.11906546354293823,-0.038442015647888184,-0.04270141773562841,-0.14192169904708862,-0.10505735874176025,-0.05582893841605596,-0.1642211675643921,-0.16899579763412476,-0.06802922316532545,-0.12833338975906372,-0.1812293529510498,-0.0173492097918313,-0.16694560647010803,-0.22980722784996033,-0.04343343727927618,-0.19719791412353516,-0.2600332498550415,-0.06544276156168394,-0.22369170188903809,-0.2867012619972229,-0.08032712169628553,-0.09534287452697754,-0.23069429397583008,-0.0222171267185729,-0.13626796007156372,-0.3320893347263336,-0.042067004523090645,-0.1648591160774231,-0.3975154161453247,-0.058464193872026726,-0.19173377752304077,-0.4565432071685791,-0.06920045443516187,-0.05383580923080444,-0.2500748634338379,-0.032501975229791924,-0.07980507612228394,-0.3513963222503662,-0.057585774144939705,-0.09843415021896362,-0.41941285133361816,-0.0749589932773631,-0.11811035871505737,-0.4790900647640228,-0.0855488462064784,-0.006023585796356201,-0.24393031001091003,-0.0455562865052741,0.007211863994598389,-0.3257698714733124,-0.06744361498098783,0.01734524965286255,-0.38380467891693115,-0.0766670314286273,0.023576855659484863,-0.43309247493743896,-0.08188876338940076,1
0.0,0.0,0.0,-0.06300055980682373,0.003742992877960205,-0.03275980365162923,-0.12076479196548462,-0.03109872341156006,-0.04984382849818303,-0.14219334721565247,-0.09695488214492798,-0.06485317957287862,-0.1628408432006836,-0.1619020700454712,-0.07894045424347951,-0.14514857530593872,-0.18819206953048706,-0.024461116014776962,-0.1985834836959839,-0.2563437521457672,-0.04718004849439694,-0.23309868574142456,-0.30142128467559814,-0.06638997357970311,-0.2609156370162964,-0.34338220953941345,-0.0809895203698261,-0.10736250877380371,-0.2383442521095276,-0.0276371550995691,-0.1507323980331421,-0.34404799342155457,-0.04459311377888753,-0.1802724003791809,-0.4119131863117218,-0.062394312887249725,-0.2061450481414795,-0.47016626596450806,-0.07602054935580327,-0.0624772310256958,-0.2572984993457794,-0.03596145596986844,-0.08850240707397461,-0.35859593749046326,-0.057015533863364,-0.10769522190093994,-0.42455655336380005,-0.07627668541556432,-0.12615036964416504,-0.4810807704925537,-0.0907737718213184,-0.012494087219238281,-0.252613365650177,-0.04753863376265599,-0.00040853023529052734,-0.33130010962486267,-0.06838780951386525,0.006801486015319824,-0.3874041438102722,-0.08032357257491185,0.010419368743896484,-0.4361291527748108,-0.08882716607934071,1
0.0,0.0,0.0,-0.0672498345375061,0.0002511739730834961,-0.03427803147241093,-0.12650752067565918,-0.04208642244338989,-0.05072913322254635,-0.15397703647613525,-0.10946142673492432,-0.06474695358082272,-0.18641194701194763,-0.16915780305862427,-0.07786551121279217,-0.151600182056427,-0.19247722625732422,-0.023830790106501354,-0.2055630087852478,-0.2649615406990051,-0.04641799259587742,-0.2402869462966919,-0.31135833263397217,-0.06532882157370068,-0.2687890827655792,-0.3535313308238983,-0.07961113009258725,-0.1111488938331604,-0.23848223686218262,-0.026343418319072498,-0.1554911732673645,-0.3442402184009552,-0.04366732764646031,-0.1845121681690216,-0.41150492429733276,-0.06300133470102764,-0.21029424667358398,-0.4702830910682678,-0.07781261209055401,-0.06481444835662842,-0.2544459104537964,-0.03411934155627705,-0.08971083164215088,-0.35768377780914307,-0.05707681927486874,-0.10947495698928833,-0.42529892921447754,-0.07950533184811093,-0.1300831437110901,-0.484580397605896,-0.09616801891132809,-0.013980269432067871,-0.24748468399047852,-0.04491041231557347,0.000701904296875,-0.32781732082366943,-0.06855556372210003,0.0094451904296875,-0.3844088912010193,-0.08326105776831128,0.012835264205932617,-0.4353996515274048,-0.0937876403669975,1
0.0,0.0,0.0,-0.07347619533538818,-0.0044168829917907715,-0.03273093328405707,-0.13700085878372192,-0.06184178590774536,-0.045065287505877905,-0.17555159330368042,-0.13359296321868896,-0.05508536100913375,-0.22240692377090454,-0.18425136804580688,-0.0638338513724932,-0.14792567491531372,-0.18991553783416748,-0.01339015923966258,-0.19796407222747803,-0.26073139905929565,-0.03501978144575446,-0.22941017150878906,-0.3048466444015503,-0.05350859836269706,-0.25860390067100525,-0.34867483377456665,-0.06775033101965278,-0.10705393552780151,-0.23043584823608398,-0.015653576707137518,-0.15117648243904114,-0.32495421171188354,-0.03468917310763686,-0.18031752109527588,-0.3857595920562744,-0.05447500199605315,-0.20856323838233948,-0.44141680002212524,-0.06907277182270377,-0.06097525358200073,-0.2432640790939331,-0.023715410386813573,-0.08764100074768066,-0.3273165822029114,-0.04933780432273238,-0.1128455400466919,-0.3814257085323334,-0.06876758859087317,-0.14190509915351868,-0.4322938024997711,-0.0815342851035723,-0.010683894157409668,-0.23782670497894287,-0.03468917310763686,-0.00909358263015747,-0.3117697238922119,-0.05828974769045203,-0.013469994068145752,-0.36171093583106995,-0.07080212608505576,-0.025496721267700195,-0.40829890966415405,-0.07914370671440452,1
0.0,0.0,0.0,-0.07779955863952637,-0.0049704909324646,-0.02908723036301808,-0.14674627780914307,-0.07703655958175659,-0.03539441319657044,-0.19059646129608154,-0.1576722264289856,-0.03987643661452012,-0.23497796058654785,-0.20556175708770752,-0.042140556299216314,-0.14309421181678772,-0.18651628494262695,-0.005908916504210993,-0.19146472215652466,-0.2522345185279846,-0.020862482288009687,-0.22191709280014038,-0.2901034355163574,-0.03479372503710465,-0.2524717152118683,-0.3270738124847412,-0.04724636840177254,-0.10320568084716797,-0.22343266010284424,-0.00601288144019918,-0.14000540971755981,-0.298316091299057,-0.023473145240075155,-0.16914832592010498,-0.3378557860851288,-0.04130883681131081,-0.1998947262763977,-0.366300106048584,-0.054708709740168615,-0.057841360569000244,-0.23748284578323364,-0.011424813219434782,-0.07533282041549683,-0.3098437786102295,-0.03786645623398499,-0.10074961185455322,-0.3216913342475891,-0.05295286493850426,-0.12979835271835327,-0.3252870440483093,-0.060253487699753805,-0.008722186088562012,-0.23606592416763306,-0.01937232146514134,-0.006040811538696289,-0.3115042448043823,-0.04482052641463952,-0.012272357940673828,-0.3627917468547821,-0.05895970555496888,-0.025246739387512207,-0.40614333748817444,-0.06686100902510361,1
0.0,0.0,0.0,-0.07466268539428711,-0.01381748914718628,-0.0252793963227278,-0.14435923099517822,-0.08890652656555176,-0.03318890288209975,-0.18589001893997192,-0.16438651084899902,-0.041031946537256836,-0.22756630182266235,-0.21278131008148193,-0.04679237037634909,-0.1274743676185608,-0.19108670949935913,-0.0009055916379994144,-0.1641138195991516,-0.24296361207962036,-0.02234379306173384,-0.18990382552146912,-0.2693527936935425,-0.04351336240506232,-0.21773898601531982,-0.2908952236175537,-0.05973117530083716,-0.08779704570770264,-0.22474902868270874,-0.003697182859466075,-0.12063157558441162,-0.3022969961166382,-0.03307812764978468,-0.14672154188156128,-0.3078545928001404,-0.05561025544738829,-0.16968783736228943,-0.2905616760253906,-0.06721972778177321,-0.04304295778274536,-0.23710274696350098,-0.011531916556120514,-0.06242501735687256,-0.32323217391967773,-0.041120567468166946,-0.08254861831665039,-0.31277453899383545,-0.0530402186486727,-0.10125488042831421,-0.2824223041534424,-0.05507852241134703,0.006383121013641357,-0.23108810186386108,-0.02207792840635836,0.003686845302581787,-0.300331175327301,-0.04517501696682036,-0.01237863302230835,-0.33688145875930786,-0.05685096338129103,-0.03176790475845337,-0.35717862844467163,-0.061902412322521805,1
0.0,0.0,0.0,-0.07373976707458496,-0.02015310525894165,-0.022075519397247945,-0.13823387026786804,-0.09914892911911011,-0.027560381650317822,-0.17580363154411316,-0.17550086975097656,-0.0334758725607287,-0.21797558665275574,-0.22498434782028198,-0.03882474495409838,-0.11698448657989502,-0.21000337600708008,0.0011211090364042775,-0.15419378876686096,-0.27386635541915894,-0.014868140652168904,-0.1823282539844513,-0.30723169445991516,-0.031118741690505658,-0.21153783798217773,-0.34048792719841003,-0.04532951904772631,-0.07564300298690796,-0.23645681142807007,-0.005380122888226424,-0.10598915815353394,-0.32683706283569336,-0.021508902742851888,-0.13555759191513062,-0.3697250783443451,-0.040388610645521794,-0.16800528764724731,-0.3993648290634155,-0.05493935613273493,-0.031016290187835693,-0.23500877618789673,-0.01672664886652342,-0.049504876136779785,-0.32269087433815,-0.04494421599744669,-0.07961153984069824,-0.32725605368614197,-0.06223739726780764,-0.11102128028869629,-0.3181326985359192,-0.07107663570283762,0.01482921838760376,-0.21374791860580444,-0.029486882000554715,-0.006084322929382324,-0.2659035325050354,-0.05747780619500986,-0.028970062732696533,-0.2631118893623352,-0.06803956298469416,-0.05146646499633789,-0.24869531393051147,-0.07298047511218897,1
0.0,0.0,0.0,-0.07160401344299316,-0.025775909423828125,-0.017947691777422392,-0.1299058496952057,-0.11912393569946289,-0.020370365405156576,-0.16054975986480713,-0.198655366897583,-0.023324544826223814,-0.19795241951942444,-0.25240451097488403,-0.0266495415062451,-0.10493791103363037,-0.23828309774398804,0.0002996162283892545,-0.1407681405544281,-0.31648945808410645,-0.01562390225537058,-0.1674526333808899,-0.36208826303482056,-0.02966552349336382,-0.19246026873588562,-0.405792236328125,-0.041185585135295355,-0.06127345561981201,-0.2584095597267151,-0.00885648401983019,-0.09221464395523071,-0.3637545704841614,-0.023534675413444006,-0.11677145957946777,-0.4260175824165344,-0.040567555749490225,-0.14189103245735168,-0.4771082103252411,-0.05310118692524668,-0.019162356853485107,-0.2489418387413025,-0.022706515440418684,-0.041163086891174316,-0.33321696519851685,-0.048651372367217505,-0.07306641340255737,-0.36874955892562866,-0.06921938183315035,-0.10451996326446533,-0.39688706398010254,-0.08118441822536226,0.018039464950561523,-0.22127550840377808,-0.03760101767785784,-0.02136075496673584,-0.2635676860809326,-0.06308853747852083,-0.051457107067108154,-0.2726556062698364,-0.07460858794458147,-0.07748085260391235,-0.2803063988685608,-0.08118441822536226,1
0.0,0.0,0.0,-0.07062071561813354,-0.03883779048919678,-0.016790793725391495,-0.1204405128955841,-0.13490265607833862,-0.02592360552503692,-0.14476674795150757,-0.21245890855789185,-0.036044094228287804,-0.17696121335029602,-0.27051788568496704,-0.0471522616977893,-0.0877842903137207,-0.2587684988975525,-0.016277715080519783,-0.10636928677558899,-0.35458046197891235,-0.04099531050874816,-0.12502071261405945,-0.4106091856956482,-0.06233940597726928,-0.14420011639595032,-0.46098989248275757,-0.0792197058732711,-0.05283099412918091,-0.2660261392593384,-0.028707060479661095,-0.07214313745498657,-0.38088029623031616,-0.05289874922587501,-0.09255021810531616,-0.4535258114337921,-0.07603862088276969,-0.11491811275482178,-0.5184025764465332,-0.09297024410321342,-0.01820605993270874,-0.24703508615493774,-0.04435597684337722,-0.035708069801330566,-0.3589242100715637,-0.07024082493140327,-0.05724555253982544,-0.4230859577655792,-0.089737846964141,-0.08197855949401855,-0.4804987907409668,-0.10389882277800666,0.018059730529785156,-0.20706814527511597,-0.061621095501919854,0.017444968223571777,-0.2820412516593933,-0.08660805177046882,0.006650269031524658,-0.33552542328834534,-0.1002046610052787,-0.00799417495727539,-0.3862215280532837,-0.11010709356619941,1
0.0,0.0,0.0,-0.06876766681671143,-0.038620710372924805,-0.014866319046404897,-0.11480563879013062,-0.1334223747253418,-0.021447953329470693,-0.1351030468940735,-0.20975029468536377,-0.029401820645716725,-0.1647520363330841,-0.2649496793746948,-0.03837215390899473,-0.08205759525299072,-0.26201802492141724,-0.0128397359783321,-0.09504091739654541,-0.3569827377796173,-0.03522110220887953,-0.10685887932777405,-0.4155108332633972,-0.054178240270402966,-0.11860695481300354,-0.46846461296081543,-0.06881538641550833,-0.04773169755935669,-0.26776838302612305,-0.025412181885030805,-0.06102043390274048,-0.3825582265853882,-0.04785072293975645,-0.07595270872116089,-0.46240943670272827,-0.0702892677197724,-0.09169501066207886,-0.5316812694072723,-0.08665440094569021,-0.012760937213897705,-0.249331533908844,-0.04131991279223257,-0.02319204807281494,-0.35368281602859497,-0.06962855768301779,-0.041215479373931885,-0.4217228889465332,-0.09270240229466253,-0.06013989448547363,-0.48139166831970215,-0.10866094988682562,0.022596418857574463,-0.21064960956573486,-0.05834576350548559,0.04536157846450806,-0.28923624753952026,-0.08614617449143225,0.05779927968978882,-0.3447914719581604,-0.10251131516793066,0.06670087575912476,-0.397787868976593,-0.11404824119904333,1
0.0,0.0,0.0,-0.06855660676956177,-0.03728830814361572,-0.017812262637335152,-0.11466696858406067,-0.12888842821121216,-0.024828658787328095,-0.133924663066864,-0.20534473657608032,-0.03229647443981776,-0.16204684972763062,-0.2603846788406372,-0.040267306728082986,-0.08326578140258789,-0.2632905840873718,-0.014239576061982007,-0.10203197598457336,-0.36050981283187866,-0.03521137626262316,-0.11694708466529846,-0.41764381527900696,-0.05303611548038134,-0.13127392530441284,-0.46964576840400696,-0.06696572468968043,-0.04721057415008545,-0.27238893508911133,-0.025176898924428315,-0.06642663478851318,-0.3871249556541443,-0.04632927046509394,-0.0815114974975586,-0.46492254734039307,-0.06810073123665461,-0.09465432167053223,-0.5347966849803925,-0.08409399108381876,-0.01003187894821167,-0.2564884424209595,-0.03969980717988619,-0.015452682971954346,-0.3681865334510803,-0.06773959414454112,-0.022972822189331055,-0.44547200202941895,-0.09270970837565073,-0.031122803688049316,-0.5149697363376617,-0.11040547059269556,0.02841496467590332,-0.21948492527008057,-0.055357720119673104,0.06219905614852905,-0.2937438488006592,-0.08430034981461176,0.08469551801681519,-0.3496568202972412,-0.10235724912377009,0.10293030738830566,-0.40284138917922974,-0.1150486724206985,1
0.0,0.0,0.0,-0.06910866498947144,-0.034410178661346436,-0.02003266675447435,-0.12051039934158325,-0.12219280004501343,-0.026779700201501555,-0.14723163843154907,-0.19996386766433716,-0.03387909768198938,-0.18213176727294922,-0.2553427815437317,-0.041787613314141936,-0.08487582206726074,-0.2540605664253235,-0.011197572704901404,-0.11634114384651184,-0.3464188277721405,-0.03027719644879312,-0.13953542709350586,-0.40549492835998535,-0.047268763315429396,-0.15817129611968994,-0.4596126973628998,-0.061754662674417204,-0.042733609676361084,-0.27456969022750854,-0.021102795508255667,-0.06441134214401245,-0.39205941557884216,-0.040064968299617476,-0.07983416318893433,-0.47181618213653564,-0.06123264892076463,-0.09290432929992676,-0.542280375957489,-0.077780507635822,0.0004151463508605957,-0.2655235528945923,-0.035079728942861266,-0.00010955333709716797,-0.3811032176017761,-0.061754662674417204,-0.0001372694969177246,-0.45969146490097046,-0.08655034763788194,-0.001998722553253174,-0.5305778682231903,-0.10482085509275407,0.04326069355010986,-0.23292559385299683,-0.0504791514394185,0.0816652774810791,-0.3084057569503784,-0.07851132763599367,0.10820174217224121,-0.36635953187942505,-0.09657301021789522,0.12889403104782104,-0.4224102199077606,-0.1099365950939557,1
0.0,0.0,0.0,0.08172598481178284,-0.012596487998962402,-0.03619314218212821,0.15141689777374268,-0.06900638341903687,-0.0546347447698281,0.1927359700202942,-0.13406437635421753,-0.07069761166621902,0.23677152395248413,-0.182464599609375,-0.08722086856414535,0.12811687588691711,-0.22280514240264893,-0.03954383963991859,0.16970345377922058,-0.3088464140892029,-0.07161841402103164,0.2013830542564392,-0.36152923107147217,-0.09596849093486526,0.22976350784301758,-0.4081364870071411,-0.11336140195180633,0.08353069424629211,-0.25183379650115967,-0.043303778863446496,0.10511445999145508,-0.37122786045074463,-0.07264152029802062,0.12295180559158325,-0.4465804100036621,-0.09571270505239227,0.13967382907867432,-0.5134160816669464,-0.1122359694008992,0.036565154790878296,-0.24928593635559082,-0.051411940253274224,0.046286970376968384,-0.36289602518081665,-0.08297496149589279,0.05356097221374512,-0.4395618736743927,-0.10394875565816619,0.06374526023864746,-0.5090351104736328,-0.11745384941150405,-0.0124148428440094,-0.2208155393600464,-0.06235924223710754,-0.0320393443107605,-0.3068283200263977,-0.09453613171626785,-0.043578892946243286,-0.3665432333946228,-0.11039436469127395,-0.04992520809173584,-0.4258476495742798,-0.11939775804330566,1
0.0,0.0,0.0,0.08284342288970947,-0.011945486068725586,-0.04539111734158041,0.1501356065273285,-0.07945781946182251,-0.06588387966877463,0.1916501224040985,-0.1521143913269043,-0.08279245824343207,0.23478737473487854,-0.2031571865081787,-0.09937271953350546,0.1215219497680664,-0.2419893741607666,-0.03972756222611906,0.16681858897209167,-0.3252386748790741,-0.07212199748283865,0.19877001643180847,-0.3844880163669586,-0.09756694466597082,0.22508850693702698,-0.43663501739501953,-0.11589826375967505,0.07503759860992432,-0.27664101123809814,-0.03909827873832228,0.1006585955619812,-0.39460983872413635,-0.06692356348759176,0.11881262063980103,-0.46964123845100403,-0.08749840886122229,0.13481149077415466,-0.5352855622768402,-0.10227289528376104,0.02807578444480896,-0.27704089879989624,-0.04462503374344351,0.04009804129600525,-0.3901076316833496,-0.0748032975268984,0.051262497901916504,-0.4612906575202942,-0.09324404329782965,0.0642906129360199,-0.5248840153217316,-0.10528252006298544,-0.019836753606796265,-0.25110524892807007,-0.05458413169509413,-0.03385832905769348,-0.33446699380874634,-0.08547375083691122,-0.03941547870635986,-0.3946768045425415,-0.10079544515139105,-0.03957834839820862,-0.4545373320579529,-0.10998845577961447,1
0.0,0.0,0.0,0.08560314774513245,-0.0053141117095947266,-0.03867928297671597,0.15587568283081055,-0.07382583618164062,-0.05242327587160389,0.19823628664016724,-0.1469976305961609,-0.0633967405692033,0.2380809187889099,-0.19395595788955688,-0.07360966862592022,0.13523775339126587,-0.23482686281204224,-0.027977434782712862,0.18310010433197021,-0.3159954845905304,-0.05242327587160389,0.2137271761894226,-0.37445616722106934,-0.07241454334410946,0.2374681830406189,-0.4253099858760834,-0.08729933561238568,0.08869439363479614,-0.2721371650695801,-0.0275292637333564,0.11634427309036255,-0.389340877532959,-0.04764275239261906,0.13610607385635376,-0.4624748229980469,-0.062364585562079355,0.1521199643611908,-0.5253861546516418,-0.0725231877103738,0.04163402318954468,-0.2763550877571106,-0.03289376930746357,0.05526083707809448,-0.3890244960784912,-0.05660622925910275,0.06857913732528687,-0.46020418405532837,-0.07214291752728741,0.08129709959030151,-0.5228069126605988,-0.08197557540091793,-0.006845712661743164,-0.25425440073013306,-0.04245480881485264,-0.02155396342277527,-0.33818864822387695,-0.06937239678057949,-0.030756443738937378,-0.39749178290367126,-0.08317070813330929,-0.03673577308654785,-0.45626550912857056,-0.09077608199271481,1
0.0,0.0,0.0,0.0862293541431427,-0.002704918384552002,-0.03291072592421074,0.16009080410003662,-0.06749695539474487,-0.04349493876381416,0.20228183269500732,-0.13506591320037842,-0.05256318569465179,0.24014288187026978,-0.1787937879562378,-0.0614660595385601,0.14968463778495789,-0.2265310287475586,-0.023925167399482916,0.19928091764450073,-0.30562925338745117,-0.0467473816899826,0.23045581579208374,-0.36063623428344727,-0.06609665498419304,0.254430890083313,-0.4106307625770569,-0.0813114558188488,0.10481411218643188,-0.2648026943206787,-0.027163828614192198,0.1375160813331604,-0.38015443086624146,-0.04768452316804428,0.15817397832870483,-0.4523600935935974,-0.06488387182636757,0.17339754104614258,-0.514967679977417,-0.07767313614769478,0.058273106813430786,-0.26988184452056885,-0.03555678099675674,0.07899108529090881,-0.38175415992736816,-0.06003277644796867,0.09232282638549805,-0.45463359355926514,-0.07883078500910301,0.10314571857452393,-0.5202341675758362,-0.0914546687929203,0.008067011833190918,-0.24878203868865967,-0.04735376954360504,-0.002421081066131592,-0.3385828733444214,-0.07541296527071495,-0.010192424058914185,-0.4016687273979187,-0.09106878087206383,-0.015560835599899292,-0.46251457929611206,-0.1006055985419323,1
0.0,0.0,0.0,0.08580780029296875,0.0005443096160888672,-0.031014992968181332,0.1599023938179016,-0.060632169246673584,-0.04126113385055419,0.20225977897644043,-0.1257527470588684,-0.05029210180137511,0.24202322959899902,-0.1659482717514038,-0.059212596268395146,0.15628546476364136,-0.22244125604629517,-0.021942597926596363,0.20598644018173218,-0.29797086119651794,-0.04413336992357131,0.23774975538253784,-0.3498733341693878,-0.06341048061941024,0.262270987033844,-0.39822107553482056,-0.07871065020654555,0.11247444152832031,-0.26174062490463257,-0.02611286111269351,0.14624807238578796,-0.37503641843795776,-0.04606660559866782,0.16756916046142578,-0.44527554512023926,-0.06302383273933287,0.1828213334083557,-0.5066429078578949,-0.07567271322105285,0.06590086221694946,-0.26863235235214233,-0.03535096079204436,0.08844280242919922,-0.37857794761657715,-0.05926783859823104,0.10325750708580017,-0.4512229561805725,-0.07782689213846083,0.11580047011375427,-0.5171821415424347,-0.09036529541108962,0.01510918140411377,-0.24966949224472046,-0.04780651733372565,0.005760163068771362,-0.34192854166030884,-0.07534130394552108,-0.000819772481918335,-0.40515071153640747,-0.0905862423786914,-0.004335224628448486,-0.4660232961177826,-0.09975529193971511,1
0.0,0.0,0.0,0.0827513337135315,0.002530992031097412,-0.025638858148795407,0.15399986505508423,-0.06037116050720215,-0.032405916893821995,0.1920188069343567,-0.12471747398376465,-0.038941502863508504,0.22961479425430298,-0.1613699197769165,-0.045776639426094334,0.15395033359527588,-0.21285051107406616,-0.016584346363288205,0.20230752229690552,-0.2872971296310425,-0.036109417969328206,0.23299401998519897,-0.3365118205547333,-0.05331979721222524,0.25626707077026367,-0.3829103410243988,-0.06742577284012441,0.11351293325424194,-0.25119030475616455,-0.02223490766618852,0.14800280332565308,-0.3635946810245514,-0.04084771900807027,0.168503999710083,-0.43293628096580505,-0.057404537046295445,0.18192988634109497,-0.493061900138855,-0.06998554646406774,0.07009336352348328,-0.2584739327430725,-0.03246038063798551,0.09305959939956665,-0.36800312995910645,-0.055825107092005055,0.10762742161750793,-0.43999379873275757,-0.07499616622362737,0.11910900473594666,-0.5052398443222046,-0.08795841067467336,0.02172955870628357,-0.24201393127441406,-0.04525923758183126,0.014885812997817993,-0.3390446901321411,-0.07259978383217458,0.00938194990158081,-0.40286433696746826,-0.088557511860472,0.006283760070800781,-0.46391040086746216,-0.09852428018484716,1
0.0,0.0,0.0,0.07606008648872375,-0.012113094329833984,0.0009604050523250862,0.13338327407836914,-0.0934821367263794,0.0057679599944151505,0.16206011176109314,-0.15532881021499634,0.004784576953539954,0.1816345751285553,-0.18351811170578003,0.0024719323359079226,0.13640078902244568,-0.23265129327774048,0.01599175006631981,0.17755207419395447,-0.3110581040382385,0.005086373896489249,0.20460841059684753,-0.35634201765060425,-0.007731511364539756,0.22686538100242615,-0.39892762899398804,-0.01974912650402416,0.11173468828201294,-0.25988447666168213,-0.001414125193690552,0.14014342427253723,-0.3739364743232727,-0.012553477766772403,0.16112300753593445,-0.4439164400100708,-0.025608730609377517,0.17454680800437927,-0.5049001276493073,-0.03635134092982639,0.08150383830070496,-0.26062464714050293,-0.02231270364936222,0.10072767734527588,-0.37941110134124756,-0.03879284403737415,0.11411535739898682,-0.450875848531723,-0.0544184549849831,0.12244716286659241,-0.5167596638202667,-0.06592064268406261,0.045196354389190674,-0.23875445127487183,-0.04402850858386387,0.038273751735687256,-0.3414338231086731,-0.06592064268406261,0.03557068109512329,-0.40920311212539673,-0.0794302812915646,0.032536059617996216,-0.47414809465408325,-0.08887076295431484,1
0.0,0.0,0.0,0.07773187756538391,-0.06500393152236938,0.07629665882120484,0.0996551513671875,-0.1484755277633667,0.10409468562136048,0.10844221711158752,-0.20474499464035034,0.11140711755285615,0.11949586868286133,-0.2572556138038635,0.11280508489141816,0.07963880896568298,-0.2733198404312134,0.0717263832760846,0.11523747444152832,-0.3591725826263428,0.071995230026344,0.13771823048591614,-0.41997814178466797,0.06801640392074937,0.1563485860824585,-0.4728194773197174,0.05876831487546319,0.0697115957736969,-0.27336061000823975,0.011331563450196924,0.1097613275051117,-0.39355653524398804,-0.0025691270290071344,0.13817012310028076,-0.4664648175239563,-0.017582141228219328,0.15999364852905273,-0.5296706557273865,-0.0318844117151702,0.06260150671005249,-0.26010966300964355,-0.04736957176794654,0.10610067844390869,-0.37348830699920654,-0.06823152899016982,0.13727402687072754,-0.4387471675872803,-0.08592118173112517,0.16106373071670532,-0.4994717836380005,-0.10162141024341231,0.062380701303482056,-0.234250009059906,-0.1001159086750949,0.106008380651474,-0.3090520203113556,-0.1229135155605281,0.13744312524795532,-0.3545128107070923,-0.13904389589299804,0.163807213306427,-0.39496463537216187,-0.15495920031537658,1
0.0,0.0,0.0,0.08483198285102844,-0.09440958499908447,0.08311321136995531,0.10539466142654419,-0.17316561937332153,0.1079363852505324,0.11843845248222351,-0.22029054164886475,0.11148255614086366,0.13172376155853271,-0.2697693109512329,0.10765935031219698,0.052014827728271484,-0.28482967615127563,0.05352486593171335,0.09712287783622742,-0.37736719846725464,0.04643252787634111,0.12269145250320435,-0.4383528232574463,0.039561829692566164,0.13974237442016602,-0.4905163049697876,0.029144958755814798,0.04640743136405945,-0.2749543786048889,-0.011379715823686354,0.08787629008293152,-0.40804368257522583,-0.034630668186700575,0.11226668953895569,-0.48982924222946167,-0.052056764089620344,0.12723234295845032,-0.558767557144165,-0.06693404617265486,0.04902651906013489,-0.24494057893753052,-0.0720870763297441,0.10241898894309998,-0.3703230619430542,-0.1015646055574777,0.14463600516319275,-0.43667715787887573,-0.12023739966110014,0.17439767718315125,-0.49765777587890625,-0.13564106526330733,0.062106817960739136,-0.20112359523773193,-0.12500256004289412,0.11971047520637512,-0.27799108624458313,-0.1549233615632417,0.1618986427783966,-0.3208925127983093,-0.1698837548728349,0.19792798161506653,-0.35895776748657227,-0.18351433875516676,1
0.0,0.0,0.0,0.08163988590240479,-0.0772596001625061,0.04559885044636758,0.11207520961761475,-0.14708513021469116,0.05498861228170426,0.14435619115829468,-0.206790030002594,0.05077165444436105,0.16950073838233948,-0.2575451135635376,0.046076771664047556,0.010137170553207397,-0.29032349586486816,0.018118333863640146,0.018471091985702515,-0.4170534014701843,0.00662009357529314,0.01891300082206726,-0.4913029968738556,-0.0023901422036942677,0.014916926622390747,-0.5565394163131714,-0.011808017407929583,0.0020758509635925293,-0.2794759273529053,-0.021816265908455534,0.056076496839523315,-0.43032559752464294,-0.04849556009230582,0.08969306945800781,-0.5229901969432831,-0.06831527049598662,0.11699801683425903,-0.5874308049678802,-0.08141596163568465,0.017822444438934326,-0.24551481008529663,-0.057126267952298804,0.12277212738990784,-0.35725703835487366,-0.08237180407104461,0.18845340609550476,-0.4116179943084717,-0.0925487234717366,0.2339855134487152,-0.45277631282806396,-0.09789020861444442,0.0489068329334259,-0.20111584663391113,-0.08816308821496932,0.14294913411140442,-0.26368778944015503,-0.10132000143585174,0.19723495841026306,-0.2864052653312683,-0.09822755600271194,0.24030068516731262,-0.30434778332710266,-0.09575362051782577,1
0.0,0.0,0.0,-0.016968905925750732,-0.13596707582473755,0.04898021463304758,-0.029851675033569336,-0.23211991786956787,0.0436347471550107,-0.0331399142742157,-0.31431254744529724,0.030067731626331806,-0.06040233373641968,-0.37771689891815186,0.0134357875213027,-0.019986629486083984,-0.2918017506599426,-0.05851007904857397,0.002463817596435547,-0.4371126890182495,-0.10104136820882559,0.01743757724761963,-0.5211739540100098,-0.12282995041459799,0.02934327721595764,-0.5904588997364044,-0.13549636956304312,0.004150182008743286,-0.2500765919685364,-0.09738089051097631,0.09145861864089966,-0.3728821277618408,-0.14200388547033072,0.15235334634780884,-0.4164729118347168,-0.14711693581193686,0.19367411732673645,-0.437904417514801,-0.1489762281998992,0.042955994606018066,-0.19719713926315308,-0.1278267866000533,0.1343061923980713,-0.3074682056903839,-0.16233988758176565,0.18747135996818542,-0.3257754445075989,-0.15048690792173147,0.22593337297439575,-0.3336635231971741,-0.13933116849511862,0.0882626473903656,-0.14385217428207397,-0.15188137348741293,0.16408604383468628,-0.2295965552330017,-0.16826639231294394,0.20339098572731018,-0.2625027298927307,-0.15513513144105673,0.23639971017837524,-0.29685962200164795,-0.14374697860330343,1
0.0,0.0,0.0,-0.0407496839761734,-0.10902434587478638,0.004877831709677594,-0.056242018938064575,-0.2177225947380066,-0.016268367956286056,-0.05982482433319092,-0.31398534774780273,-0.03580856982887326,-0.08299235999584198,-0.39081424474716187,-0.0562741449874693,-0.011375337839126587,-0.2586945593357086,-0.08207739804208813,0.04058298468589783,-0.40380293130874634,-0.10788065854728757,0.07267037034034729,-0.469985693693161,-0.11083113316715298,0.09842416644096375,-0.5179325044155121,-0.10879262451351224,0.034930914640426636,-0.21835005283355713,-0.09286005709589062,0.11274346709251404,-0.3585665822029114,-0.10906085286558209,0.14293992519378662,-0.382864773273468,-0.09334285471857129,0.15614643692970276,-0.38756340742111206,-0.08138001624763547,0.08364281058311462,-0.1662527322769165,-0.09725894693553983,0.15635168552398682,-0.29212215542793274,-0.10144325260341702,0.1669507622718811,-0.30327150225639343,-0.0674859574836546,0.15902402997016907,-0.29379886388778687,-0.044391772786980255,0.12691977620124817,-0.11524450778961182,-0.10074586335838376,0.1854640245437622,-0.2217579483985901,-0.10171148840606747,0.2163754105567932,-0.2665891647338867,-0.08003888938844739,0.2346612811088562,-0.300763875246048,-0.061960521231299026,1
0.0,0.0,0.0,-0.05148428678512573,-0.10337281227111816,-0.003837699468675737,-0.06628811359405518,-0.20365941524505615,-0.024866759942341332,-0.06494380533695221,-0.2936570644378662,-0.039712973104286675,-0.07928872108459473,-0.37097951769828796,-0.05427674965696383,-0.007821470499038696,-0.22732514142990112,-0.08870914967494059,0.04534277319908142,-0.36472126841545105,-0.09617523493008662,0.07149434089660645,-0.4194692373275757,-0.08188160897927332,0.08910983800888062,-0.45404577255249023,-0.06793181987242747,0.050957947969436646,-0.1900855302810669,-0.08684262277321864,0.10685846209526062,-0.331786572933197,-0.08546729029851008,0.10983839631080627,-0.37078529596328735,-0.056192390785980706,0.10320815443992615,-0.38003724813461304,-0.03516946749525118,0.09795612096786499,-0.15080350637435913,-0.07755913974480677,0.12968593835830688,-0.2681408226490021,-0.0606130959256177,0.11145415902137756,-0.2853243350982666,-0.021895062343645577,0.091467946767807,-0.27699440717697144,0.0008094160678240314,0.13203367590904236,-0.11617392301559448,-0.0682756567163949,0.14013972878456116,-0.2093457579612732,-0.04811231808500338,0.12240460515022278,-0.22586596012115479,-0.017683111296463494,0.10749083757400513,-0.2219049334526062,0.00351172738945138,1
0.0,0.0,0.0,-0.04494655132293701,-0.10108637809753418,-0.012792873856166231,-0.05697256326675415,-0.20365244150161743,-0.032278136078754294,-0.05718293786048889,-0.2979182302951813,-0.04322273722712122,-0.06622493267059326,-0.37719783186912537,-0.05358750066582285,0.01895090937614441,-0.22670918703079224,-0.08422272718373858,0.061913520097732544,-0.35874468088150024,-0.08828165448133074,0.0798041820526123,-0.4180414080619812,-0.07436533338252627,0.093790203332901,-0.46097368001937866,-0.06286504185620867,0.08013603091239929,-0.1963164210319519,-0.07407540893975817,0.11258846521377563,-0.33816346526145935,-0.07475189930621706,0.08241969347000122,-0.3525683879852295,-0.047378306005636084,0.0551476776599884,-0.3336952328681946,-0.025851501811781752,0.11690506339073181,-0.15841567516326904,-0.05754977903191172,0.12450575828552246,-0.2724694013595581,-0.04810311338726603,0.09440672397613525,-0.28170448541641235,-0.021067767132559645,0.07132256031036377,-0.2623068690299988,-0.0044726787214370844,0.1408635973930359,-0.12668657302856445,-0.040468469921985495,0.12226933240890503,-0.20052456855773926,-0.025803181071320402,0.09525999426841736,-0.20515555143356323,-0.005430029899367916,0.07876715064048767,-0.19082432985305786,0.008293005909284723,1
0.0,0.0,0.0,-0.04356551170349121,-0.10896015167236328,-0.009463652077201345,-0.04150420427322388,-0.2200908064842224,-0.02056694221037958,-0.02745535969734192,-0.3168424665927887,-0.022732542867842653,-0.03968977928161621,-0.3929049074649811,-0.024188512976351717,0.04160955548286438,-0.23599892854690552,-0.06734147299367521,0.08257746696472168,-0.36241328716278076,-0.06318156052667234,0.09667748212814331,-0.41683652997016907,-0.046786613802495935,0.10617303848266602,-0.4597262442111969,-0.03411112357217405,0.10114994645118713,-0.2052488923072815,-0.05295307193237875,0.12590909004211426,-0.3369992971420288,-0.04243094478088949,0.09703543782234192,-0.34825998544692993,-0.01197795108247135,0.06931361556053162,-0.3282269537448883,0.010179691907879374,0.13256341218948364,-0.16621005535125732,-0.032593980471673945,0.13058647513389587,-0.2703397572040558,-0.01695760902303789,0.10252916812896729,-0.2773067355155945,0.007163756486889383,0.07974213361740112,-0.26016032695770264,0.021240161691721937,0.14969730377197266,-0.1343778371810913,-0.010962443466368654,0.133309006690979,-0.20134389400482178,0.010516154539701006,0.10772812366485596,-0.20610153675079346,0.030807955150422117,0.08966118097305298,-0.19176912307739258,0.0430919266836014,1
0.0,0.0,0.0,-0.04680836200714111,-0.10949200391769409,-0.009776290730371784,-0.045083314180374146,-0.2156720757484436,-0.020144146160021137,-0.025343477725982666,-0.30890923738479614,-0.021399393901958774,-0.02919098734855652,-0.38575759530067444,-0.021423531920447658,0.04779320955276489,-0.23481351137161255,-0.06575546994878323,0.08997640013694763,-0.356250137090683,-0.05508587345553906,0.10297822952270508,-0.40776950120925903,-0.03340872585846455,0.11076363921165466,-0.44710254669189453,-0.017706070319547962,0.10441234707832336,-0.20087778568267822,-0.05069250822140248,0.1290556788444519,-0.3294363021850586,-0.03391565218640835,0.10443910956382751,-0.34811335802078247,-0.0013365663967874752,0.08049264550209045,-0.3364615738391876,0.020663441865906407,0.13473129272460938,-0.16028475761413574,-0.029498148933782886,0.13715463876724243,-0.2648749351501465,-0.008496904038622688,0.11122435331344604,-0.2763344645500183,0.017646025642022778,0.0898883044719696,-0.26511961221694946,0.03140545800255268,0.15170153975486755,-0.12784427404403687,-0.007434772551789592,0.14084866642951965,-0.19922274351119995,0.015980407371387173,0.11598724126815796,-0.21098309755325317,0.03657128080652683,0.09719875454902649,-0.20271813869476318,0.04866510420964687,1
0.0,0.0,0.0,-0.04760965704917908,-0.11144185066223145,-0.023955684576577596,-0.04773625731468201,-0.21325087547302246,-0.039522072721666746,-0.024414360523223877,-0.30324628949165344,-0.04638388608807986,-0.020332276821136475,-0.3851960003376007,-0.05091802631730502,0.059351563453674316,-0.24006682634353638,-0.052178854544109754,0.09950840473175049,-0.3468080759048462,-0.04434716557378238,0.11282274127006531,-0.3966888189315796,-0.029580923218674116,0.11988970637321472,-0.43509525060653687,-0.01911846776718562,0.11306357383728027,-0.20222443342208862,-0.035254652101940565,0.1392015516757965,-0.3212181031703949,-0.021797730077452115,0.11696958541870117,-0.35046035051345825,0.0018882734445639926,0.09367534518241882,-0.34935933351516724,0.018209337766819544,0.14156922698020935,-0.16101288795471191,-0.01573605318779414,0.14826181530952454,-0.2651345133781433,9.098619258907092e-05,0.12348613142967224,-0.2831650674343109,0.022258536468797274,0.10175880789756775,-0.27888524532318115,0.03496381412034566,0.1572384238243103,-0.1292247176170349,0.0024065468903415876,0.1530379056930542,-0.2061854600906372,0.017845637674980708,0.1302964687347412,-0.22562164068222046,0.034575866113954135,0.11152476072311401,-0.22491490840911865,0.04597181970959241,1
0.0,0.0,0.0,-0.045327961444854736,-0.10871189832687378,-0.0218540749158862,-0.043838053941726685,-0.20938211679458618,-0.03340031044745473,-0.020592451095581055,-0.301638662815094,-0.036655431857347764,-0.016814887523651123,-0.38354790210723877,-0.03502786742711095,0.07066094875335693,-0.24548083543777466,-0.032503972074032106,0.10412624478340149,-0.33470404148101807,-0.007076306512594499,0.10934624075889587,-0.3717731833457947,0.02401243870890113,0.10619419813156128,-0.39849308133125305,0.04531223488783809,0.1200614869594574,-0.20573264360427856,-0.012206657102346696,0.14050740003585815,-0.3053821623325348,0.015402883047222815,0.12418964505195618,-0.33761829137802124,0.047387966642141066,0.10485243797302246,-0.3466135263442993,0.06911234719490977,0.14659100770950317,-0.16313636302947998,0.010508411319911204,0.1536385416984558,-0.2526038885116577,0.03854253304934474,0.13441383838653564,-0.2774192988872528,0.06665921373105022,0.11333984136581421,-0.2833710312843323,0.08284045917725535,0.16028648614883423,-0.12597280740737915,0.031560538092612944,0.16459929943084717,-0.1946927309036255,0.05486529854869815,0.1468711793422699,-0.22279542684555054,0.07439601583218547,0.12734591960906982,-0.2304639220237732,0.08836000574564906,1
0.0,0.0,0.0,-0.04271474480628967,-0.11137914657592773,-0.023870846226458298,-0.04199856519699097,-0.20916515588760376,-0.03314872083032583,-0.020406007766723633,-0.2995063364505768,-0.03165680167043661,-0.013905584812164307,-0.3801678419113159,-0.02385918793046926,0.07088717818260193,-0.23706650733947754,-0.031074020981435524,0.1028260588645935,-0.33140456676483154,0.00798980335926558,0.11051538586616516,-0.3704785108566284,0.0511913746896937,0.10860040783882141,-0.3966761529445648,0.07958447936212565,0.11759534478187561,-0.19539248943328857,-0.005737607337181316,0.13867634534835815,-0.3012550473213196,0.029535224691386475,0.13161030411720276,-0.3430591821670532,0.06466527286207224,0.12051904201507568,-0.3636968731880188,0.08806977424060847,0.1430893838405609,-0.154005229473114,0.022949796200151695,0.15893888473510742,-0.25267791748046875,0.05734554308688189,0.15039336681365967,-0.2886081635951996,0.08578526976739909,0.13401895761489868,-0.3062339723110199,0.10182340446149851,0.15621834993362427,-0.11592155694961548,0.050025813311691536,0.17944276332855225,-0.1828528642654419,0.07725334915554072,0.17796683311462402,-0.21835601329803467,0.09604220840370203,0.16643506288528442,-0.2375657558441162,0.10928300771152522,1
0.0,0.0,0.0,-0.04579883813858032,-0.11189663410186768,-0.011029628884017484,-0.04501351714134216,-0.20879393815994263,-0.01817499272149803,-0.023596465587615967,-0.30353108048439026,-0.01914908162873985,-0.016902029514312744,-0.38672053813934326,-0.01602953470867874,0.059178560972213745,-0.2489008903503418,-0.016485752385079877,0.08708757162094116,-0.3553262948989868,0.0073978879154026345,0.0974780023097992,-0.4010861814022064,0.03585603848475216,0.10065621137619019,-0.4313850998878479,0.05499254554885624,0.10975590348243713,-0.21859610080718994,-0.004303493384242074,0.13695871829986572,-0.3397219181060791,0.014475435171306117,0.14420127868652344,-0.39174985885620117,0.03548613205927609,0.14889928698539734,-0.42399200797080994,0.05018375829237698,0.1409575641155243,-0.1787922978401184,0.009950243089377864,0.17669135332107544,-0.2869403064250946,0.025128746558010562,0.19097596406936646,-0.33986490964889526,0.03733566791194676,0.19683116674423218,-0.3760015070438385,0.044339236024796946,0.15777498483657837,-0.13619959354400635,0.024536894787132724,0.20309937000274658,-0.1954864263534546,0.03844538718837498,0.22983592748641968,-0.2315085530281067,0.04655867457765339,0.24926400184631348,-0.2603275179862976,0.052082613263308986,1
0.0,0.0,0.0,-0.04963618516921997,-0.10643714666366577,-0.012106660585658346,-0.05429708957672119,-0.20793604850769043,-0.01982625650222758,-0.03379049897193909,-0.30765119194984436,-0.020467919129686152,-0.017707645893096924,-0.3918365240097046,-0.01741674805040816,0.04809004068374634,-0.2445473074913025,-0.042611830699996744,0.07945331931114197,-0.3749830722808838,-0.03831661941464404,0.09025892615318298,-0.4302939176559448,-0.02164648177082995,0.09562927484512329,-0.4678872227668762,-0.008544778283493315,0.10258367657661438,-0.2176075577735901,-0.034990449268178736,0.14279383420944214,-0.35993731021881104,-0.03493806796129206,0.15818318724632263,-0.4230324923992157,-0.022694094870047365,0.16738754510879517,-0.4633815884590149,-0.012846535835222994,0.13717326521873474,-0.17998623847961426,-0.02473694162424067,0.1832779049873352,-0.30014264583587646,-0.027709538880543505,0.20242100954055786,-0.36028361320495605,-0.023676230404333864,0.21087974309921265,-0.402427077293396,-0.0195905424838827,0.15528935194015503,-0.13910281658172607,-0.013291772287146841,0.2058861255645752,-0.20594525337219238,-0.013619150798575674,0.23527276515960693,-0.2448013424873352,-0.010757859628455435,0.2573421597480774,-0.2772010564804077,-0.007222166582749878,1
0.0,0.0,0.0,-0.04314464330673218,-0.11132419109344482,0.006104486552388266,-0.04639437794685364,-0.20838958024978638,0.005444702250272826,-0.013246595859527588,-0.29379796981811523,0.008386523952097491,0.014885693788528442,-0.36007314920425415,0.013617184502393798,0.040831059217453,-0.24958008527755737,-0.03379205844798605,0.07446849346160889,-0.3838091790676117,-0.034009715984254285,0.08660101890563965,-0.44377535581588745,-0.019698521564393445,0.09531238675117493,-0.4879418909549713,-0.0077679874139420235,0.09547591209411621,-0.22434836626052856,-0.03645840145149748,0.14360949397087097,-0.3722529411315918,-0.04704215608039419,0.16637003421783447,-0.44332194328308105,-0.04026746235290091,0.18323862552642822,-0.4912571310997009,-0.032159598986297055,0.13312113285064697,-0.18517673015594482,-0.034417828987031385,0.18714457750320435,-0.31141844391822815,-0.044593470613151,0.21147269010543823,-0.37241479754447937,-0.041410183976083204,0.2266516089439392,-0.41535916924476624,-0.035859832982211515,0.1538405418395996,-0.1365298628807068,-0.029520463640480443,0.2096310257911682,-0.20695477724075317,-0.03188752613463919,0.2412809133529663,-0.24828052520751953,-0.026731683383374616,0.26713937520980835,-0.28434357047080994,-0.020514747569947644,1
0.0,0.0,0.0,-0.03413909673690796,-0.1231202483177185,0.015704357011813386,-0.02517831325531006,-0.21904921531677246,0.018401655315059884,0.008856058120727539,-0.28884050250053406,0.022563983632821305,0.04178363084793091,-0.3233105540275574,0.026315555854338868,0.029537200927734375,-0.25047820806503296,-0.03721471043060376,0.05888473987579346,-0.3787931203842163,-0.04775744961331441,0.07273563742637634,-0.44336897134780884,-0.03981616632769658,0.0823095440864563,-0.48767343163490295,-0.030177095027070777,0.08282625675201416,-0.2238045334815979,-0.04638826386759831,0.14008092880249023,-0.3706030249595642,-0.06495444388816907,0.16651517152786255,-0.44938522577285767,-0.06172315688560559,0.18500745296478271,-0.5049193799495697,-0.05424739705155446,0.12310147285461426,-0.18491029739379883,-0.050002920494776504,0.18089795112609863,-0.30652347207069397,-0.06769280792902066,0.20968097448349,-0.3758992850780487,-0.06922630132864072,0.2297593355178833,-0.42730486392974854,-0.06468059779832913,0.1469936966896057,-0.13787275552749634,-0.04948262409995152,0.2030540108680725,-0.2151777148246765,-0.058601412044268386,0.2355141043663025,-0.2598891854286194,-0.0558630368275459,0.2617020010948181,-0.29728853702545166,-0.04992076666782452,1
0.0,0.0,0.0,-0.03128120303153992,-0.12175953388214111,0.02150181298510745,-0.0215340256690979,-0.21454733610153198,0.02731066001014426,0.010523796081542969,-0.28033989667892456,0.033238591527506856,0.040376901626586914,-0.31309038400650024,0.038610776787564305,0.03207007050514221,-0.23748266696929932,-0.02961336272402093,0.06227076053619385,-0.36466532945632935,-0.03726145076198861,0.0739351212978363,-0.4258567690849304,-0.027390388870671245,0.08011430501937866,-0.4681199789047241,-0.016659244993761035,0.08474841713905334,-0.21193361282348633,-0.040887018764451,0.13759532570838928,-0.35696500539779663,-0.05732115181727693,0.16010400652885437,-0.4326823353767395,-0.05316630574507997,0.1752823293209076,-0.48703330755233765,-0.04504186111135766,0.12475493550300598,-0.17406654357910156,-0.04612688916368768,0.17982962727546692,-0.2944725751876831,-0.06113196360512063,0.20476451516151428,-0.3609170913696289,-0.05970290499372766,0.22158750891685486,-0.41154396533966064,-0.053378017718031856,0.14813745021820068,-0.1269816756248474,-0.04692080813093469,0.20340058207511902,-0.20396167039871216,-0.052504705363944026,0.23426678776741028,-0.2476273775100708,-0.04649738418503091,0.25818827748298645,-0.2857857048511505,-0.038372939551308605,1
0.0,0.0,0.0,-0.04518064856529236,-0.11226576566696167,-0.010281595208766703,-0.04957860708236694,-0.21900290250778198,-0.01819903756779695,-0.03056412935256958,-0.32137227058410645,-0.01871410179239774,-0.02479422092437744,-0.4030313491821289,-0.016125580103221182,0.04512175917625427,-0.23083937168121338,-0.053355391875925307,0.07722455263137817,-0.3608566224575043,-0.04947260747951532,0.0857129693031311,-0.41704046726226807,-0.030771858797493223,0.08683162927627563,-0.4553360342979431,-0.01619161273640657,0.10004600882530212,-0.2036413550376892,-0.04611809532445932,0.14287352561950684,-0.3498101830482483,-0.048865094588222746,0.15518426895141602,-0.4150259792804718,-0.03642434607547784,0.15706318616867065,-0.4554719924926758,-0.02653249333900476,0.1349359154701233,-0.16896629333496094,-0.034548986510458235,0.18186581134796143,-0.2956412434577942,-0.03676772098344827,0.19596779346466064,-0.3547227084636688,-0.0296889038692143,0.1962733268737793,-0.3933994770050049,-0.024102452949705366,0.15101635456085205,-0.1326591968536377,-0.021632792235436682,0.20391279458999634,-0.19853007793426514,-0.02044418434900308,0.23112887144088745,-0.23937559127807617,-0.01619161273640657,0.24865788221359253,-0.27346962690353394,-0.012348450527611021,1
0.0,0.0,0.0,-0.04497760534286499,-0.11241567134857178,-0.029584215457390428,-0.0445595383644104,-0.22107648849487305,-0.030366060758780122,-0.02851197123527527,-0.3159481883049011,-0.01878973233218062,-0.025239020586013794,-0.3941916227340698,-0.0001192744585125638,0.06698161363601685,-0.26875442266464233,-0.0024482542339967495,0.07797032594680786,-0.37245458364486694,0.04698601042215955,0.08071735501289368,-0.41570860147476196,0.09008828972761762,0.07992574572563171,-0.4473595917224884,0.1177302492160095,0.10889244079589844,-0.23388993740081787,0.03324069877450597,0.11889076232910156,-0.34541627764701843,0.0764186424512161,0.11282473802566528,-0.3933517336845398,0.10834812795107496,0.10542631149291992,-0.41912490129470825,0.12963444416706693,0.1266089677810669,-0.19883793592453003,0.07021433537190092,0.1426294445991516,-0.2944847345352173,0.10955871318762433,0.13870590925216675,-0.3388185501098633,0.13215651040260923,0.12582480907440186,-0.3624587059020996,0.14527132039253843,0.13281065225601196,-0.16498327255249023,0.10501898502295148,0.15426105260849,-0.23091036081314087,0.14063069646542203,0.15276825428009033,-0.2685231566429138,0.15949583475773466,0.14038324356079102,-0.28950512409210205,0.17210621063892972,1
0.0,0.0,0.0,-0.0548994243144989,-0.08940291404724121,-0.04588551007694264,-0.06136244535446167,-0.19420713186264038,-0.056456274618568614,-0.04895475506782532,-0.28544580936431885,-0.05466701396292706,-0.045132994651794434,-0.36381763219833374,-0.04762768678850193,0.042136549949645996,-0.25190502405166626,-0.012690016334119036,0.051903098821640015,-0.3657720685005188,0.010658659706649587,0.055325716733932495,-0.42039501667022705,0.025543660591182515,0.058453649282455444,-0.4635888934135437,0.03496082193666439,0.08328649401664734,-0.22600007057189941,0.022847995827731893,0.09244248270988464,-0.34002041816711426,0.04830964721256237,0.08672675490379333,-0.3989220857620239,0.061823275605974004,0.08057904243469238,-0.43542182445526123,0.070628327051935,0.10094675421714783,-0.2012353539466858,0.05607880345993976,0.10847339034080505,-0.3018810749053955,0.07971588961297016,0.0987001359462738,-0.3557528257369995,0.0904514460962389,0.08428433537483215,-0.38847869634628296,0.0972788899343584,0.10620531439781189,-0.18186652660369873,0.08550743452721576,0.10934826731681824,-0.26596206426620483,0.10744942418747883,0.09853026270866394,-0.31151849031448364,0.11922087959462147,0.08275094628334045,-0.33933109045028687,0.1278846680324648,1
0.0,0.0,0.0,-0.05449831485748291,-0.08692902326583862,-0.011070357359869831,-0.07055008411407471,-0.1788933277130127,-0.020802923202438706,-0.07385337352752686,-0.26840740442276,-0.02463361872725045,-0.09479087591171265,-0.33424246311187744,-0.027165774911566132,0.03864187002182007,-0.24116605520248413,-0.04022909580163514,0.06480064988136292,-0.3776111602783203,-0.04599461583785569,0.07534193992614746,-0.44749319553375244,-0.041969141647143715,0.08628156781196594,-0.49842920899391174,-0.03708662717036759,0.08948251605033875,-0.2219519019126892,-0.03428177787355935,0.13257372379302979,-0.36177390813827515,-0.04378709821395432,0.1517564058303833,-0.4349749982357025,-0.039891472741885536,0.16581088304519653,-0.4842844009399414,-0.03420386342696702,0.12101638317108154,-0.1905074119567871,-0.025919173568411225,0.16523146629333496,-0.3079918622970581,-0.032048287525697106,0.1884179711341858,-0.3713621497154236,-0.03210022924832856,0.2032107710838318,-0.41921281814575195,-0.030074505790992134,0.13551604747772217,-0.15400373935699463,-0.016530723035259598,0.17415672540664673,-0.22128933668136597,-0.014167378380818718,0.19560933113098145,-0.2603228688240051,-0.008979706749244087,0.21166956424713135,-0.2923746109008789,-0.00403875923149144,1
0.0,0.0,0.0,-0.04225602746009827,-0.09214800596237183,-0.00616994958579653,-0.06122499704360962,-0.19455844163894653,-0.02016558211505526,-0.07072407007217407,-0.27995872497558594,-0.03257588755548113,-0.09757280349731445,-0.3384906053543091,-0.047048089022041495,0.012356996536254883,-0.24668610095977783,-0.05254649084270113,0.045457929372787476,-0.3805464506149292,-0.07547378253400439,0.062336087226867676,-0.455022931098938,-0.08377325248181933,0.07601571083068848,-0.512399435043335,-0.0876117618030321,0.05732724070549011,-0.21889656782150269,-0.06260960262477511,0.10925513505935669,-0.36176687479019165,-0.08346202682912462,0.14177721738815308,-0.4422714114189148,-0.09056844275653475,0.1664937138557434,-0.5014726221561432,-0.09482191961467379,0.09709468483924866,-0.17813098430633545,-0.07090907257259005,0.1497325301170349,-0.3087630867958069,-0.09269518863618487,0.18298369646072388,-0.38259875774383545,-0.10317326795518511,0.20803380012512207,-0.44049960374832153,-0.1094497413581621,0.1299462914466858,-0.13073652982711792,-0.07785987567365282,0.18299013376235962,-0.21628737449645996,-0.09741550397336596,0.2170395851135254,-0.2622886300086975,-0.10384760510385149,0.24650150537490845,-0.3035421371459961,-0.10675241511523836,1
0.0,0.0,0.0,0.04493069648742676,-0.08862286806106567,0.01675946808734352,0.037164121866226196,-0.17987871170043945,0.01597741975763256,0.025963157415390015,-0.24253439903259277,0.0073688615424316595,0.020559579133987427,-0.2944008708000183,-0.002599259062321835,-0.01568615436553955,-0.24965959787368774,0.0083013044981044,-0.0025382637977600098,-0.3611752688884735,-0.01233276554069107,0.012301206588745117,-0.4393485188484192,-0.030271770587773972,0.025903314352035522,-0.5012787282466888,-0.043001128515811615,-0.020273953676223755,-0.24609392881393433,-0.01516017333290165,-0.004776895046234131,-0.3701743483543396,-0.035421265444369965,0.01538550853729248,-0.4557243585586548,-0.053372306904407196,0.03308427333831787,-0.5243952572345734,-0.06607759200653618,-0.013847440481185913,-0.23387736082077026,-0.038693839839311295,-0.0026433467864990234,-0.35583436489105225,-0.05250603534898346,0.013120979070663452,-0.4339200258255005,-0.06179437615594452,0.026115119457244873,-0.4949675500392914,-0.06973517887911385,0.004010230302810669,-0.21794527769088745,-0.06169811837992256,0.00665891170501709,-0.2986922562122345,-0.07103458993753975,0.011987775564193726,-0.35586726665496826,-0.07425903730711525,0.016780585050582886,-0.4043060541152954,-0.0772428532751519,1
0.0,0.0,0.0,0.07227593660354614,-0.05494314432144165,-0.022120874871149,0.10597890615463257,-0.1552618145942688,-0.030186463643445904,0.10814628005027771,-0.23436444997787476,-0.038677955542340214,0.12645354866981506,-0.29464149475097656,-0.04788816956116193,0.05195891857147217,-0.28890150785446167,-0.01690352943970197,0.061025798320770264,-0.3908095955848694,-0.04136649010015958,0.07059669494628906,-0.45601385831832886,-0.061330816273226674,0.08049800992012024,-0.5132801532745361,-0.07661018011404508,0.006580173969268799,-0.2928234934806824,-0.02456983228458398,-0.0038190484046936035,-0.41558611392974854,-0.04842055452300542,-0.004165202379226685,-0.49768775701522827,-0.06867769596411222,-0.0036045610904693604,-0.5703015029430389,-0.08310524610115522,-0.03079560399055481,-0.26844531297683716,-0.03646857154799932,-0.05481263995170593,-0.3822377324104309,-0.06377977368666166,-0.06630048155784607,-0.4614674150943756,-0.08464915541244977,-0.07429209351539612,-0.5345858335494995,-0.09817166117264264,-0.06378757953643799,-0.2207316756248474,-0.0503105097754144,-0.10138574242591858,-0.3000766634941101,-0.07937856999470227,-0.12480035424232483,-0.35840386152267456,-0.09636156496836179,-0.14436876773834229,-0.4186081290245056,-0.10690273580385679,1
0.0,0.0,0.0,0.0752076804637909,-0.02280247211456299,-0.04720599206945053,0.13650938868522644,-0.1046525239944458,-0.06642592700978867,0.17219769954681396,-0.18735897541046143,-0.08122286203166595,0.20933395624160767,-0.241721510887146,-0.09478671851417175,0.09099182486534119,-0.260368287563324,-0.04071893173119179,0.11728593707084656,-0.3631594181060791,-0.06519284847041718,0.13068604469299316,-0.43106597661972046,-0.08272399755975357,0.13986477255821228,-0.48701906204223633,-0.09634147587081543,0.037391215562820435,-0.2827461361885071,-0.03739498185774437,0.04277297854423523,-0.4080907702445984,-0.060421373721567306,0.04382488131523132,-0.48455196619033813,-0.0770411268140947,0.0424845814704895,-0.5483779609203339,-0.08835326882859817,-0.009301900863647461,-0.2730613946914673,-0.03975391763111702,-0.017679870128631592,-0.3909296989440918,-0.06733733418246857,-0.022160381078720093,-0.4618579149246216,-0.08631601187249771,-0.025785177946090698,-0.5240305066108704,-0.09811066838761917,-0.05176118016242981,-0.23652082681655884,-0.04634820300003639,-0.08322522044181824,-0.31207436323165894,-0.0770411268140947,-0.10583962500095367,-0.3630262315273285,-0.09398254009744278,-0.12419217824935913,-0.41329625248908997,-0.10352549704572311,1
0.0,0.0,0.0,0.07518291473388672,-0.004456162452697754,-0.051893276233784036,0.14425143599510193,-0.055509090423583984,-0.07491779427658685,0.19697067141532898,-0.11156034469604492,-0.0926372493399299,0.24995359778404236,-0.14311301708221436,-0.10836393486391671,0.13067829608917236,-0.22946029901504517,-0.039586608369461374,0.16859331727027893,-0.3256954550743103,-0.06339207391869195,0.18757352232933044,-0.3895809054374695,-0.08283499728571542,0.20223715901374817,-0.44552263617515564,-0.09737679462563165,0.0867573618888855,-0.26226717233657837,-0.032396496344915704,0.11549398303031921,-0.37646299600601196,-0.05148933928143151,0.12901774048805237,-0.4510473310947418,-0.06743146579395898,0.13917669653892517,-0.5123196244239807,-0.07917261968981393,0.04015675187110901,-0.2664754390716553,-0.03148090194594033,0.06234097480773926,-0.3733336329460144,-0.05159705977570184,0.07289806008338928,-0.44072437286376953,-0.06662358443867333,0.0830572247505188,-0.4977719485759735,-0.0770182843102134,-0.010005086660385132,-0.2482846975326538,-0.0358973006499923,-0.017227143049240112,-0.3263045847415924,-0.056821332384458856,-0.023107439279556274,-0.37848854064941406,-0.06759303908478387,-0.025504976511001587,-0.42776674032211304,-0.07394833963047631,1
0.0,0.0,0.0,0.05784088373184204,0.009892642498016357,-0.06550432741431678,0.11557137966156006,-0.01828455924987793,-0.09684110432652915,0.1642288863658905,-0.06506472826004028,-0.11979052424220527,0.21777763962745667,-0.08530473709106445,-0.13944675773171866,0.14019709825515747,-0.19566738605499268,-0.04934710636524642,0.18338361382484436,-0.28614550828933716,-0.07363439351109946,0.2047204077243805,-0.346648633480072,-0.09467994421510184,0.2227354347705841,-0.4003280997276306,-0.11021968722133124,0.10796201229095459,-0.2345554232597351,-0.03347289562015021,0.1513792872428894,-0.3387846350669861,-0.051353890446705464,0.17557194828987122,-0.40811461210250854,-0.06797421723393882,0.19649329781532288,-0.4650110602378845,-0.08037513494281256,0.06928768754005432,-0.24925684928894043,-0.02462244219867671,0.10370895266532898,-0.3484790623188019,-0.04209179430989707,0.12494400143623352,-0.40918684005737305,-0.05732280015735114,0.143744558095932,-0.45719942450523376,-0.06802567094354117,0.023409932851791382,-0.24592849612236023,-0.022294051943106297,0.031132906675338745,-0.3215509355068207,-0.03861850499896491,0.03398013114929199,-0.36824309825897217,-0.047957785425467137,0.03679576516151428,-0.40913504362106323,-0.053875241426510456,1
0.0,0.0,0.0,0.04104456305503845,0.023132503032684326,-0.08154543916549528,0.07766762375831604,0.01756131649017334,-0.12713491598930204,0.10113769769668579,-0.009653627872467041,-0.16279203872051085,0.12405425310134888,-0.033150672912597656,-0.1966613648351654,0.14040789008140564,-0.15808522701263428,-0.07826777229871595,0.1907716691493988,-0.23015782237052917,-0.10856142322387541,0.22164270281791687,-0.2832373082637787,-0.13418689052429045,0.24737021327018738,-0.33023926615715027,-0.15345564166869963,0.11316382884979248,-0.2052919864654541,-0.05740983839001501,0.16429853439331055,-0.29909080266952515,-0.08025424609746779,0.19315752387046814,-0.36323320865631104,-0.10190675834979857,0.22089675068855286,-0.4188805818557739,-0.11918905059661711,0.07748588919639587,-0.22797027230262756,-0.04340523163642729,0.12214699387550354,-0.3147876262664795,-0.06257466654147947,0.1480870544910431,-0.37149080634117126,-0.08224070499505842,0.1702343225479126,-0.4168318808078766,-0.09773517082300032,0.03393778204917908,-0.23331311345100403,-0.03707336316671217,0.05160728096961975,-0.3013831079006195,-0.053287920158766156,0.060896724462509155,-0.34674593806266785,-0.0658026752885803,0.07044515013694763,-0.384601354598999,-0.07608265857066954,1
0.0,0.0,0.0,0.03961649537086487,0.02478557825088501,-0.05621187561843044,0.07791587710380554,0.027560770511627197,-0.089170941949817,0.0894225537776947,-0.014161109924316406,-0.11639417135808117,0.09859824180603027,-0.05968284606933594,-0.1418966370234216,0.1457284688949585,-0.11136114597320557,-0.0578885095724786,0.19217151403427124,-0.16372627019882202,-0.08983277702424175,0.22301411628723145,-0.20039322972297668,-0.1155117320427621,0.24942827224731445,-0.23506584763526917,-0.1337781863817895,0.12197518348693848,-0.16415327787399292,-0.0510937328049863,0.1694534420967102,-0.24751073122024536,-0.07690505111310131,0.19763320684432983,-0.30343323945999146,-0.098039449990722,0.22260808944702148,-0.3544943630695343,-0.11383509808871395,0.08721402287483215,-0.19251781702041626,-0.04985831850859768,0.12363958358764648,-0.271954208612442,-0.07514017993304378,0.14298075437545776,-0.32495278120040894,-0.09424496615025646,0.15986251831054688,-0.3714359998703003,-0.10739329630229122,0.042548924684524536,-0.20254570245742798,-0.05378516563865787,0.05753317475318909,-0.272122323513031,-0.07783161276671535,0.0633382797241211,-0.3190792202949524,-0.09115643227193004,0.07010012865066528,-0.3636099696159363,-0.09998081797454006,1
0.0,0.0,0.0,0.04752269387245178,0.01197725534439087,-0.04559577923117786,0.08852362632751465,0.001474916934967041,-0.07168111126719623,0.10446247458457947,-0.03812819719314575,-0.09439220946131854,0.1274787187576294,-0.07109147310256958,-0.11532968949376254,0.14337468147277832,-0.13577473163604736,-0.03856615271268993,0.18666577339172363,-0.18677860498428345,-0.06571133356391101,0.21577078104019165,-0.21931493282318115,-0.08855221342145114,0.24239343404769897,-0.24987685680389404,-0.10529354136286884,0.11408936977386475,-0.18004339933395386,-0.03564615469275623,0.15339910984039307,-0.25968506932258606,-0.05692970674334674,0.17975962162017822,-0.3100886940956116,-0.07540140222607761,0.20546060800552368,-0.355979323387146,-0.08911457579432636,0.07601255178451538,-0.1967546045780182,-0.03834985863267093,0.0994480550289154,-0.2705017626285553,-0.06056348156033664,0.11571574211120605,-0.3179624676704407,-0.07652614187298923,0.13414448499679565,-0.3622838258743286,-0.08764377157984882,0.02910768985748291,-0.19296076893806458,-0.045725560894595674,0.03568562865257263,-0.252003014087677,-0.06817710321246295,0.038860201835632324,-0.2924257516860962,-0.07959755431710391,0.04558902978897095,-0.333514004945755,-0.0867353222876659,1
0.0,0.0,0.0,0.061020076274871826,0.005750179290771484,-0.041444743538249895,0.11365640163421631,-0.03089958429336548,-0.06065703045760529,0.15286117792129517,-0.08299940824508667,-0.07658703487550156,0.20038670301437378,-0.10596179962158203,-0.09129164975320236,0.13084280490875244,-0.1649419069290161,-0.03153225641881363,0.17182540893554688,-0.22631585597991943,-0.056455711388935015,0.1969338059425354,-0.26648229360580444,-0.07680585097705261,0.2215403914451599,-0.30438363552093506,-0.09269209068452255,0.09603261947631836,-0.2018662691116333,-0.028709494063605234,0.12502747774124146,-0.28895798325538635,-0.051379113012899325,0.14672064781188965,-0.3441384434700012,-0.06967235963975327,0.1696578860282898,-0.3932105302810669,-0.0832828865591182,0.05540814995765686,-0.2100493311882019,-0.03129155423675911,0.07068312168121338,-0.28690651059150696,-0.056149362141241,0.0849652886390686,-0.3328152894973755,-0.07186054300700562,0.10374841094017029,-0.3759043216705322,-0.08223255586062805,0.010806173086166382,-0.19757217168807983,-0.038009288275588915,0.009672164916992188,-0.2587275803089142,-0.06297650050555603,0.01018175482749939,-0.29968687891960144,-0.07571175556813614,0.01487809419631958,-0.34130585193634033,-0.08358923208152191,1
0.0,0.0,0.0,0.07263579964637756,-0.009455680847167969,-0.03647746020811837,0.13279804587364197,-0.07477647066116333,-0.047838399800241405,0.1721811294555664,-0.14301753044128418,-0.05642121905344766,0.2143266797065735,-0.18280482292175293,-0.06423609206336778,0.11007043719291687,-0.208948016166687,-0.02108485871809762,0.1431329846382141,-0.2887984812259674,-0.039865414294183665,0.1645377278327942,-0.33746591210365295,-0.05633086586254876,0.185308039188385,-0.38125088810920715,-0.06979234019178193,0.06812456250190735,-0.23306196928024292,-0.01886010231334012,0.08517420291900635,-0.3286246061325073,-0.03665815541404527,0.10412299633026123,-0.39014288783073425,-0.0540722335304622,0.12441578507423401,-0.4436473548412323,-0.06766922274488252,0.024901777505874634,-0.23083442449569702,-0.02227064283448499,0.02949976921081543,-0.3146653175354004,-0.0449925201560859,0.04105067253112793,-0.3674233853816986,-0.06414574632304948,0.05595424771308899,-0.41594529151916504,-0.07720066109556001,-0.01857885718345642,-0.21028488874435425,-0.02918206775444787,-0.030905306339263916,-0.27488064765930176,-0.05411740267533105,-0.03914323449134827,-0.32096463441848755,-0.07006336996215623,-0.042519837617874146,-0.36845165491104126,-0.0807693103875522,1
0.0,0.0,0.0,0.0747700035572052,-0.025412917137145996,-0.03164289324462288,0.13156497478485107,-0.10240960121154785,-0.041265273382066425,0.16614210605621338,-0.17332136631011963,-0.049818502654431995,0.20246988534927368,-0.22333306074142456,-0.05755280136048668,0.09456145763397217,-0.23005151748657227,-0.011027570729254421,0.11980640888214111,-0.3079625964164734,-0.03202960817992562,0.13855695724487305,-0.35277873277664185,-0.0506829190152871,0.16189754009246826,-0.3905637264251709,-0.06505962266504639,0.05535116791725159,-0.24499672651290894,-0.010970700447558102,0.07163956761360168,-0.33341383934020996,-0.03209785177290314,0.0929114818572998,-0.38754963874816895,-0.05163833304226273,0.12158980965614319,-0.4297983646392822,-0.06601504041731232,0.015776097774505615,-0.23464149236679077,-0.01698184563696259,0.01707330346107483,-0.3171771466732025,-0.043221598406432804,0.03464949131011963,-0.35576963424682617,-0.061965903182624515,0.0627376139163971,-0.38268962502479553,-0.07356735124170655,-0.025128662586212158,-0.20713186264038086,-0.026274379258154568,-0.03361967206001282,-0.2671285569667816,-0.05345817088067406,-0.02658367156982422,-0.30121639370918274,-0.07015516414224976,-0.00857052206993103,-0.3294423222541809,-0.08075570120394104,1
0.0,0.0,0.0,0.07432413101196289,-0.032861173152923584,-0.029360029706822388,0.12736093997955322,-0.1123095154762268,-0.0386199092959032,0.15480369329452515,-0.1851367950439453,-0.04726538793192958,0.1845354437828064,-0.245602548122406,-0.055208694050179474,0.0775873064994812,-0.23089849948883057,-0.006325536733584158,0.0982886254787445,-0.30484211444854736,-0.027824031049476616,0.11824822425842285,-0.3435928523540497,-0.04708984480248546,0.1423284411430359,-0.3742891848087311,-0.06139657632456874,0.0382099449634552,-0.2447676658630371,-0.007247136300520651,0.04980003833770752,-0.32642191648483276,-0.02962334440098857,0.07793658971786499,-0.36627596616744995,-0.04919635490523433,0.11268234252929688,-0.39134466648101807,-0.06271313861952876,-0.0018008649349212646,-0.2339341640472412,-0.014460844779478066,-0.004238337278366089,-0.318004846572876,-0.04158219308601474,0.017568737268447876,-0.3527519404888153,-0.05924617485152339,0.04976421594619751,-0.37201762199401855,-0.06925211087809657,-0.0423281192779541,-0.20511877536773682,-0.0246862059925661,-0.05474895238876343,-0.2720848023891449,-0.051083441684113495,-0.0476054847240448,-0.314291775226593,-0.0667067392264471,-0.028733909130096436,-0.34616655111312866,-0.07640547291384792,1
0.0,0.0,0.0,0.07625705003738403,-0.035469651222229004,-0.03127844456105322,0.12596067786216736,-0.12217271327972412,-0.039226105543662015,0.14841464161872864,-0.20133095979690552,-0.04627645585208029,0.17497465014457703,-0.2642611861228943,-0.05294224071769804,0.06792622804641724,-0.2364281415939331,0.002046462041448649,0.08803784847259521,-0.3077840507030487,-0.015254929768730108,0.1100432276725769,-0.3426118493080139,-0.0338422079709062,0.13336333632469177,-0.3678239583969116,-0.047857442977715436,0.02840772271156311,-0.24633681774139404,0.0037569723884871564,0.0405501127243042,-0.3227553367614746,-0.01758367951481432,0.07140395045280457,-0.35630059242248535,-0.0408711862888822,0.10537180304527283,-0.37004709243774414,-0.05648877668647856,-0.011646121740341187,-0.23493319749832153,-0.001010691271972064,-0.010243147611618042,-0.3186808228492737,-0.027283249529887144,0.014792978763580322,-0.3454585373401642,-0.048712032022763196,0.046275943517684937,-0.35475897789001465,-0.06097535985975355,-0.052468717098236084,-0.20596277713775635,-0.008653240385342542,-0.06134536862373352,-0.27310872077941895,-0.03350037160782904,-0.05645984411239624,-0.31859636306762695,-0.05080576810507864,-0.041764676570892334,-0.3553873300552368,-0.062171788993168775,1
0.0,0.0,0.0,0.07685613632202148,-0.03644263744354248,-0.033284388735921766,0.1269732415676117,-0.12926071882247925,-0.041084613904388334,0.14682266116142273,-0.21440035104751587,-0.04733365426960745,0.17112931609153748,-0.27869367599487305,-0.052386071786315824,0.06522312760353088,-0.2437027096748352,0.0004932618261932475,0.0849476158618927,-0.31779637932777405,-0.018692212432654287,0.10777720808982849,-0.35077396035194397,-0.0385805631727294,0.1322934925556183,-0.3694190979003906,-0.05234175200763502,0.024507135152816772,-0.25566697120666504,0.003245915032891844,0.03519067168235779,-0.3407513201236725,-0.01770610387626448,0.06384775042533875,-0.37753838300704956,-0.04066357786956587,0.09732353687286377,-0.39140981435775757,-0.05571002911034384,-0.016701608896255493,-0.2459651231765747,-0.0008813335649051623,-0.01766952872276306,-0.33468925952911377,-0.026304075747759725,0.007485002279281616,-0.368008553981781,-0.04822004611793318,0.040874749422073364,-0.38103678822517395,-0.06089540596309462,-0.057956695556640625,-0.2175695300102234,-0.008099864490361597,-0.07974272966384888,-0.28812289237976074,-0.03177753116193571,-0.08585613965988159,-0.34113943576812744,-0.048973474904926206,-0.08074763417243958,-0.3842010498046875,-0.060230613008172895,1
0.0,0.0,0.0,0.07822072505950928,-0.03869938850402832,-0.031160599258754473,0.1274380385875702,-0.13199317455291748,-0.037284166258785945,0.14551901817321777,-0.21886879205703735,-0.04270725016019128,0.16696196794509888,-0.28425586223602295,-0.04636783216616891,0.06312775611877441,-0.24235618114471436,0.007687898180421371,0.08314603567123413,-0.3147592544555664,-0.014066582252297621,0.10862714052200317,-0.33642223477363586,-0.036063969773266535,0.1357080340385437,-0.3430827558040619,-0.05034475837371133,0.021195918321609497,-0.25567030906677246,0.00936001568564393,0.029856353998184204,-0.34304001927375793,-0.011908645448301058,0.05813524127006531,-0.3850395679473877,-0.03427887026688836,0.092572420835495,-0.40589243173599243,-0.04880822141191743,-0.020237058401107788,-0.24638813734054565,0.0032562204310409015,-0.02426740527153015,-0.3351486325263977,-0.022189912092898112,-0.0006495416164398193,-0.3737962245941162,-0.04279763687870286,0.03266489505767822,-0.39346474409103394,-0.05414091859481118,-0.06120717525482178,-0.21742713451385498,-0.006174863022778254,-0.08500897884368896,-0.28654879331588745,-0.02892357547304414,-0.09253555536270142,-0.34032756090164185,-0.044582736385081034,-0.0873112678527832,-0.3859117031097412,-0.05450246174356721,1
0.0,0.0,0.0,0.0735563337802887,-0.03918403387069702,-0.038016307489272094,0.12177717685699463,-0.12452983856201172,-0.04917090325176332,0.13874110579490662,-0.21043556928634644,-0.058455135063525177,0.1578013300895691,-0.27733057737350464,-0.06656756936132524,0.060610562562942505,-0.24390405416488647,-0.0073186339300832515,0.0823708176612854,-0.31605297327041626,-0.03195451511561487,0.10614705085754395,-0.3481433391571045,-0.05498481480896089,0.1308155059814453,-0.36060577630996704,-0.06994774876653764,0.0184309184551239,-0.2576596736907959,-0.0028173603073469167,0.02380463480949402,-0.34757399559020996,-0.02769548943757627,0.049213945865631104,-0.3901757597923279,-0.053317259387370086,0.08116617798805237,-0.39918583631515503,-0.0702181526881418,-0.021129846572875977,-0.24364334344863892,-0.005400381838228441,-0.03501996397972107,-0.3296705186367035,-0.036596632884140945,-0.016643434762954712,-0.35724207758903503,-0.06390848694860551,0.013566464185714722,-0.3502488136291504,-0.07905169515430543,-0.060270756483078,-0.20948052406311035,-0.011053732917901016,-0.08477139472961426,-0.27311521768569946,-0.0419373170894346,-0.08340498805046082,-0.3088729977607727,-0.06417890577137086,-0.06669899821281433,-0.3204319477081299,-0.07742921202003572,1
0.0,0.0,0.0,0.07345741987228394,-0.04041790962219238,-0.03525042976406212,0.12193742394447327,-0.12434142827987671,-0.046702545836240006,0.13909831643104553,-0.21029293537139893,-0.056955364301472855,0.15280860662460327,-0.2795814275741577,-0.06659677322176094,0.06314453482627869,-0.24469488859176636,-0.011117505609661293,0.07871812582015991,-0.3183601200580597,-0.03487418289449806,0.10354572534561157,-0.34873563051223755,-0.05733161117103691,0.13029003143310547,-0.3652171492576599,-0.07308709318903084,0.022579997777938843,-0.25792473554611206,-0.008677759907811833,0.023637235164642334,-0.3582723140716553,-0.03369839559462662,0.05419701337814331,-0.39408931136131287,-0.057190519526272965,0.08825284242630005,-0.40357884764671326,-0.07336928392913933,-0.015545904636383057,-0.24295932054519653,-0.012357955567210865,-0.03170734643936157,-0.3532199263572693,-0.04806645284560318,-0.0020748674869537354,-0.3584946393966675,-0.07172318990495796,0.03131371736526489,-0.3293328881263733,-0.0830577209141552,-0.05469602346420288,-0.21138983964920044,-0.018577842741876793,-0.06011798977851868,-0.29126685857772827,-0.05610880325701828,-0.03550991415977478,-0.29806262254714966,-0.07614412601259346,-0.007568955421447754,-0.27270185947418213,-0.08611475373771782,1
0.0,0.0,0.0,0.07473263144493103,-0.037162184715270996,-0.032196822760113264,0.12309956550598145,-0.12401771545410156,-0.04336113407970288,0.13750049471855164,-0.21254867315292358,-0.05387719645858624,0.14969491958618164,-0.2832871079444885,-0.06420117914439061,0.0668792724609375,-0.24455219507217407,-0.01899172849715569,0.07841211557388306,-0.3323848843574524,-0.044921732691534544,0.10458150506019592,-0.3609508275985718,-0.06602588593722203,0.13088366389274597,-0.3660042881965637,-0.0789428755617223,0.025367438793182373,-0.255520761013031,-0.018571566042908216,0.019130229949951172,-0.371759295463562,-0.0436972632980428,0.05315801501274109,-0.3954220414161682,-0.06232845708490231,0.08532583713531494,-0.38415437936782837,-0.073180641231545,-0.013304054737091064,-0.23925632238388062,-0.02326537966490605,-0.033624619245529175,-0.3587837815284729,-0.057286511359222914,0.000692218542098999,-0.3516616225242615,-0.07303659170628407,0.03172582387924194,-0.30936139822006226,-0.07807853370667317,-0.053313255310058594,-0.20606952905654907,-0.030348110196598554,-0.05868697166442871,-0.29400110244750977,-0.06641003042221882,-0.03104311227798462,-0.2897986173629761,-0.08023936599255421,-0.006683290004730225,-0.25186675786972046,-0.0845610305643163,1
0.0,0.0,0.0,0.07992091774940491,-0.03987407684326172,-0.03507820275623885,0.12728804349899292,-0.13498491048812866,-0.04904861879546729,0.14204660058021545,-0.2221071720123291,-0.06281656158168403,0.15251195430755615,-0.292916476726532,-0.07643264663417426,0.06200176477432251,-0.253090500831604,-0.024790210100007926,0.07103663682937622,-0.35170847177505493,-0.057248638393474494,0.10001438856124878,-0.37479400634765625,-0.08311414104898063,0.12310665845870972,-0.36637431383132935,-0.09764135760266868,0.01816040277481079,-0.26480209827423096,-0.024688975336147223,0.01680317521095276,-0.3853859603404999,-0.06053877380688277,0.05728217959403992,-0.3959023356437683,-0.0904030514975318,0.08701002597808838,-0.3556431531906128,-0.10579075795610038,-0.02292683720588684,-0.250899076461792,-0.029333123387885962,-0.04503336548805237,-0.3649964928627014,-0.06382890176971046,-0.009884923696517944,-0.3663071095943451,-0.08949194234807578,0.022418558597564697,-0.3197992444038391,-0.10103271287877647,-0.06576740741729736,-0.21596074104309082,-0.03667265308101264,-0.10111112892627716,-0.29442721605300903,-0.06914373618562308,-0.0910758376121521,-0.3248829245567322,-0.09202281516988364,-0.07089918851852417,-0.31667792797088623,-0.10427222532231895,1
0.0,0.0,0.0,0.08202371001243591,-0.04588240385055542,-0.0420183623457433,0.1333865523338318,-0.1312549114227295,-0.059903171869564176,0.14858543872833252,-0.21583563089370728,-0.07695319599156392,0.15800827741622925,-0.29248154163360596,-0.09334550148491871,0.07144644856452942,-0.25585436820983887,-0.020769077377963185,0.09450206160545349,-0.3366101384162903,-0.06263522899394047,0.12172907590866089,-0.3578464090824127,-0.09815187847857487,0.142039954662323,-0.3372468948364258,-0.11646674669032109,0.02459469437599182,-0.27377963066101074,-0.019074195089388013,0.03216397762298584,-0.38340842723846436,-0.05884070790057194,0.06307703256607056,-0.4084015190601349,-0.09734239524846089,0.09008806943893433,-0.37469178438186646,-0.11869285351281178,-0.02040085196495056,-0.2632756233215332,-0.024348570990014196,-0.03774160146713257,-0.3635156452655792,-0.06253403520827305,-0.012368500232696533,-0.39062756299972534,-0.09703882879261982,0.019679754972457886,-0.3613691031932831,-0.11434181875233662,-0.06771218776702881,-0.22964739799499512,-0.03273444718365681,-0.10305333137512207,-0.30465078353881836,-0.06567084139828694,-0.09916827082633972,-0.34730827808380127,-0.090562851192999,-0.07878553867340088,-0.3514214754104614,-0.1042231032872678,1
0.0,0.0,0.0,0.0769948959350586,-0.03984874486923218,-0.04031198993857288,0.13172444701194763,-0.114329993724823,-0.05893277898962879,0.1514337956905365,-0.1927512288093567,-0.0775535643153944,0.17191952466964722,-0.2658398151397705,-0.09370835274989986,0.0752892792224884,-0.25431811809539795,-0.012959560943500037,0.10325437784194946,-0.334115207195282,-0.057372657214955325,0.13101491332054138,-0.34226858615875244,-0.09169528782899761,0.157392680644989,-0.31644749641418457,-0.10749779791171932,0.028428882360458374,-0.2782962918281555,-0.012091431399539943,0.036812663078308105,-0.38034749031066895,-0.04760931954319858,0.0677439272403717,-0.4224884510040283,-0.07287320644195461,0.10216096043586731,-0.42233508825302124,-0.08424697965915584,-0.017681986093521118,-0.2718263268470764,-0.020445620273903842,-0.029204726219177246,-0.371284544467926,-0.05540992469127559,-0.009694665670394897,-0.4145504832267761,-0.07382939905460262,0.023280203342437744,-0.42287757992744446,-0.07916400731141948,-0.06394493579864502,-0.23896318674087524,-0.03309014216597461,-0.09735536575317383,-0.31148672103881836,-0.061801386629895205,-0.10059131681919098,-0.3679218292236328,-0.07549017817314052,-0.08596694469451904,-0.4060843586921692,-0.07956662923629665,1
0.0,0.0,0.0,0.07458481192588806,-0.03919672966003418,-0.04346841940383683,0.12773814797401428,-0.10934728384017944,-0.06448337057332765,0.14460209012031555,-0.1877901554107666,-0.0848171673129059,0.16708996891975403,-0.2611626386642456,-0.10262816766004335,0.07789793610572815,-0.25544458627700806,-0.015263478213057624,0.10745492577552795,-0.3334696888923645,-0.05913503089647065,0.13426169753074646,-0.34214454889297485,-0.09379835048417817,0.16137394309043884,-0.31939423084259033,-0.11130660393934022,0.031475841999053955,-0.2793123722076416,-0.013383989163742172,0.041519373655319214,-0.37940502166748047,-0.04851402708987962,0.06965282559394836,-0.4209136664867401,-0.07457458594541322,0.10461103916168213,-0.42803049087524414,-0.08824818202953111,-0.01440766453742981,-0.272360622882843,-0.02097762742738496,-0.02384430170059204,-0.36924970149993896,-0.05600675189594995,-0.00574079155921936,-0.41302722692489624,-0.07623964169721376,0.02745997905731201,-0.4261661767959595,-0.08441351720790635,-0.060085564851760864,-0.23879575729370117,-0.03317538270454179,-0.09210021793842316,-0.30981045961380005,-0.06296969571809541,-0.09626829624176025,-0.3644585609436035,-0.07871199020843278,-0.08323895931243896,-0.403175413608551,-0.08547310152749787,1
0.0,0.0,0.0,0.07050591707229614,-0.041820228099823,-0.03616639517099429,0.12045267224311829,-0.11969923973083496,-0.0531915567055421,0.1336495578289032,-0.20417344570159912,-0.06951153196246196,0.1608101725578308,-0.27419883012771606,-0.08316188968569804,0.07791358232498169,-0.26020348072052,-0.004817180445797931,0.10579818487167358,-0.33638620376586914,-0.03891157649309207,0.13392308354377747,-0.3535655736923218,-0.06724487162978221,0.16590192914009094,-0.35079580545425415,-0.08386707223803569,0.03121200203895569,-0.2834542989730835,-0.00569236429259945,0.045619577169418335,-0.3837732672691345,-0.03289232693464328,0.07517293095588684,-0.4325234889984131,-0.05293970472962428,0.11415967345237732,-0.46298617124557495,-0.06462562002093364,-0.014082998037338257,-0.27704328298568726,-0.015564942842729579,-0.01696985960006714,-0.3759744167327881,-0.046064156217880736,0.002226531505584717,-0.429609090089798,-0.06336636014134456,0.036535680294036865,-0.4674670100212097,-0.07187893904597331,-0.06053820252418518,-0.24411749839782715,-0.0293915915474372,-0.09126530587673187,-0.31580299139022827,-0.056566371692724715,-0.09710529446601868,-0.3722788095474243,-0.06991449661404658,-0.08779868483543396,-0.4229775667190552,-0.07691596366316844,1
0.0,0.0,0.0,0.07358455657958984,-0.04702794551849365,-0.04571195733865352,0.12175905704498291,-0.12760502099990845,-0.06778749865611644,0.13210201263427734,-0.21338105201721191,-0.08820033860524745,0.14895844459533691,-0.2925037741661072,-0.10723184836228938,0.0778806209564209,-0.268372118473053,-0.02228067857345195,0.10242998600006104,-0.34810763597488403,-0.060522776517473176,0.12932029366493225,-0.3712462782859802,-0.09239545506557079,0.15454816818237305,-0.36026787757873535,-0.10968752247413249,0.031105905771255493,-0.28779780864715576,-0.01821345877965541,0.03486037254333496,-0.3895210921764374,-0.05346269575079532,0.06302714347839355,-0.4179176092147827,-0.08446566057523341,0.09461179375648499,-0.39468514919281006,-0.1013484526904449,-0.01425403356552124,-0.27533984184265137,-0.0215516485752687,-0.031115978956222534,-0.37360912561416626,-0.05673693907579036,-0.01036524772644043,-0.40376535058021545,-0.08313549352010341,0.022493958473205566,-0.38435524702072144,-0.09536272329410167,-0.06001079082489014,-0.23535043001174927,-0.028803578067027047,-0.0961349606513977,-0.30911916494369507,-0.06210873690565677,-0.09182268381118774,-0.3517436981201172,-0.08334013116677852,-0.07160156965255737,-0.357488751411438,-0.09316284996589275,1
0.0,0.0,0.0,0.07524117827415466,-0.040746867656707764,-0.045074928161653816,0.1308574676513672,-0.11496126651763916,-0.0667388211758464,0.14315983653068542,-0.19395571947097778,-0.08707316180780822,0.1426258385181427,-0.2727351784706116,-0.10626044085339004,0.07689237594604492,-0.2604960799217224,-0.030971236136707603,0.09803050756454468,-0.34632372856140137,-0.06945007255390578,0.12751999497413635,-0.3725406527519226,-0.09963875224903518,0.150913804769516,-0.3644198179244995,-0.11522841414526397,0.029071182012557983,-0.27963513135910034,-0.027269344386610328,0.028222322463989258,-0.3973640203475952,-0.06564389875248366,0.05608394742012024,-0.4163653552532196,-0.0959368567736476,0.08085078001022339,-0.3743729889392853,-0.11001447549179488,-0.015636831521987915,-0.2684999704360962,-0.029485264402779876,-0.039172470569610596,-0.3791521191596985,-0.06387115975931579,-0.015056312084197998,-0.3947191834449768,-0.08587396105841094,0.015386968851089478,-0.35376453399658203,-0.09338203033522063,-0.06295791268348694,-0.2317945957183838,-0.035689845290932,-0.09921285510063171,-0.31231218576431274,-0.06715594193056518,-0.08861106634140015,-0.34622812271118164,-0.0857696827323764,-0.0649878978729248,-0.33401668071746826,-0.0924956571133464,1
0.0,0.0,0.0,0.07593297958374023,-0.041527509689331055,-0.04653048598203213,0.132586270570755,-0.12034553289413452,-0.06894351997408421,0.14571413397789001,-0.2006053924560547,-0.08975748428139241,0.15757739543914795,-0.27838248014450073,-0.10926076480183156,0.0767526924610138,-0.26571208238601685,-0.031431184047789884,0.1021445095539093,-0.35348957777023315,-0.0724562079552129,0.1307997703552246,-0.3792989253997803,-0.10433251121077092,0.15478795766830444,-0.36870241165161133,-0.12079494901928456,0.027789175510406494,-0.28550130128860474,-0.02799713880750687,0.031171023845672607,-0.4002232551574707,-0.06752796181473286,0.06104636192321777,-0.42807185649871826,-0.09987612524065526,0.0906718373298645,-0.39773833751678467,-0.11639098533424885,-0.017869114875793457,-0.2724282145500183,-0.031169042820067716,-0.039744049310684204,-0.3817235231399536,-0.06878623821768315,-0.01550227403640747,-0.40403181314468384,-0.09489545681509526,0.01890110969543457,-0.37239497900009155,-0.1055907950643018,-0.0650097131729126,-0.23276293277740479,-0.0380895555857137,-0.09892256557941437,-0.31148046255111694,-0.07229891874823124,-0.09271344542503357,-0.3514479398727417,-0.09363717296156437,-0.07143896818161011,-0.34923434257507324,-0.1027596712950185,1
0.0,0.0,0.0,-0.05479717254638672,-0.018681883811950684,-0.008746520639590472,-0.09774869680404663,-0.06973731517791748,-0.013692856789759844,-0.11682853102684021,-0.1197885274887085,-0.021334946179024428,-0.141044020652771,-0.16784358024597168,-0.028276303806535452,-0.09867888689041138,-0.1488538384437561,0.01795544845498398,-0.12532716989517212,-0.1821334958076477,-0.0028871738120983537,-0.14883911609649658,-0.18424895405769348,-0.025522843026749342,-0.17010846734046936,-0.17296826839447021,-0.03986721860729858,-0.07591670751571655,-0.16963446140289307,0.010552432364590913,-0.10677561163902283,-0.20922157168388367,-0.008297229209176749,-0.13142532110214233,-0.20540940761566162,-0.02697376909219429,-0.15456217527389526,-0.18654578924179077,-0.03798760848604843,-0.04947495460510254,-0.17792868614196777,-0.001820620289265662,-0.08031225204467773,-0.22509247064590454,-0.021071141609183996,-0.10849553346633911,-0.21901217103004456,-0.03320615368448898,-0.13428977131843567,-0.19866758584976196,-0.039306633197895735,-0.019102931022644043,-0.17508867383003235,-0.01572909953557655,-0.053078413009643555,-0.19787123799324036,-0.033865664177767485,-0.07828325033187866,-0.1862996518611908,-0.04207658397518799,-0.10177290439605713,-0.1673986315727234,-0.045703895413510054,2
0.0,0.0,0.0,-0.05529642105102539,-0.02150726318359375,-0.002935291754795344,-0.09937906265258789,-0.07840204238891602,-0.005002572222394974,-0.12001815438270569,-0.1269972324371338,-0.011539076476140053,-0.13956749439239502,-0.17031502723693848,-0.017910367830438645,-0.09126436710357666,-0.1638392210006714,0.02219826446588513,-0.12408432364463806,-0.18763068318367004,0.0005680711844320285,-0.155066579580307,-0.18300867080688477,-0.023078569232268364,-0.18355703353881836,-0.169844388961792,-0.038362887709183724,-0.06908178329467773,-0.1843549609184265,0.010692662538247077,-0.10928860306739807,-0.21637755632400513,-0.009539575337214501,-0.14472723007202148,-0.20408177375793457,-0.02875511816029075,-0.17636463046073914,-0.18146416544914246,-0.03985404318456176,-0.043175697326660156,-0.19131320714950562,-0.005430431126399071,-0.08663016557693481,-0.23037239909172058,-0.026840343161268265,-0.12481689453125,-0.213224858045578,-0.03829510977749351,-0.1577071249485016,-0.1881842315196991,-0.043005798964543374,-0.0158156156539917,-0.18394812941551208,-0.02265494598333362,-0.06339973211288452,-0.19826695322990417,-0.041514647214455636,-0.09653633832931519,-0.18072283267974854,-0.04815705588345054,-0.12409016489982605,-0.15923777222633362,-0.0501904422629309,2
0.0,0.0,0.0,-0.061489880084991455,-0.04686546325683594,0.005083849404229568,-0.09455728530883789,-0.1200898289680481,0.006936019502802537,-0.11240053176879883,-0.17255190014839172,0.0015372379983205064,-0.12849408388137817,-0.2144741415977478,-0.0038930887987476126,-0.05933254957199097,-0.19472405314445496,0.03286188629664366,-0.10052508115768433,-0.2342338263988495,0.010040993552877353,-0.14223241806030273,-0.23181366920471191,-0.014636573631094052,-0.17839539051055908,-0.21506282687187195,-0.02977839696012552,-0.03709816932678223,-0.208357572555542,0.017125203956140922,-0.08840858936309814,-0.2565324008464813,-0.004113907243834092,-0.135459303855896,-0.25054851174354553,-0.0269663448145252,-0.1757602095603943,-0.23400196433067322,-0.0405579342206579,-0.01422262191772461,-0.20940673351287842,-0.002937711791844322,-0.0693199634552002,-0.25944963097572327,-0.024839278559909417,-0.11675560474395752,-0.24817761778831482,-0.039656633760557725,-0.15633875131607056,-0.22814437747001648,-0.04636229785882051,0.003355860710144043,-0.19535565376281738,-0.02359548608563955,-0.05566829442977905,-0.21768227219581604,-0.04063003721438463,-0.09447324275970459,-0.21304312348365784,-0.048741726454125,-0.12671148777008057,-0.20378687977790833,-0.0523469245692354,2
0.0,0.0,0.0,-0.06906205415725708,-0.06457692384719849,0.006860765418821302,-0.10132640600204468,-0.1383000612258911,0.004604803188556161,-0.13187319040298462,-0.18740198016166687,-0.005203328770733151,-0.16167646646499634,-0.22520825266838074,-0.014577799220717225,-0.028304994106292725,-0.22474873065948486,0.030301554384493556,-0.08677792549133301,-0.2584715485572815,0.005771998572015491,-0.13444453477859497,-0.2574142813682556,-0.0209074129584792,-0.17830917239189148,-0.24757280945777893,-0.03755263399813202,-0.009702920913696289,-0.23099979758262634,0.012862825090849128,-0.08435672521591187,-0.27892088890075684,-0.007662282535022769,-0.13720768690109253,-0.26882702112197876,-0.031241476279831204,-0.18111282587051392,-0.25329717993736267,-0.04672411617372063,0.0029375553131103516,-0.22513777017593384,-0.008137464267349515,-0.07357174158096313,-0.2659287452697754,-0.026775683951711926,-0.1264101266860962,-0.2534676194190979,-0.0396009960446122,-0.16815173625946045,-0.2373611330986023,-0.04635504421327141,0.001955866813659668,-0.2043563723564148,-0.029875904065704617,-0.06690704822540283,-0.22253042459487915,-0.04155708265039948,-0.10781657695770264,-0.22134831547737122,-0.04713009831044701,-0.14113187789916992,-0.2177552580833435,-0.05011959162089852,2
0.0,0.0,0.0,-0.0720210075378418,-0.056054770946502686,0.008695000553984755,-0.10741573572158813,-0.12692970037460327,0.007358132632930392,-0.13557136058807373,-0.17358514666557312,-0.0020046464591132462,-0.16370123624801636,-0.21020618081092834,-0.011776958820860273,-0.044629812240600586,-0.2192753255367279,0.030259045543630236,-0.10558712482452393,-0.24656394124031067,0.004919761563201064,-0.15164190530776978,-0.23908475041389465,-0.022293019337098485,-0.1922590732574463,-0.22408819198608398,-0.03886264678601492,-0.02458268404006958,-0.22697308659553528,0.011853583859760874,-0.09982359409332275,-0.2680833041667938,-0.009456269671659356,-0.15195006132125854,-0.25279632210731506,-0.03424951177601088,-0.19360101222991943,-0.23196125030517578,-0.05061201494697798,-0.009353578090667725,-0.22253748774528503,-0.009931705189387685,-0.08443242311477661,-0.25800758600234985,-0.029711692822615987,-0.13608163595199585,-0.24020916223526,-0.04537751641635168,-0.17510229349136353,-0.21851518750190735,-0.054076568452160245,-0.006103157997131348,-0.20332324504852295,-0.032065333095829374,-0.07498818635940552,-0.21666720509529114,-0.04496327903632391,-0.11521363258361816,-0.2091836929321289,-0.05230663832787741,-0.1466212272644043,-0.19960108399391174,-0.05663733672861326,2
0.0,0.0,0.0,-0.07363373041152954,-0.05429208278656006,0.012910440155451397,-0.1098528504371643,-0.1225438117980957,0.012792749853019814,-0.14036154747009277,-0.1643100380897522,0.004022521023784975,-0.16807115077972412,-0.19727951288223267,-0.005413113570625683,-0.040879666805267334,-0.22087004780769348,0.03251954220343123,-0.10665380954742432,-0.2424023151397705,0.010049648174231152,-0.15321260690689087,-0.23137053847312927,-0.015869490279669662,-0.1938510537147522,-0.21391820907592773,-0.03226472385119905,-0.024450361728668213,-0.2247905433177948,0.012059446015541653,-0.10634201765060425,-0.26061171293258667,-0.006752978022063871,-0.15901139378547668,-0.24172693490982056,-0.031576685084814926,-0.20075684785842896,-0.21825477480888367,-0.048813864066119095,-0.014349579811096191,-0.2167455554008484,-0.011062272301728626,-0.09345942735671997,-0.24689456820487976,-0.02838998235654344,-0.14506882429122925,-0.22698116302490234,-0.044178656711096664,-0.18398863077163696,-0.2044154405593872,-0.053956049903149506,-0.016156494617462158,-0.19431176781654358,-0.03409346140813341,-0.08558410406112671,-0.20506617426872253,-0.04559094779085626,-0.12572014331817627,-0.1972605586051941,-0.052688609286065,-0.1575007140636444,-0.18823829293251038,-0.057504880650753876,2
0.0,0.0,0.0,-0.07921183109283447,-0.06362050771713257,0.018933840687736847,-0.10604697465896606,-0.13131046295166016,0.018988613630995133,-0.1330239176750183,-0.1771339476108551,0.0105079530136436,-0.1593935489654541,-0.2100515365600586,0.0003370348809994539,-0.012222111225128174,-0.2348516881465912,0.024739763359889366,-0.0951077938079834,-0.2596070170402527,0.007833212274476864,-0.14875179529190063,-0.2501240372657776,-0.012131490152910374,-0.18873608112335205,-0.23772501945495605,-0.025085267950430534,-0.002483665943145752,-0.23191985487937927,0.003875873876154401,-0.10024863481521606,-0.2718214690685272,-0.007402767301186941,-0.15705466270446777,-0.25489312410354614,-0.023679430936113022,-0.19815272092819214,-0.23506399989128113,-0.03667885192169251,-0.006132304668426514,-0.21491143107414246,-0.017800479535594604,-0.10189187526702881,-0.24951714277267456,-0.028645501811638496,-0.15611809492111206,-0.23499006032943726,-0.03852287061943116,-0.19535115361213684,-0.22031232714653015,-0.04648319386376443,-0.02655768394470215,-0.18619662523269653,-0.03866893552674355,-0.10524415969848633,-0.20630788803100586,-0.04688486211432519,-0.1465713381767273,-0.20378723740577698,-0.05170486994518342,-0.17824792861938477,-0.20020067691802979,-0.055502453227177284,2
0.0,0.0,0.0,-0.08277559280395508,-0.0708431601524353,0.026153995051913626,-0.11071860790252686,-0.14084601402282715,0.026980292379789717,-0.1404990553855896,-0.18822816014289856,0.018909465849333174,-0.1681336760520935,-0.2214723825454712,0.008177186690204508,-0.012988746166229248,-0.24753722548484802,0.0207350089698366,-0.10085320472717285,-0.27468419075012207,0.009776940897040731,-0.15476524829864502,-0.26442232728004456,-0.005379880450732344,-0.19369295239448547,-0.2551872134208679,-0.01649648477143728,-0.007111728191375732,-0.24202889204025269,-0.0032636901811429198,-0.10625845193862915,-0.2871210277080536,-0.010520228788323038,-0.1646798849105835,-0.27244535088539124,-0.02417337675399267,-0.20717984437942505,-0.2552482783794403,-0.03674080562598192,-0.01683497428894043,-0.21952471137046814,-0.02592205595976793,-0.11143094301223755,-0.2647644877433777,-0.031840663075513476,-0.16633182764053345,-0.25459909439086914,-0.03981541064388239,-0.20634430646896362,-0.2431550920009613,-0.04857801985747301,-0.04480421543121338,-0.18476924300193787,-0.046886991381711596,-0.12284636497497559,-0.215873122215271,-0.05238283765322649,-0.16343152523040771,-0.21768969297409058,-0.05595706370479547,-0.19492441415786743,-0.21684539318084717,-0.05983874541527712,2
0.0,0.0,0.0,-0.08190697431564331,-0.063526451587677,0.018652836022624797,-0.11276334524154663,-0.1351761817932129,0.019934868601808375,-0.14229506254196167,-0.1833648681640625,0.012377622699091262,-0.17066937685012817,-0.21846246719360352,0.0033744747505579653,-0.026936054229736328,-0.23662453889846802,0.02924647570932848,-0.10436421632766724,-0.267223060131073,0.011510081750998324,-0.15650814771652222,-0.2586808204650879,-0.009532607930054837,-0.19666606187820435,-0.2448539435863495,-0.023095164286246472,-0.013351500034332275,-0.23690947890281677,0.008170048868009872,-0.1092602014541626,-0.2823163866996765,-0.005112967757781917,-0.165777325630188,-0.2640224099159241,-0.023847034039249593,-0.20578941702842712,-0.24163681268692017,-0.037959031598916226,-0.011232733726501465,-0.22307279706001282,-0.014198049741139585,-0.10548514127731323,-0.26202213764190674,-0.02652677132402914,-0.15972262620925903,-0.24523282051086426,-0.03832532821809309,-0.1981840431690216,-0.2267647087574005,-0.047000735836377316,-0.02538013458251953,-0.19735968112945557,-0.0359347684553768,-0.10358738899230957,-0.21800541877746582,-0.044186051773181134,-0.1463366150856018,-0.21484509110450745,-0.049699753361096555,-0.17911285161972046,-0.2098618447780609,-0.05413385464464682,2
0.0,0.0,0.0,-0.07066595554351807,-0.05285954475402832,0.006772948702064241,-0.1078486442565918,-0.11928725242614746,0.00420334077739426,-0.13959240913391113,-0.16299369931221008,-0.00599666331595472,-0.17083340883255005,-0.19627055525779724,-0.016072109534206902,-0.04936027526855469,-0.21606013178825378,0.02911976891869017,-0.10860377550125122,-0.23973819613456726,0.003292214631301249,-0.15267306566238403,-0.22742390632629395,-0.023822451202931916,-0.1906590461730957,-0.20787334442138672,-0.03996899743265203,-0.029771745204925537,-0.2221372127532959,0.01198597698771664,-0.10253190994262695,-0.25774237513542175,-0.010194765596452271,-0.15196850895881653,-0.23685145378112793,-0.03423005361742071,-0.19043639302253723,-0.21080005168914795,-0.04915869255250982,-0.01468569040298462,-0.21664008498191833,-0.008727736032369648,-0.08829349279403687,-0.24486196041107178,-0.028528018115821396,-0.13787966966629028,-0.2223391830921173,-0.0427369775313764,-0.17473959922790527,-0.19729453325271606,-0.049749192043009316,-0.01010817289352417,-0.19595861434936523,-0.030004272430005585,-0.07683396339416504,-0.20514437556266785,-0.04210956786459974,-0.11588478088378906,-0.19573509693145752,-0.04827293772882513,-0.14650127291679382,-0.1841006577014923,-0.05129925925916723,2
0.0,0.0,0.0,-0.010724365711212158,0.008975684642791748,-0.059474763809120645,0.003635406494140625,-0.019370615482330322,-0.09072165691701173,0.06368660926818848,-0.06358909606933594,-0.1079266195878148,0.10916566848754883,-0.10365557670593262,-0.11894929909554719,-0.06295949220657349,-0.13481584191322327,-0.07629632705298661,0.00928431749343872,-0.1532905399799347,-0.10917266213742494,0.056685805320739746,-0.12745097279548645,-0.122687419293797,0.08921635150909424,-0.10507941246032715,-0.12824668490735291,-0.03811714053153992,-0.1702629029750824,-0.05683890858141183,0.02452903985977173,-0.1982901692390442,-0.08957146608678102,0.06468957662582397,-0.15791791677474976,-0.09795828664151429,0.08820563554763794,-0.1291947364807129,-0.09853338205662965,-0.009128570556640625,-0.17739272117614746,-0.04107168444839715,0.0501977801322937,-0.1963912844657898,-0.07581708335725068,0.08525162935256958,-0.15779197216033936,-0.0817597409471631,0.10430729389190674,-0.13259464502334595,-0.07830916100589036,0.019685029983520508,-0.1676841378211975,-0.028970701037323465,0.06764429807662964,-0.1699349284172058,-0.06038533279148339,0.09346431493759155,-0.14348220825195312,-0.0696347927435994,0.10776513814926147,-0.12855717539787292,-0.06920347863284348,2
0.0,0.0,0.0,0.011482805013656616,0.016925036907196045,-0.06035872786304708,0.04562315344810486,-0.0012745261192321777,-0.0916520157363152,0.10414299368858337,-0.032798707485198975,-0.10773464529773946,0.14941146969795227,-0.060770511627197266,-0.11761674522421117,-0.008225232362747192,-0.11338812112808228,-0.08709851889869924,0.0720493495464325,-0.12628018856048584,-0.11093179374000783,0.11860272288322449,-0.1103411614894867,-0.115194658329699,0.15108630061149597,-0.09305053949356079,-0.11655102907678838,0.005755990743637085,-0.15089112520217896,-0.06462159245273824,0.07941010594367981,-0.1626291573047638,-0.092136437585566,0.117799311876297,-0.1280849277973175,-0.09470384060404058,0.14248386025428772,-0.1026887595653534,-0.09300838648340459,0.023985087871551514,-0.16155275702476501,-0.04432454570195432,0.09526124596595764,-0.15689918398857117,-0.07120965658685918,0.12839224934577942,-0.12475091218948364,-0.07256601988336797,0.14910992980003357,-0.10373973846435547,-0.0689813443925118,0.0449502170085907,-0.154656320810318,-0.028048158204171614,0.09940484166145325,-0.1406160295009613,-0.052850274881336645,0.1217869222164154,-0.11468786001205444,-0.05992275341412778,0.1342838704586029,-0.10200464725494385,-0.05997119336387868,2
0.0,0.0,0.0,-0.019483476877212524,0.01792973279953003,-0.04191685105293175,-0.026852190494537354,0.00033336877822875977,-0.06557882214515587,0.007789790630340576,-0.04119223356246948,-0.0812456348034658,0.03452831506729126,-0.07850176095962524,-0.09298419589727303,-0.09248605370521545,-0.1035987138748169,-0.04898772026031395,-0.06309932470321655,-0.1329786777496338,-0.08110699439971825,-0.028916090726852417,-0.12143203616142273,-0.10037855441301247,0.003178417682647705,-0.10656380653381348,-0.10999123389451881,-0.07106384634971619,-0.14325794577598572,-0.03935193280308624,-0.028437674045562744,-0.1690070629119873,-0.07366641248195549,0.011125355958938599,-0.1308794915676117,-0.08637547875373741,0.03846210241317749,-0.09619826078414917,-0.08817785615651985,-0.04324465990066528,-0.15650716423988342,-0.03362130011051079,-0.00026419758796691895,-0.1755216419696808,-0.07121702666013618,0.03644073009490967,-0.13857299089431763,-0.07870382452934166,0.05916363000869751,-0.10578978061676025,-0.07482178146570106,-0.013358145952224731,-0.15311473608016968,-0.030524907732299766,0.024640560150146484,-0.1578722596168518,-0.06645690287082573,0.05056262016296387,-0.12866172194480896,-0.0766241663190641,0.0662226676940918,-0.10247504711151123,-0.0753763579818525,2
0.0,0.0,0.0,-0.022834986448287964,0.01365506649017334,-0.042444513373062875,-0.034653425216674805,-0.010419487953186035,-0.06575134136526373,-0.0037088096141815186,-0.05299365520477295,-0.08210941144077566,0.017681002616882324,-0.0907144546508789,-0.09523232766239431,-0.08848854899406433,-0.11156374216079712,-0.041077547900364664,-0.06850504875183105,-0.14433947205543518,-0.07545682527868536,-0.03400909900665283,-0.1345958113670349,-0.09887757637350347,-0.003892958164215088,-0.11975181102752686,-0.11045124866812017,-0.0643736720085144,-0.1421360969543457,-0.032032762847826746,-0.0395512580871582,-0.18227171897888184,-0.06812075265495565,-0.0018589198589324951,-0.15359225869178772,-0.08593693115560797,0.022944748401641846,-0.12365582585334778,-0.09049349763242986,-0.03743398189544678,-0.14938214421272278,-0.027612894035861757,-0.007326722145080566,-0.17786499857902527,-0.06602474042026785,0.023763179779052734,-0.14435285329818726,-0.07723388560859945,0.04147976636886597,-0.11287844181060791,-0.07504673787205007,-0.010103851556777954,-0.14163336157798767,-0.02588140145687845,0.018566012382507324,-0.1538747251033783,-0.05991894119231489,0.036823809146881104,-0.12484773993492126,-0.06998894848673132,0.04509538412094116,-0.09628361463546753,-0.06903207042066839,2
0.0,0.0,0.0,-0.03236633539199829,0.008179008960723877,-0.029133085333359787,-0.055757611989974976,-0.01458507776260376,-0.04763344692493732,-0.0381980836391449,-0.05445951223373413,-0.0627404006054526,-0.02119302749633789,-0.08790850639343262,-0.07571075873876865,-0.09586939215660095,-0.10396397113800049,-0.024985587396276543,-0.101509690284729,-0.14072424173355103,-0.05434485542084033,-0.07875338196754456,-0.13854336738586426,-0.07872712629343326,-0.05385017395019531,-0.12589401006698608,-0.09240130352283771,-0.06960353255271912,-0.1322454810142517,-0.022434245966923783,-0.07000631093978882,-0.17921307682991028,-0.0518814923098212,-0.04264622926712036,-0.1608845293521881,-0.0702310355236655,-0.02224099636077881,-0.1313357949256897,-0.07701785879637058,-0.04228001832962036,-0.14238324761390686,-0.02366592752243335,-0.036050498485565186,-0.17629849910736084,-0.04966948943640048,-0.015693962574005127,-0.15495944023132324,-0.05841694416905696,-0.004167675971984863,-0.12537306547164917,-0.05856776627208049,-0.014301478862762451,-0.13634011149406433,-0.027524359696162293,-0.006635576486587524,-0.15309357643127441,-0.05002139898444469,0.003771066665649414,-0.1319240927696228,-0.055501125924838135,0.007888734340667725,-0.10631704330444336,-0.05429458262826259,2
0.0,0.0,0.0,-0.0356501042842865,0.0019575953483581543,-0.021345521906715348,-0.06266546249389648,-0.021786808967590332,-0.0365456879384336,-0.055250585079193115,-0.060880422592163086,-0.05038626643488975,-0.04384404420852661,-0.09445309638977051,-0.0625953503198442,-0.08947929739952087,-0.10399729013442993,-0.018177685911160424,-0.10572829842567444,-0.14725562930107117,-0.04451286199162574,-0.0940345823764801,-0.15228521823883057,-0.06613027083347411,-0.075127512216568,-0.137942373752594,-0.07787708717058273,-0.0613977313041687,-0.12793540954589844,-0.019958743477564767,-0.07558193802833557,-0.18553543090820312,-0.045736485744219735,-0.0627889633178711,-0.1772060990333557,-0.06275849568317504,-0.049130916595458984,-0.1490512490272522,-0.06955642032096954,-0.03200799226760864,-0.1353602409362793,-0.02496201696465583,-0.03437265753746033,-0.1815463900566101,-0.04783024790356727,-0.027554810047149658,-0.16780686378479004,-0.057809603983860924,-0.023865699768066406,-0.1389262080192566,-0.060474393541317895,-0.0020291805267333984,-0.1281414031982422,-0.031787139946919396,0.0008661150932312012,-0.14627620577812195,-0.05005996825764747,0.0014977455139160156,-0.12944424152374268,-0.0551991999394712,-0.0007887482643127441,-0.10419535636901855,-0.055416734541159585,2
0.0,0.0,0.0,-0.037592291831970215,-0.0022194981575012207,-0.016928088829352816,-0.06689122319221497,-0.028630435466766357,-0.029585520714952906,-0.0638972818851471,-0.06873571872711182,-0.0421446123872542,-0.054614245891571045,-0.10202586650848389,-0.052989819065167865,-0.08698517084121704,-0.11468809843063354,-0.011365001999273261,-0.10208049416542053,-0.15746349096298218,-0.033743784740998706,-0.10098344087600708,-0.16426080465316772,-0.05169738920076128,-0.09037303924560547,-0.14733898639678955,-0.060856812611653766,-0.058743804693222046,-0.13491487503051758,-0.015115872003569564,-0.07375550270080566,-0.19335773587226868,-0.036188174948527774,-0.07071465253829956,-0.1881089210510254,-0.04947776810868021,-0.06212425231933594,-0.15928032994270325,-0.05428225638015505,-0.028949230909347534,-0.13912302255630493,-0.0221680691246533,-0.03529694676399231,-0.1883314847946167,-0.04076788665397402,-0.03739720582962036,-0.17453235387802124,-0.04711767004473444,-0.03726762533187866,-0.14737451076507568,-0.04779198856694933,0.001672983169555664,-0.12981247901916504,-0.03084985630257364,-0.005102038383483887,-0.15927869081497192,-0.04450471045119997,-0.009975850582122803,-0.14279544353485107,-0.04590952859862085,-0.01245129108428955,-0.11786919832229614,-0.044027072355582675,2
0.0,0.0,0.0,-0.04814630746841431,-0.020749688148498535,-0.01655241951885955,-0.08643829822540283,-0.06431245803833008,-0.03004889667573707,-0.10065624117851257,-0.10638934373855591,-0.04523815505746143,-0.10972538590431213,-0.15453940629959106,-0.058524179389507935,-0.07568591833114624,-0.17640984058380127,-0.004625193891854451,-0.09193843603134155,-0.24293166399002075,-0.03317825042250888,-0.11467921733856201,-0.24352842569351196,-0.05804836668613689,-0.13168129324913025,-0.22412404417991638,-0.07170040824058788,-0.04457348585128784,-0.18776220083236694,-0.012279298273654149,-0.05378669500350952,-0.27551743388175964,-0.03762522630933063,-0.08337962627410889,-0.27389320731163025,-0.05676734366062419,-0.10601213574409485,-0.24688488245010376,-0.06602730520609157,-0.012722015380859375,-0.18232423067092896,-0.024577106466324494,-0.019565820693969727,-0.26109135150909424,-0.0456407583558871,-0.05127018690109253,-0.25606006383895874,-0.05702355050090091,-0.07464301586151123,-0.23349636793136597,-0.061598631670506165,0.019868671894073486,-0.16256511211395264,-0.03894285031202571,-0.0010148286819458008,-0.21550744771957397,-0.05446150817516582,-0.03179299831390381,-0.21368592977523804,-0.05980519868973033,-0.05509084463119507,-0.19971483945846558,-0.06145223148706691,2
0.0,0.0,0.0,-0.05754971504211426,-0.028189420700073242,-0.008870030374055204,-0.1011691689491272,-0.0886678695678711,-0.016178399876480398,-0.1263343095779419,-0.13776379823684692,-0.02707346025181323,-0.15590092539787292,-0.1803562045097351,-0.03765999208462745,-0.08077943325042725,-0.1898917555809021,0.012939378067130747,-0.11545437574386597,-0.24016648530960083,-0.010836925909643469,-0.14744871854782104,-0.24920421838760376,-0.035905212715988455,-0.17670059204101562,-0.24477744102478027,-0.052411709532862005,-0.05570566654205322,-0.20533865690231323,0.001852687827522459,-0.09183454513549805,-0.2720637321472168,-0.020362875045066176,-0.12912249565124512,-0.28029268980026245,-0.043001466051464377,-0.16453513503074646,-0.27148741483688354,-0.057618201331024466,-0.027491211891174316,-0.20392543077468872,-0.014028312259142695,-0.05495363473892212,-0.2846418619155884,-0.03621374125850707,-0.0966063141822815,-0.29347383975982666,-0.052527413324241934,-0.13466578722000122,-0.2842641770839691,-0.06178339625967055,0.00048029422760009766,-0.1869918704032898,-0.03131578545344382,-0.03330850601196289,-0.2378700077533722,-0.051563248590355215,-0.06976258754730225,-0.24737727642059326,-0.06251615713608771,-0.10300940275192261,-0.24460741877555847,-0.06864825318825751,2
0.0,0.0,0.0,-0.06997948884963989,-0.04679948091506958,0.005257304714518796,-0.11741399765014648,-0.10867351293563843,-0.0017205825275823372,-0.1553661823272705,-0.14519965648651123,-0.01695800902928113,-0.19224929809570312,-0.17789161205291748,-0.031247419814121713,-0.06086856126785278,-0.22951218485832214,0.025411125694859038,-0.10890340805053711,-0.286563515663147,-0.0038132705227553743,-0.15486204624176025,-0.2846907079219818,-0.03270131866122483,-0.19141817092895508,-0.2649246156215668,-0.05008296812559365,-0.0389254093170166,-0.2376527190208435,0.004291657315093289,-0.09958934783935547,-0.3143067955970764,-0.02315334374691247,-0.1533905267715454,-0.306427001953125,-0.04704497526074647,-0.19000747799873352,-0.2784837782382965,-0.06084614018584489,-0.021624207496643066,-0.22760963439941406,-0.02134139793599843,-0.07547938823699951,-0.3040437400341034,-0.04428908745433091,-0.13430249691009521,-0.2996216416358948,-0.05772134805704354,-0.17613506317138672,-0.2767929136753082,-0.06392752895737885,-0.01621222496032715,-0.1996360421180725,-0.04791297535086869,-0.06401693820953369,-0.2548518180847168,-0.06453513125563859,-0.11041945219039917,-0.2622205913066864,-0.07178291449929475,-0.1473800539970398,-0.2557399570941925,-0.07508129398013352,2
0.0,0.0,0.0,-0.07179051637649536,-0.050345659255981445,0.007140591391475937,-0.1245657205581665,-0.11315524578094482,-0.001657080836480418,-0.16585278511047363,-0.14841020107269287,-0.018470855313239554,-0.2023574411869049,-0.177007257938385,-0.033827418344912985,-0.05599772930145264,-0.2397845983505249,0.017670314875545046,-0.10058021545410156,-0.3124537467956543,-0.01260764978349016,-0.1516847014427185,-0.30605649948120117,-0.04046933155029819,-0.18927311897277832,-0.2792551815509796,-0.05711991887062595,-0.037504494190216064,-0.23832917213439941,-0.004648805013744095,-0.10058993101119995,-0.3288206458091736,-0.033758705365357855,-0.15766900777816772,-0.31178197264671326,-0.05643282632797764,-0.19088220596313477,-0.2742171287536621,-0.06935020710795925,-0.0258176326751709,-0.22101077437400818,-0.03073549258976982,-0.08193826675415039,-0.3052503764629364,-0.053363805520234564,-0.1426633596420288,-0.29718130826950073,-0.06550247396796749,-0.1828290820121765,-0.2686665654182434,-0.07150309707492397,-0.026025474071502686,-0.18781471252441406,-0.05734895344346569,-0.07551306486129761,-0.24395078420639038,-0.07374760683148907,-0.12346500158309937,-0.24900877475738525,-0.08043532993167446,-0.160530686378479,-0.24091804027557373,-0.08382499392598675,2
0.0,0.0,0.0,-0.05792814493179321,-0.03708446025848389,-0.005751548636823145,-0.10484898090362549,-0.09696555137634277,-0.016814708080261198,-0.13339471817016602,-0.1367918848991394,-0.032704227905838934,-0.16081547737121582,-0.17748785018920898,-0.04835132260259911,-0.07389497756958008,-0.21143174171447754,0.004325402598709616,-0.11212515830993652,-0.27458837628364563,-0.02818640258547589,-0.15039342641830444,-0.27499839663505554,-0.05853295449551865,-0.18083536624908447,-0.25740867853164673,-0.07664832968649193,-0.048347294330596924,-0.2222203016281128,-0.010621983859806505,-0.08924263715744019,-0.30220261216163635,-0.040748154115050284,-0.13468116521835327,-0.30165597796440125,-0.06642262388405129,-0.1714707612991333,-0.280892550945282,-0.08149672050413415,-0.020544469356536865,-0.21541815996170044,-0.029684999328225103,-0.05542498826980591,-0.2987295687198639,-0.05518315483269021,-0.10526168346405029,-0.30175042152404785,-0.07162362832960412,-0.1462523341178894,-0.2862158715724945,-0.08017443616327569,0.00559157133102417,-0.1913418173789978,-0.04989399511751458,-0.03278172016143799,-0.2457583248615265,-0.06933165837463662,-0.07237261533737183,-0.25547313690185547,-0.07858768601354882,-0.10616540908813477,-0.25323593616485596,-0.08339199919637963,2
0.0,0.0,0.0,-0.05429869890213013,-0.022738397121429443,-0.016191424340860294,-0.09800314903259277,-0.07037794589996338,-0.028160854712979244,-0.11750710010528564,-0.11754411458969116,-0.04136984190429871,-0.13846510648727417,-0.1689155101776123,-0.053029385865585255,-0.09572625160217285,-0.18344253301620483,0.0017530424474614392,-0.1250293254852295,-0.2280084788799286,-0.02289275592650597,-0.15054500102996826,-0.236526757478714,-0.048187383920804905,-0.17575114965438843,-0.23249757289886475,-0.06511502853120987,-0.06800246238708496,-0.20428377389907837,-0.004665032965050386,-0.10123127698898315,-0.263500452041626,-0.026011006445543217,-0.12820720672607422,-0.2689646780490875,-0.04741266137446587,-0.1560385823249817,-0.25917112827301025,-0.06193867093409722,-0.03656888008117676,-0.20730820298194885,-0.015745959714905666,-0.05884832143783569,-0.2808745503425598,-0.03600490233387177,-0.08816385269165039,-0.2895124852657318,-0.0504340729721946,-0.1190028190612793,-0.27902644872665405,-0.059188415766612934,0.0007578730583190918,-0.19283801317214966,-0.028896839828149723,-0.01980113983154297,-0.24550697207450867,-0.04714150866951172,-0.04736363887786865,-0.25969138741493225,-0.05756150326217835,-0.07807385921478271,-0.25778716802597046,-0.06375926128114884,2
0.0,0.0,0.0,-0.05348062515258789,-0.024090230464935303,-0.012850210662136874,-0.09108871221542358,-0.07016456127166748,-0.02211111843134006,-0.10804682970046997,-0.11639398336410522,-0.03259245179141601,-0.12311339378356934,-0.16646689176559448,-0.04127904273117622,-0.09933608770370483,-0.16923785209655762,0.010490505364586511,-0.1187390685081482,-0.20662155747413635,-0.008915222841451964,-0.13771796226501465,-0.21667873859405518,-0.033023195932756266,-0.15633821487426758,-0.21625813841819763,-0.05093479401911338,-0.0708734393119812,-0.18921995162963867,0.004953703251530328,-0.09564346075057983,-0.23706039786338806,-0.011952836658011279,-0.11558270454406738,-0.24046984314918518,-0.0342077264889582,-0.13919681310653687,-0.23386400938034058,-0.05093479401911338,-0.04201829433441162,-0.19523131847381592,-0.004728969778071246,-0.05879068374633789,-0.24981755018234253,-0.019652311350355944,-0.07884377241134644,-0.2579524517059326,-0.03273603565538963,-0.099212646484375,-0.2475246787071228,-0.042068733493934474,-0.003674447536468506,-0.18566632270812988,-0.016511500473271212,-0.020068824291229248,-0.2324460744857788,-0.02876963898087581,-0.04080682992935181,-0.24783822894096375,-0.036666537295232615,-0.06597983837127686,-0.24875998497009277,-0.04246357701266845,2
0.0,0.0,0.0,-0.05029118061065674,-0.020031273365020752,-0.015644020947192416,-0.08253967761993408,-0.06379348039627075,-0.02386072239515613,-0.09968191385269165,-0.1067245602607727,-0.03181987589833568,-0.1200859546661377,-0.14696842432022095,-0.037785086395714984,-0.0984460711479187,-0.15297162532806396,0.00618133546176125,-0.11888378858566284,-0.1852828860282898,-0.009487724477921233,-0.13685721158981323,-0.195817232131958,-0.030989065381263003,-0.15228360891342163,-0.19891783595085144,-0.048352982463811145,-0.06946510076522827,-0.1751096248626709,0.0036972168958442353,-0.09398084878921509,-0.21979692578315735,-0.007942420045409904,-0.11116063594818115,-0.22630691528320312,-0.029659771906707988,-0.13374567031860352,-0.22559010982513428,-0.048452674957488284,-0.040067970752716064,-0.18108725547790527,-0.002419615943480835,-0.05406075716018677,-0.23291850090026855,-0.015336621167634235,-0.07171213626861572,-0.24296000599861145,-0.030839519190166698,-0.08875060081481934,-0.23012468218803406,-0.043135497333977924,-0.0013680458068847656,-0.17137497663497925,-0.010493004309509502,-0.015394508838653564,-0.21527358889579773,-0.023677944751952396,-0.0340346097946167,-0.22952088713645935,-0.03439538514849971,-0.05654621124267578,-0.22595226764678955,-0.04286963826653789,2
0.0,0.0,0.0,-0.04092442989349365,-0.008394956588745117,-0.02463607197078943,-0.06973016262054443,-0.03795766830444336,-0.038590949824182985,-0.06832516193389893,-0.08541911840438843,-0.050826270928709505,-0.06282538175582886,-0.1271066665649414,-0.06167272185358286,-0.08946537971496582,-0.1372513771057129,-0.016211884891717432,-0.10465943813323975,-0.17095649242401123,-0.033498410930960176,-0.1104620099067688,-0.18870612978935242,-0.05310799633535623,-0.10755264759063721,-0.19447040557861328,-0.06825334658297777,-0.0588383674621582,-0.16840404272079468,-0.016178817352383135,-0.07476860284805298,-0.23024585843086243,-0.03017503475221872,-0.07737773656845093,-0.24271956086158752,-0.05128922765526056,-0.07598239183425903,-0.2318771481513977,-0.06765810479792833,-0.027081012725830078,-0.17880576848983765,-0.019113640165059564,-0.03595525026321411,-0.2395656704902649,-0.03488728483590364,-0.039981842041015625,-0.25701338052749634,-0.05469528292688608,-0.03612232208251953,-0.2343902289867401,-0.06845175554427385,0.010655403137207031,-0.17442476749420166,-0.024222715621917246,0.012094736099243164,-0.22491523623466492,-0.04011210133704424,0.0073767900466918945,-0.24355655908584595,-0.05406697919043779,0.0043659210205078125,-0.228389710187912,-0.06362376441630602,2
0.0,0.0,0.0,-0.0323328971862793,0.019020557403564453,-0.055910713459581984,-0.05052638053894043,0.011132001876831055,-0.09510996514114822,-0.02226090431213379,-0.005430996417999268,-0.12781409495624985,0.011505722999572754,-0.018323183059692383,-0.15966960364136185,-0.06316566467285156,-0.12018543481826782,-0.0740252690866896,-0.06908649206161499,-0.16942477226257324,-0.11769605004343475,-0.047606587409973145,-0.16474485397338867,-0.15066128545555557,-0.02305370569229126,-0.1395648717880249,-0.1693307118967482,-0.02992403507232666,-0.1561185121536255,-0.06407042169126953,-0.04198175668716431,-0.23919740319252014,-0.10202940129789795,-0.01756817102432251,-0.2467818260192871,-0.13042519562992538,0.007838070392608643,-0.22459909319877625,-0.14739740961346115,0.0016582608222961426,-0.16801995038986206,-0.05829334580454315,0.0020943880081176758,-0.2432352602481842,-0.08910441720041717,0.02672886848449707,-0.24960145354270935,-0.11136411451849426,0.04578399658203125,-0.22866639494895935,-0.12363632344755615,0.030596017837524414,-0.16072994470596313,-0.05679195695671524,0.044356465339660645,-0.2140221893787384,-0.07957387291941131,0.0634082555770874,-0.22747141122817993,-0.09400024586472,0.07714158296585083,-0.219291090965271,-0.10287800752672638,2
0.0,0.0,0.0,-0.021961629390716553,0.025623023509979248,-0.06442413177353501,-0.03328907489776611,0.017412245273590088,-0.10743049975496888,0.0011214017868041992,-0.009248912334442139,-0.14223375614744782,0.035683512687683105,-0.036271512508392334,-0.17573272880179047,-0.059112608432769775,-0.11681872606277466,-0.08793520625692963,-0.06493598222732544,-0.18630057573318481,-0.1323488026486075,-0.04464519023895264,-0.18588024377822876,-0.1646121710167563,-0.022192776203155518,-0.15964317321777344,-0.18259727653128266,-0.02745687961578369,-0.15324661135673523,-0.07351965900522828,-0.04081404209136963,-0.24104273319244385,-0.10942122783524155,-0.01659858226776123,-0.25549280643463135,-0.13715398009878754,0.007080972194671631,-0.23854443430900574,-0.1559628516064322,0.002305150032043457,-0.16522115468978882,-0.06356607075792908,0.0012242794036865234,-0.24409884214401245,-0.0937014191971457,0.025455713272094727,-0.2520112991333008,-0.11628577556473374,0.04477876424789429,-0.22976922988891602,-0.13042673166853547,0.02971857786178589,-0.15865814685821533,-0.05841765996080994,0.03853809833526611,-0.2182871401309967,-0.08251221176249146,0.0554882287979126,-0.22878241539001465,-0.0980947285519278,0.06791609525680542,-0.21322521567344666,-0.10859748419386506,2
0.0,0.0,0.0,-0.020363271236419678,0.027171015739440918,-0.06873171723583482,-0.030118227005004883,0.0205538272857666,-0.11354114807346605,0.0031017661094665527,-0.0030604004859924316,-0.14960038609007142,0.03546881675720215,-0.02791529893875122,-0.1840365970800235,-0.06156891584396362,-0.11635816097259521,-0.09166567719677232,-0.06932270526885986,-0.1854240596294403,-0.13562831229666017,-0.050262391567230225,-0.18689194321632385,-0.16724188572862886,-0.027464687824249268,-0.1616019606590271,-0.1848833853671863,-0.030737102031707764,-0.15440592169761658,-0.07529435998895906,-0.04433763027191162,-0.24034544825553894,-0.11050680226782106,-0.02426910400390625,-0.26121997833251953,-0.13830982095697664,-0.0022156834602355957,-0.24871957302093506,-0.1579271698663547,-0.001875162124633789,-0.16712269186973572,-0.06368625111082338,-0.001828014850616455,-0.24636223912239075,-0.09420604950884126,0.022241711616516113,-0.2556878328323364,-0.11812792665460847,0.043333470821380615,-0.23178333044052124,-0.1333701903293445,0.02472233772277832,-0.16191136837005615,-0.05726474470594667,0.03232216835021973,-0.22508367896080017,-0.08235096133449815,0.04941290616989136,-0.23409920930862427,-0.09893397933939241,0.06315350532531738,-0.21381351351737976,-0.11008341557482026,2
0.0,0.0,0.0,-0.0274924635887146,0.026325106620788574,-0.06256016326693725,-0.04165983200073242,0.02176511287689209,-0.10488297773150634,-0.011386334896087646,-0.0009183883666992188,-0.1393059713914795,0.018979012966156006,-0.02273803949356079,-0.17265325022486877,-0.06532153487205505,-0.10996109247207642,-0.08646128309516143,-0.07420644164085388,-0.1702965795993805,-0.1300278825834198,-0.0556449294090271,-0.16909223794937134,-0.16176160407809448,-0.033041417598724365,-0.14416992664337158,-0.17977989447859954,-0.03406268358230591,-0.14990687370300293,-0.07328373176602554,-0.048015296459198,-0.23352810740470886,-0.10972370190171432,-0.02573096752166748,-0.24803191423416138,-0.1383647097423477,-0.0017358064651489258,-0.23151785135269165,-0.15799658728388977,-0.0034047365188598633,-0.16478005051612854,-0.064274586565773,-0.004576742649078369,-0.23874437808990479,-0.09466363472489547,0.017551302909851074,-0.25152769684791565,-0.11960686726121139,0.03675264120101929,-0.2323920726776123,-0.13560818863658142,0.025361180305480957,-0.16050472855567932,-0.05980363098530006,0.03685206174850464,-0.21769273281097412,-0.08350306732205581,0.05311089754104614,-0.2347719669342041,-0.10091625881938171,0.06606954336166382,-0.22579175233840942,-0.11335425806788635,2
0.0,0.0,0.0,-0.03576606512069702,0.010768890380859375,-0.04074046174122259,-0.06187725067138672,-0.0024097561836242676,-0.07036678651405737,-0.0478593111038208,-0.027066707611083984,-0.09621172556711599,-0.023353993892669678,-0.05272519588470459,-0.11975494185520574,-0.07257294654846191,-0.12670117616653442,-0.05106528634263441,-0.08738553524017334,-0.18342041969299316,-0.08687334666086599,-0.07334494590759277,-0.17165228724479675,-0.11284981081320211,-0.05379140377044678,-0.1349824070930481,-0.12633126387430593,-0.03963828086853027,-0.15999290347099304,-0.04639609688950941,-0.053536802530288696,-0.24247965216636658,-0.07523326734138891,-0.03733319044113159,-0.24226897954940796,-0.09732969263626501,-0.019307374954223633,-0.21187043190002441,-0.11041657785011694,-0.006776988506317139,-0.1690613031387329,-0.04563982198072836,-0.010439515113830566,-0.24359014630317688,-0.06938033709360525,0.004744470119476318,-0.251198410987854,-0.08687334666086599,0.01594632863998413,-0.22610515356063843,-0.09667206713987753,0.025348961353302002,-0.16025757789611816,-0.0481717043562071,0.03794759511947632,-0.21571940183639526,-0.06655251393152639,0.04721587896347046,-0.2303539216518402,-0.07812684187723562,0.05030381679534912,-0.21767780184745789,-0.0849662140948908,2
0.0,0.0,0.0,-0.03702312707901001,0.009482383728027344,-0.03457304823268181,-0.06813088059425354,-0.004245579242706299,-0.06266033637393242,-0.05700644850730896,-0.028725266456604004,-0.08909960079062706,-0.03769868612289429,-0.060769617557525635,-0.11312884825337655,-0.08286866545677185,-0.13720762729644775,-0.04235243040192849,-0.09922152757644653,-0.2073335349559784,-0.07839630532134301,-0.08549392223358154,-0.18958121538162231,-0.10469380009043938,-0.06918495893478394,-0.14892423152923584,-0.11872858542073494,-0.04603540897369385,-0.16400092840194702,-0.04338023054469353,-0.05753129720687866,-0.2611684203147888,-0.07393069553244835,-0.041658759117126465,-0.236089825630188,-0.09356521057952172,-0.03093409538269043,-0.1933346390724182,-0.1037014423595739,-0.011140882968902588,-0.16631412506103516,-0.04827113810051209,-0.010998129844665527,-0.25372764468193054,-0.07240671652425057,-0.0007154941558837891,-0.22525885701179504,-0.07967219489682442,0.0008291006088256836,-0.18379616737365723,-0.08179868000615365,0.024341225624084473,-0.15118932723999023,-0.05638721573222405,0.031725168228149414,-0.2067064344882965,-0.0725839211331678,0.033326566219329834,-0.1904110610485077,-0.0744268743978811,0.027186810970306396,-0.15838837623596191,-0.07393069553244835,2
0.0,0.0,0.0,-0.03600865602493286,-0.0010900497436523438,-0.025401636619761803,-0.06904786825180054,-0.024170219898223877,-0.04787245731492362,-0.06870278716087341,-0.05281245708465576,-0.07065731253166518,-0.05261349678039551,-0.08995139598846436,-0.09162775393266998,-0.07907414436340332,-0.14671862125396729,-0.026832231913402893,-0.09461912512779236,-0.2114081084728241,-0.06137588958878837,-0.08886057138442993,-0.18917226791381836,-0.0876500081612619,-0.07611441612243652,-0.1511433720588684,-0.1019559573723825,-0.0433710515499115,-0.1630428433418274,-0.032816309143498756,-0.05051591992378235,-0.25422415137290955,-0.06374858285923324,-0.047492921352386475,-0.21881163120269775,-0.08346289362449966,-0.04237568378448486,-0.17475253343582153,-0.09232560511370025,-0.008371829986572266,-0.15909582376480103,-0.04263856973190627,-0.008400321006774902,-0.24324706196784973,-0.06769144501228652,-0.011635541915893555,-0.20420163869857788,-0.07453039254684768,-0.01324993371963501,-0.16134530305862427,-0.07543759759207092,0.026954233646392822,-0.138535737991333,-0.05481608178158126,0.023670434951782227,-0.18679606914520264,-0.070552639324859,0.017720043659210205,-0.1595800518989563,-0.07069220360060058,0.014159023761749268,-0.12702304124832153,-0.06870332326431594,2
0.0,0.0,0.0,-0.03907528519630432,-0.007979869842529297,-0.023888088967140675,-0.0704328715801239,-0.03759342432022095,-0.04395687414282179,-0.07690662145614624,-0.0657837986946106,-0.06382462961548185,-0.0771712064743042,-0.10515981912612915,-0.08235224170559263,-0.07537829875946045,-0.15084141492843628,-0.022648448328908444,-0.08366537094116211,-0.2064211368560791,-0.05601825026744223,-0.09787625074386597,-0.20081371068954468,-0.0816821588384471,-0.10083633661270142,-0.17295587062835693,-0.09521770311468458,-0.041755616664886475,-0.16516107320785522,-0.028109569306906224,-0.05317127704620361,-0.24582725763320923,-0.060239730607207775,-0.06993129849433899,-0.2234986126422882,-0.079738943110641,-0.07291081547737122,-0.18347662687301636,-0.08744482530229902,-0.0075629353523254395,-0.16091442108154297,-0.03769165856712675,-0.012389063835144043,-0.2353244125843048,-0.06707450581663466,-0.03065735101699829,-0.19874942302703857,-0.0769916309224925,-0.035190194845199585,-0.15646231174468994,-0.07819776816242552,0.028587698936462402,-0.1401352882385254,-0.04894894195669508,0.013708531856536865,-0.17750847339630127,-0.07022385878437376,-0.002389371395111084,-0.1485087275505066,-0.0738422779547534,-0.006289422512054443,-0.1182243824005127,-0.07256913019293165,2
0.0,0.0,0.0,-0.041071414947509766,-0.01298224925994873,-0.022323163484536224,-0.07633605599403381,-0.052354633808135986,-0.04146479468544584,-0.09549009799957275,-0.08286076784133911,-0.06065829496582609,-0.12027114629745483,-0.11450552940368652,-0.0789872298737393,-0.07291069626808167,-0.16425782442092896,-0.021856293340526634,-0.09588894248008728,-0.22009938955307007,-0.056542929520212226,-0.12286293506622314,-0.22675853967666626,-0.08375966947277647,-0.14622750878334045,-0.21807056665420532,-0.09897614668806654,-0.03947877883911133,-0.17651528120040894,-0.029343489815794044,-0.05432474613189697,-0.2611463963985443,-0.06484283160170179,-0.08658996224403381,-0.2560614347457886,-0.08583464871843915,-0.11011961102485657,-0.22745054960250854,-0.09358121108015638,-0.005601465702056885,-0.16585630178451538,-0.04111896481116872,-0.01806497573852539,-0.24019408226013184,-0.07269314329823118,-0.05103802680969238,-0.22317177057266235,-0.0849354903002606,-0.0746607780456543,-0.1963818073272705,-0.08666463594635587,0.02791231870651245,-0.13704997301101685,-0.05467546012004476,0.010055243968963623,-0.17323392629623413,-0.07954056214293104,-0.01758706569671631,-0.17402136325836182,-0.08818627547224622,-0.04011601209640503,-0.17003655433654785,-0.08970792989929777,2
0.0,0.0,0.0,-0.05051374435424805,-0.022759318351745605,-0.013383625470055449,-0.09491467475891113,-0.0707935094833374,-0.030148437641514647,-0.13038581609725952,-0.09541970491409302,-0.04998602198804747,-0.16539183259010315,-0.11420047283172607,-0.06900171416248213,-0.0703992247581482,-0.17763906717300415,-0.01370117480303179,-0.09670323133468628,-0.2509392201900482,-0.05334832745040785,-0.1347704529762268,-0.24984928965568542,-0.08308602350200545,-0.1645624041557312,-0.23144832253456116,-0.0984779022857083,-0.04292017221450806,-0.18020445108413696,-0.02656198146189581,-0.06360185146331787,-0.2782231867313385,-0.06683489160980116,-0.1111004650592804,-0.26701921224594116,-0.08973590510333906,-0.14302471280097961,-0.2370678186416626,-0.09758127706493269,-0.015186011791229248,-0.16825366020202637,-0.043784445546521056,-0.03677290678024292,-0.24585476517677307,-0.07740746664251219,-0.08684158325195312,-0.2343394160270691,-0.09033365028346907,-0.12007009983062744,-0.21406149864196777,-0.09152914064372908,0.011135876178741455,-0.1438981294631958,-0.06238917859639059,-0.01796269416809082,-0.1962699294090271,-0.0840573556944264,-0.05553853511810303,-0.195232093334198,-0.08958647625888716,-0.08187055587768555,-0.18611788749694824,-0.08921288179601561,2
0.0,0.0,0.0,-0.0666847825050354,-0.050656914710998535,-0.005794396807601743,-0.11934971809387207,-0.11036175489425659,-0.022784511276682906,-0.16499203443527222,-0.13938766717910767,-0.043663403668602996,-0.20297673344612122,-0.1610713005065918,-0.06235143420954614,-0.04219508171081543,-0.23361313343048096,-0.004255318732163005,-0.09135019779205322,-0.30696606636047363,-0.03958840174337297,-0.14412462711334229,-0.30674970149993896,-0.06940600154658227,-0.1857626736164093,-0.2831724286079407,-0.08640707162876993,-0.027794599533081055,-0.2280384600162506,-0.01901623485346704,-0.09702789783477783,-0.3250245451927185,-0.05393853289743333,-0.15356165170669556,-0.30917418003082275,-0.07873906073828607,-0.18783745169639587,-0.2712806165218353,-0.09140223143359094,-0.01931023597717285,-0.2077338993549347,-0.03698127967973619,-0.08048248291015625,-0.2852492034435272,-0.062263800480565124,-0.13949918746948242,-0.2828366160392761,-0.0754527735497561,-0.17943358421325684,-0.25937163829803467,-0.08062320826311975,-0.021638870239257812,-0.17280757427215576,-0.05595412729044824,-0.07184690237045288,-0.22538122534751892,-0.07072051493187814,-0.116566002368927,-0.23822015523910522,-0.07672347007056146,-0.1521540880203247,-0.23821330070495605,-0.07913341996928125,2
0.0,0.0,0.0,-0.07875567674636841,-0.05753731727600098,-0.005824972732000333,-0.13653796911239624,-0.1205335259437561,-0.024787712233148795,-0.18546390533447266,-0.1511620283126831,-0.0467174903918135,-0.22391194105148315,-0.1692482829093933,-0.06736669255980132,-0.0429539680480957,-0.23969638347625732,-0.013376910561703426,-0.11345881223678589,-0.3043811321258545,-0.04879841892608283,-0.16962772607803345,-0.30510202050209045,-0.08003519787081359,-0.2145925760269165,-0.2813592553138733,-0.09887788756378768,-0.03117746114730835,-0.23183026909828186,-0.027737598257147056,-0.12495464086532593,-0.3222302794456482,-0.061421185122810584,-0.18301814794540405,-0.3062327802181244,-0.08845036788471816,-0.22020161151885986,-0.27009010314941406,-0.1058295549321997,-0.026820123195648193,-0.2063090205192566,-0.043996277587496024,-0.10238009691238403,-0.28960421681404114,-0.06883020265587447,-0.16474145650863647,-0.2888304889202118,-0.08401411338337539,-0.20937979221343994,-0.26377832889556885,-0.09265796406754134,-0.03778761625289917,-0.1643972396850586,-0.060735165463768226,-0.09786421060562134,-0.2212870717048645,-0.0766050995756018,-0.14462637901306152,-0.23597845435142517,-0.08419705493935226,-0.18307214975357056,-0.2354244887828827,-0.08913639499434112,2
0.0,0.0,0.0,-0.07776165008544922,-0.05127328634262085,-0.0008718174360637931,-0.13083070516586304,-0.11425310373306274,-0.014200032194139567,-0.17126423120498657,-0.14637863636016846,-0.03316723971533975,-0.21252036094665527,-0.16882985830307007,-0.052608903934242335,-0.07051074504852295,-0.24000269174575806,0.003939635614869985,-0.13749593496322632,-0.2835806906223297,-0.03186524330544671,-0.18344980478286743,-0.2782951891422272,-0.06540818183589181,-0.22136443853378296,-0.2572095990180969,-0.08553395091462335,-0.043367981910705566,-0.2454777956008911,-0.014365540322842207,-0.12145811319351196,-0.30147236585617065,-0.047136106033804026,-0.17694616317749023,-0.28902146220207214,-0.07653031169343194,-0.21834063529968262,-0.26443350315093994,-0.0954202902214547,-0.021794140338897705,-0.22816705703735352,-0.03599190755653581,-0.08501577377319336,-0.2949761152267456,-0.06637916385102471,-0.14521557092666626,-0.2929233908653259,-0.08557808070349893,-0.19133049249649048,-0.27699753642082214,-0.09559682427811822,-0.014884412288665771,-0.18892842531204224,-0.05764034061598977,-0.06915467977523804,-0.2324942648410797,-0.08138520686793527,-0.11280989646911621,-0.24250733852386475,-0.09188944517541131,-0.14872628450393677,-0.24395373463630676,-0.0970091563360711,2
0.0,0.0,0.0,-0.05206340551376343,-0.025183677673339844,-0.012829271627083472,-0.0932275652885437,-0.07310038805007935,-0.024573464428499392,-0.11343872547149658,-0.1129530668258667,-0.03882622394473856,-0.13704395294189453,-0.15388786792755127,-0.05213699165494745,-0.08828508853912354,-0.19284296035766602,0.0019776772079467264,-0.11788582801818848,-0.23316577076911926,-0.02586358461292093,-0.1441705822944641,-0.23534542322158813,-0.05410288695009058,-0.1697293221950531,-0.22368335723876953,-0.07163214731724565,-0.06006467342376709,-0.2148306965827942,-0.006998131533578089,-0.08971244096755981,-0.28037145733833313,-0.029303906967356852,-0.11938399076461792,-0.28999418020248413,-0.050539698933675936,-0.14773070812225342,-0.2772911787033081,-0.06426002878458803,-0.027714073657989502,-0.21498149633407593,-0.02060071054609125,-0.04081881046295166,-0.295274943113327,-0.04073068547756975,-0.07008135318756104,-0.30837732553482056,-0.05430766988308733,-0.10069048404693604,-0.2977047860622406,-0.062212218081072024,0.007786870002746582,-0.19279807806015015,-0.03604120064289873,-0.0058596134185791016,-0.24944454431533813,-0.05262846547873323,-0.03369849920272827,-0.26541969180107117,-0.06077875245125597,-0.06536716222763062,-0.26337122917175293,-0.065242968981579,2
0.0,0.0,0.0,-0.04516792297363281,-0.0038906335830688477,-0.023148597809125704,-0.08269208669662476,-0.02785426378250122,-0.039960512551118654,-0.08989471197128296,-0.0718698501586914,-0.056831838222791475,-0.08192449808120728,-0.11770910024642944,-0.06994077342992,-0.10319864749908447,-0.16114836931228638,-0.012831744397630018,-0.125210702419281,-0.20748552680015564,-0.039208037438442034,-0.12795457243919373,-0.2180870771408081,-0.06198035705332927,-0.11406385898590088,-0.20045143365859985,-0.07481207478289775,-0.06951904296875,-0.1995302438735962,-0.015554522755195421,-0.08903241157531738,-0.28138649463653564,-0.03665357607846431,-0.09987413883209229,-0.2895440459251404,-0.05457440543418102,-0.09799414873123169,-0.254706472158432,-0.06415857899432353,-0.03213876485824585,-0.21223458647727966,-0.022673349487234873,-0.04239368438720703,-0.2920350134372711,-0.038970412346174044,-0.05618143081665039,-0.3061898350715637,-0.04807934317236118,-0.059288620948791504,-0.2743956744670868,-0.05156449753289394,0.013706088066101074,-0.20522132515907288,-0.033089210870315355,0.018049538135528564,-0.27174633741378784,-0.04661398905759029,0.00376969575881958,-0.2956696152687073,-0.05394074100499324,-0.00990438461303711,-0.28041452169418335,-0.056118966671277803,2
0.0,0.0,0.0,-0.04279977083206177,0.0035517215728759766,-0.03361596179375681,-0.07745435833930969,-0.019350171089172363,-0.06002850842843088,-0.061839163303375244,-0.062161147594451904,-0.08500036609540018,-0.032504916191101074,-0.10718750953674316,-0.10701081914076838,-0.09779781103134155,-0.14788752794265747,-0.040819380555248586,-0.12260177731513977,-0.2165265679359436,-0.07983791840443644,-0.11183738708496094,-0.19859036803245544,-0.10869161796937021,-0.0896497368812561,-0.15585923194885254,-0.1238988415635589,-0.06430971622467041,-0.1859804391860962,-0.04133962852129969,-0.08690500259399414,-0.28628653287887573,-0.07415521902213129,-0.08052071928977966,-0.2773407995700836,-0.09652584058413538,-0.06751900911331177,-0.23631396889686584,-0.10821139079699549,-0.02995365858078003,-0.1959879994392395,-0.04606187355885538,-0.041825175285339355,-0.28843799233436584,-0.07107374829421076,-0.03501617908477783,-0.27988362312316895,-0.08291938168177637,-0.027043282985687256,-0.24248677492141724,-0.08748154354462656,0.007341980934143066,-0.1862809658050537,-0.054105691734648076,0.0138435959815979,-0.2524109482765198,-0.07359495026240381,0.015133082866668701,-0.26832500100135803,-0.08283934009442362,0.013963639736175537,-0.25653767585754395,-0.08676120651135477,2
0.0,0.0,0.0,-0.04002678394317627,0.010233521461486816,-0.04518688036847607,-0.06787669658660889,-0.018548548221588135,-0.07484333156395451,-0.040576934814453125,-0.06398171186447144,-0.09984464882660404,-0.006160318851470947,-0.1064068078994751,-0.12087304084349171,-0.0869278609752655,-0.14720487594604492,-0.057386557895426904,-0.103329598903656,-0.2246471643447876,-0.09727629213381306,-0.08242744207382202,-0.1974792778491974,-0.1234413975362827,-0.05903935432434082,-0.150865375995636,-0.13644368885803715,-0.052558958530426025,-0.18196335434913635,-0.05148737071800724,-0.06983131170272827,-0.2881605327129364,-0.08499635695267216,-0.051512062549591064,-0.2690172791481018,-0.10578396855640904,-0.036573827266693115,-0.22781619429588318,-0.11653894870329395,-0.018838822841644287,-0.19268733263015747,-0.050122934717421685,-0.029462456703186035,-0.2851744294166565,-0.07640843032646671,-0.016121089458465576,-0.27585285902023315,-0.08997254012871281,-0.007423579692840576,-0.23927909135818481,-0.09615264027166859,0.013842284679412842,-0.18623381853103638,-0.052731416512017404,0.017711937427520752,-0.254966139793396,-0.07351902811575428,0.0239640474319458,-0.2650650143623352,-0.0842740082626392,0.02503335475921631,-0.24611276388168335,-0.09005280523348347,2
0.0,0.0,0.0,0.08357933163642883,-0.04172992706298828,0.04216908683446263,0.12811905145645142,-0.11445850133895874,0.04736134429839467,0.16153839230537415,-0.1697530746459961,0.03513497879174565,0.1994672417640686,-0.2259398102760315,0.02013707553413724,0.07653313875198364,-0.23363715410232544,0.061394475599797715,0.11677038669586182,-0.30456799268722534,0.040941186448606004,0.16597521305084229,-0.3169408440589905,0.019102130284579744,0.2024916112422943,-0.30055397748947144,0.0048321934547743695,0.04681915044784546,-0.23601287603378296,0.01597098839846467,0.1021556556224823,-0.3268604278564453,-0.010174483792809497,0.15769782662391663,-0.33017951250076294,-0.0346096714827695,0.19021213054656982,-0.3043479323387146,-0.04855509082409526,0.01925221085548401,-0.227533221244812,-0.03187321106526042,0.07424187660217285,-0.317868709564209,-0.0600271744522729,0.13470178842544556,-0.3142045736312866,-0.07090285027953769,0.171869695186615,-0.29667216539382935,-0.07521803284618045,-0.0009599030017852783,-0.2045741081237793,-0.07739317024680759,0.05110195279121399,-0.2771921753883362,-0.10314396376344348,0.10277131199836731,-0.2950199842453003,-0.11093235368463183,0.14185687899589539,-0.3010047674179077,-0.11415996755096103,2
0.0,0.0,0.0,0.09784135222434998,-0.07374918460845947,0.056990286368971965,0.1397731900215149,-0.16034454107284546,0.07998813133323779,0.17393261194229126,-0.21798628568649292,0.08152451555812945,0.2173566222190857,-0.25887542963027954,0.0809963886030971,0.08274787664413452,-0.2629634141921997,0.1034180913456737,0.1309049129486084,-0.3096030354499817,0.09736854772651782,0.17671608924865723,-0.29968908429145813,0.07883583198869815,0.21196508407592773,-0.2838846445083618,0.06260771493995776,0.057439714670181274,-0.2731107473373413,0.05506979863727679,0.11921584606170654,-0.33316516876220703,0.03665711547816386,0.17495906352996826,-0.3182417154312134,0.01101259983713021,0.21666741371154785,-0.28471022844314575,-0.004657383043223717,0.034626007080078125,-0.2712669372558594,0.0035407008008121466,0.09813517332077026,-0.3325292468070984,-0.01637236025547395,0.16025465726852417,-0.31322360038757324,-0.030007826130741933,0.20789510011672974,-0.2830093502998352,-0.03720965791856656,0.020914971828460693,-0.25746119022369385,-0.04582784880315671,0.08576327562332153,-0.3059271275997162,-0.06649710048353086,0.13935118913650513,-0.30306774377822876,-0.07609954286729703,0.18572035431861877,-0.29141783714294434,-0.08147691000615964,2
0.0,0.0,0.0,0.09826633334159851,-0.07646441459655762,0.0701876313522547,0.14269599318504333,-0.15449362993240356,0.09480849961788351,0.18230846524238586,-0.20323216915130615,0.09572718600780661,0.232674241065979,-0.23184967041015625,0.09416541765482123,0.06155592203140259,-0.26696938276290894,0.10730266879350836,0.13844814896583557,-0.30004656314849854,0.09976940910370047,0.19053751230239868,-0.2837374806404114,0.08001760701687033,0.23001748323440552,-0.26238930225372314,0.0626543791130274,0.04199784994125366,-0.27427321672439575,0.05052767629773314,0.12978050112724304,-0.3191367983818054,0.030477290330836126,0.1906975507736206,-0.2953435182571411,0.004036269905427048,0.23449790477752686,-0.25681865215301514,-0.012172851422420194,0.03022480010986328,-0.2661687731742859,-0.007372700785836628,0.11197230219841003,-0.31365591287612915,-0.025953189180782488,0.17718538641929626,-0.28675878047943115,-0.03638031025379007,0.22318542003631592,-0.25942593812942505,-0.04163980548231905,0.03174266219139099,-0.2502390146255493,-0.062149540232113054,0.10754057765007019,-0.2910807728767395,-0.0803395851418287,0.16251403093338013,-0.2855563759803772,-0.08603545715062921,0.20531326532363892,-0.27667009830474854,-0.08869965811221903,2
0.0,0.0,0.0,0.09872940182685852,-0.08493036031723022,0.0644652944190085,0.14100122451782227,-0.16262423992156982,0.08549756073780657,0.18272027373313904,-0.2067229151725769,0.08476759010382295,0.23026153445243835,-0.23399221897125244,0.0823495712263167,0.04682400822639465,-0.27159321308135986,0.0938922193033278,0.13189563155174255,-0.30894219875335693,0.08358139061756731,0.18616431951522827,-0.28956785798072815,0.06432842725344301,0.2256051003932953,-0.26460427045822144,0.04849719890781046,0.03001415729522705,-0.27665287256240845,0.04133437090941072,0.12784919142723083,-0.32470452785491943,0.02016523183711172,0.18876540660858154,-0.29701486229896545,-0.0033278283065527603,0.23093542456626892,-0.25644028186798096,-0.01693777850441336,0.024380117654800415,-0.2658432126045227,-0.012170162224990122,0.11465385556221008,-0.3180862069129944,-0.03024833014778494,0.18000811338424683,-0.2902103662490845,-0.03877985587887167,0.2234306037425995,-0.2620060443878174,-0.04238408169321417,0.03361073136329651,-0.24691778421401978,-0.06286886817387938,0.10925614833831787,-0.29490789771080017,-0.07906507438592314,0.16271460056304932,-0.29003944993019104,-0.08303429669312834,0.20320585370063782,-0.28008005023002625,-0.08449423796109556,2
0.0,0.0,0.0,0.09748512506484985,-0.0855097770690918,0.06082218710710663,0.13950467109680176,-0.1590399146080017,0.07791845698287148,0.1805526316165924,-0.20176005363464355,0.07457253534724373,0.2258797287940979,-0.22846108675003052,0.06953074235846657,0.04249909520149231,-0.2710980176925659,0.0822727327459063,0.1285405457019806,-0.308949738740921,0.07168496597935814,0.18429702520370483,-0.2905947268009186,0.05243447993328232,0.22685915231704712,-0.2666352093219757,0.03627781767775673,0.030561059713363647,-0.27114659547805786,0.031075602512856904,0.131362646818161,-0.3255525827407837,0.01026101328810114,0.19268253445625305,-0.3012043237686157,-0.013166142512062606,0.23393899202346802,-0.26184913516044617,-0.026790447417596397,0.031738847494125366,-0.25432324409484863,-0.01999548252294403,0.1211523711681366,-0.31680047512054443,-0.03648444067309242,0.18513455986976624,-0.29436349868774414,-0.0435887890643869,0.22679072618484497,-0.26824527978897095,-0.04659094836185318,0.04772835969924927,-0.22935473918914795,-0.068431084860066,0.11705878376960754,-0.28399693965911865,-0.0810355673320089,0.16706183552742004,-0.28701290488243103,-0.08181475650141579,0.20465922355651855,-0.28263112902641296,-0.08135640423367363,2
0.0,0.0,0.0,0.09874936938285828,-0.08040767908096313,0.0518953676466225,0.14384138584136963,-0.15790867805480957,0.06664315863888248,0.18627309799194336,-0.20269471406936646,0.06297939523498997,0.22978195548057556,-0.2275678515434265,0.05820260077159389,0.044142574071884155,-0.2721993327140808,0.0713735844139336,0.13143110275268555,-0.31225040555000305,0.0583881053272961,0.1887468695640564,-0.2930542528629303,0.03939685105721935,0.2316552698612213,-0.26828837394714355,0.024625873858141745,0.030408650636672974,-0.27310043573379517,0.02594761058132633,0.13437342643737793,-0.3294471502304077,0.0037737565245805627,0.19621393084526062,-0.30440980195999146,-0.017739228239250338,0.23765131831169128,-0.26572686433792114,-0.029031954040718233,0.030640989542007446,-0.25719213485717773,-0.01977980442900673,0.12310770153999329,-0.32135993242263794,-0.038353667860818064,0.18914976716041565,-0.2985827922821045,-0.045542055075955545,0.23195335268974304,-0.2706293761730194,-0.04709567249376789,0.04612576961517334,-0.23221147060394287,-0.06330432490069882,0.11757358908653259,-0.290901243686676,-0.07731008276898876,0.16959121823310852,-0.2915699779987335,-0.07828399286229626,0.20858469605445862,-0.2833453118801117,-0.07684632137973324,2
0.0,0.0,0.0,0.09872451424598694,-0.047884464263916016,0.03786379317352839,0.14930078387260437,-0.12209147214889526,0.0532950184733636,0.19482195377349854,-0.16790324449539185,0.05085365692684718,0.2451035976409912,-0.18798363208770752,0.04659280026862689,0.1070995032787323,-0.21900588274002075,0.0874279573054082,0.1600433886051178,-0.2636682093143463,0.07632669652412005,0.2043725550174713,-0.25392332673072815,0.05495329792211123,0.23866742849349976,-0.2348705530166626,0.03866990501592227,0.08541470766067505,-0.2335534691810608,0.049840262481666286,0.15171673893928528,-0.2912709712982178,0.026048541390991886,0.20532768964767456,-0.2743320167064667,-0.003256387919464032,0.2447928786277771,-0.23630279302597046,-0.019220219603084843,0.06256431341171265,-0.23878580331802368,0.008060802096224506,0.1264425814151764,-0.3000984787940979,-0.015247254310452263,0.18379056453704834,-0.2797200083732605,-0.03358047237088613,0.22751492261886597,-0.24431359767913818,-0.041434270939134876,0.04514366388320923,-0.23504364490509033,-0.032866486957573215,0.10802710056304932,-0.2854730188846588,-0.05320346136977605,0.15794464945793152,-0.2812440097332001,-0.06444291924526624,0.2001684308052063,-0.2643667459487915,-0.07006264632036618,2
0.0,0.0,0.0,0.08468091487884521,-0.027136266231536865,0.0041093764323818505,0.1398216187953949,-0.11222970485687256,0.00900441067852853,0.1893559992313385,-0.16132819652557373,0.004326562253766042,0.24004942178726196,-0.17485809326171875,-0.0013620356600654304,0.10653072595596313,-0.20284414291381836,0.04588701515086768,0.1539316475391388,-0.2407727837562561,0.02895766063221572,0.19821059703826904,-0.23796820640563965,0.007239079425119144,0.23695194721221924,-0.2267993688583374,-0.009428539922453183,0.08371850848197937,-0.2222030758857727,0.027509757639847976,0.1421826183795929,-0.2760101854801178,-0.002428473582483548,0.1919834017753601,-0.2622699737548828,-0.03131975666991593,0.2339896559715271,-0.23154950141906738,-0.04664527685753228,0.05603659152984619,-0.23080050945281982,0.0036972801629531205,0.11092689633369446,-0.2980453372001648,-0.028045261887825745,0.1617288589477539,-0.28521543741226196,-0.0505212104450834,0.20364779233932495,-0.2550922632217407,-0.05983235747925164,0.02816334366798401,-0.23030519485473633,-0.021084178848184365,0.08328408002853394,-0.2821551561355591,-0.049986601484931725,0.1290780007839203,-0.282798707485199,-0.0677624276410711,0.17108523845672607,-0.2680625319480896,-0.07707356722465875,2
0.0,0.0,0.0,0.06533214449882507,-0.016963839530944824,-0.027807197173501663,0.12178492546081543,-0.08885592222213745,-0.038741931890513115,0.17083802819252014,-0.1416398286819458,-0.050061096077229195,0.2221677005290985,-0.16455185413360596,-0.06091040429976147,0.1177278459072113,-0.19953471422195435,0.0020390813114090633,0.15944072604179382,-0.23932266235351562,-0.02345038821306389,0.19569078087806702,-0.23918402194976807,-0.048736967717672997,0.2269950807094574,-0.23024648427963257,-0.06646319908406895,0.08945062756538391,-0.22741156816482544,0.0018201728925077987,0.13612550497055054,-0.2808072566986084,-0.028981827770735435,0.17325231432914734,-0.2733990550041199,-0.05540032369401615,0.20626285672187805,-0.2482115626335144,-0.07047830206659,0.051591575145721436,-0.23809278011322021,-0.004896574759300165,0.09095722436904907,-0.3067758083343506,-0.036926597928072624,0.1266428828239441,-0.30517977476119995,-0.0589455669870631,0.1584155559539795,-0.2815623879432678,-0.06945316923167866,0.006924986839294434,-0.23397564888000488,-0.014501844172741585,0.044368863105773926,-0.28736811876296997,-0.04463644382860821,0.07973462343215942,-0.29686295986175537,-0.06360137147214573,0.1160307228565216,-0.2888985872268677,-0.07393812072780293,2
0.0,0.0,0.0,0.06537222862243652,-0.019361674785614014,-0.04831897411270347,0.10691994428634644,-0.07094496488571167,-0.08189935926122871,0.13279488682746887,-0.11624389886856079,-0.1143603840820333,0.17545732855796814,-0.1439807415008545,-0.14635501745863166,0.11737027764320374,-0.22155845165252686,-0.034606985186769634,0.1567654311656952,-0.2816774845123291,-0.07630262467785087,0.18810394406318665,-0.2638101577758789,-0.11510661933346,0.21166899800300598,-0.22776103019714355,-0.14029191378278938,0.08188816905021667,-0.24217009544372559,-0.03250820878668037,0.11933252215385437,-0.32702258229255676,-0.0742971220962545,0.15078195929527283,-0.3036380410194397,-0.11492006424589363,0.17469733953475952,-0.25913572311401367,-0.1408515715949079,0.03896889090538025,-0.2432662844657898,-0.03658915627522674,0.05626404285430908,-0.34113046526908875,-0.07173196170253959,0.08739116787910461,-0.3289579749107361,-0.10288708600921836,0.11124187707901001,-0.28338754177093506,-0.12163614425583091,-0.011185705661773682,-0.22404664754867554,-0.04521745387239662,-0.0003117024898529053,-0.2948344349861145,-0.0731311434857389,0.028978198766708374,-0.3005432188510895,-0.09500503483934608,0.0555860698223114,-0.27847665548324585,-0.10988300982637611,2
0.0,0.0,0.0,0.04971814155578613,-0.008796095848083496,-0.04958929453388805,0.08947581052780151,-0.03884059190750122,-0.08872889686719532,0.11143463850021362,-0.06353956460952759,-0.128051809560219,0.11302980780601501,-0.09936314821243286,-0.16700807918206806,0.1191648542881012,-0.2021927833557129,-0.050047602098146626,0.1418548822402954,-0.27754366397857666,-0.09917834360496158,0.16007918119430542,-0.24929660558700562,-0.14152609516278858,0.16822367906570435,-0.19833910465240479,-0.16700807918206806,0.07353192567825317,-0.22027474641799927,-0.051376696269670674,0.09390589594841003,-0.3215673565864563,-0.09890335012570972,0.11051976680755615,-0.2797338664531708,-0.14125110913411731,0.11995074152946472,-0.22588223218917847,-0.16764970828191395,0.02405869960784912,-0.22287607192993164,-0.05838882882491703,0.034160107374191284,-0.33042556047439575,-0.09679513384000415,0.05156323313713074,-0.28855523467063904,-0.12530196417466755,0.06050857901573181,-0.2245163917541504,-0.14198442507878895,-0.029424577951431274,-0.20560824871063232,-0.06993821967736835,-0.02950984239578247,-0.2770451009273529,-0.09981997270480747,-0.011537820100784302,-0.263052761554718,-0.11934394348756427,0.0031147301197052,-0.22643399238586426,-0.1327265720476305,2
0.0,0.0,0.0,0.04683965444564819,0.0067598819732666016,-0.04975805194186478,0.0892152190208435,-0.019609272480010986,-0.08491265908884316,0.109864741563797,-0.05070805549621582,-0.11966779218124657,0.10880327224731445,-0.10382789373397827,-0.15357956425356178,0.13119852542877197,-0.1673823595046997,-0.05091212079929619,0.15741699934005737,-0.24802300333976746,-0.10004867748426705,0.16104811429977417,-0.22307628393173218,-0.13919812575983315,0.15498164296150208,-0.17390036582946777,-0.16085906461881905,0.08688631653785706,-0.1967231035232544,-0.05002437667059212,0.11629709601402283,-0.2988068759441376,-0.09720790521311073,0.1128244400024414,-0.25550955533981323,-0.1340492232243946,0.10639011859893799,-0.19838553667068481,-0.15464486316847115,0.040560752153396606,-0.20786309242248535,-0.05499573559569626,0.05638501048088074,-0.3147469460964203,-0.09241408989834099,0.05302393436431885,-0.2709350883960724,-0.11602804199861794,0.04615318775177002,-0.2056971788406372,-0.12774624065565376,-0.011281847953796387,-0.2005670666694641,-0.06440580771374016,-0.00451970100402832,-0.2769149839878082,-0.09143756465124397,0.0016539990901947021,-0.2561543583869934,-0.10608532414840965,0.0028518736362457275,-0.2096388339996338,-0.11478520319866448,2
0.0,0.0,0.0,0.04414597153663635,0.028268635272979736,-0.051636144290988284,0.08903169631958008,0.010948717594146729,-0.08162656403643354,0.10201957821846008,-0.030013322830200195,-0.10911779082876905,0.08859133720397949,-0.08305388689041138,-0.1355500144467996,0.14861679077148438,-0.10935622453689575,-0.05197502277356847,0.19051137566566467,-0.1775384247303009,-0.09818907059294446,0.18382158875465393,-0.17956137657165527,-0.13385564811093076,0.16255724430084229,-0.15331870317459106,-0.15334095783097013,0.11165690422058105,-0.15750843286514282,-0.04680718086225255,0.15399634838104248,-0.24350011348724365,-0.08861586428744062,0.14313465356826782,-0.2356739640235901,-0.12097840733391507,0.1267901062965393,-0.20026427507400513,-0.14004010684353574,0.0695260763168335,-0.1857719123363495,-0.047569650928799945,0.10002663731575012,-0.2756475806236267,-0.08556599147183164,0.08024173974990845,-0.2510302662849426,-0.10801643855435117,0.060040414333343506,-0.19657963514328003,-0.11869099713427289,0.02077871561050415,-0.1971290409564972,-0.05244097463351949,0.03302145004272461,-0.26542288064956665,-0.08251611120564206,0.025571376085281372,-0.2490413784980774,-0.0971724463210748,0.016494661569595337,-0.204543799161911,-0.10496657318932279,2
0.0,0.0,0.0,0.03340527415275574,0.03868788480758667,-0.04854608488707868,0.0773535668849945,0.0450897216796875,-0.07612747488050786,0.08797487616539001,0.00400543212890625,-0.1002013960245165,0.07342067360877991,-0.0487058162689209,-0.12284045455484716,0.14538905024528503,-0.07633501291275024,-0.048625802374175464,0.17602285742759705,-0.13119745254516602,-0.0950199270012888,0.1306755244731903,-0.13690480589866638,-0.12467390087871877,0.09005898237228394,-0.1265425980091095,-0.13878345278530446,0.1193632185459137,-0.12786367535591125,-0.042886318391850864,0.1550586223602295,-0.20588865876197815,-0.09135303435354558,0.09520933032035828,-0.19692537188529968,-0.11263693658142415,0.05304962396621704,-0.16248038411140442,-0.11582552430658666,0.08574727177619934,-0.16005975008010864,-0.0426471733811411,0.09890156984329224,-0.2281365990638733,-0.08728757289676992,0.04312068223953247,-0.20637160539627075,-0.09486049202709523,0.008642733097076416,-0.1627788543701172,-0.08752671418218938,0.0494101345539093,-0.17264235019683838,-0.04599520353107778,0.04193824529647827,-0.21976858377456665,-0.0778014862301859,0.010555565357208252,-0.1959904134273529,-0.08055165199070302,-0.004909783601760864,-0.15409860014915466,-0.07405487982063619,2
0.0,0.0,0.0,0.00916317105293274,0.05402654409408569,-0.052964142612594856,0.019713133573532104,0.09468483924865723,-0.09112061475910593,0.006873220205307007,0.07517117261886597,-0.12270261263050486,-0.003741025924682617,0.037919819355010986,-0.15459183519281794,0.1279364824295044,0.003068864345550537,-0.08153541301884104,0.09329134225845337,-0.029077589511871338,-0.1296457416335528,0.048010945320129395,-0.03759557008743286,-0.15987599556841303,0.010242432355880737,-0.033687591552734375,-0.17462245290674616,0.11447662115097046,-0.06138962507247925,-0.07422362183727671,0.08352327346801758,-0.08953922986984253,-0.11963043277658869,0.03256252408027649,-0.08204913139343262,-0.1392309433738177,-0.009916901588439941,-0.06460201740264893,-0.14586684768595148,0.08621644973754883,-0.10639381408691406,-0.07022979771294047,0.04723307490348816,-0.13714253902435303,-0.11569805359043528,-0.0054399073123931885,-0.11667844653129578,-0.12270261263050486,-0.04584437608718872,-0.09172815084457397,-0.11803290163673807,0.051025718450546265,-0.13207313418388367,-0.06936958347954203,0.01547744870185852,-0.15644314885139465,-0.10562129234470774,-0.02160865068435669,-0.13095799088478088,-0.10857058977283884,-0.04468792676925659,-0.10371220111846924,-0.10267200981773783,2
0.0,0.0,0.0,-0.0010224580764770508,0.061192333698272705,-0.1239499776625621,0.0009027421474456787,0.08392167091369629,-0.20798582872390625,-0.042627930641174316,0.07220351696014404,-0.26929956218242523,-0.09278202056884766,0.05251556634902954,-0.3277279092931735,0.09444507956504822,-0.02232348918914795,-0.2178441240453708,0.0450577437877655,-0.05221700668334961,-0.3104158296251285,-0.026182860136032104,-0.05747479200363159,-0.3529747380876529,-0.08179357647895813,-0.057327210903167725,-0.3738935246133792,0.07427141070365906,-0.08450013399124146,-0.1881490304136264,0.020271629095077515,-0.12884658575057983,-0.29598906179904816,-0.05382916331291199,-0.1021299958229065,-0.33085369607448456,-0.10401716828346252,-0.06529074907302856,-0.341673786845206,0.04317346215248108,-0.12395882606506348,-0.1636235668325412,-0.013417094945907593,-0.14828193187713623,-0.2613648428583133,-0.07258173823356628,-0.10946798324584961,-0.27891739746570465,-0.11079272627830505,-0.06838798522949219,-0.27507027527332184,0.010451704263687134,-0.14659738540649414,-0.14607099732398865,-0.03962263464927673,-0.14427945017814636,-0.21988789280891297,-0.08195909857749939,-0.10949498414993286,-0.24152804454803345,-0.10253730416297913,-0.07636624574661255,-0.2471785201692569,2
0.0,0.0,0.0,-0.00943303108215332,0.03327888250350952,-0.08476774475056459,-0.024329811334609985,0.025509893894195557,-0.13694346031624605,-0.09044411778450012,-0.004589855670928955,-0.17261318942982484,-0.14845669269561768,-0.018910706043243408,-0.20856265804249574,0.06759625673294067,-0.1007280945777893,-0.13792263051945497,-0.019477277994155884,-0.1536933183670044,-0.1854822643705063,-0.08500918745994568,-0.16330069303512573,-0.21094064495045473,-0.13806557655334473,-0.1587195098400116,-0.2247888751931839,0.05906212329864502,-0.16363319754600525,-0.11092553368288804,-0.039129018783569336,-0.21214747428894043,-0.15820540568310548,-0.10923990607261658,-0.1868433654308319,-0.17736913344342042,-0.15830475091934204,-0.15342366695404053,-0.1878602363773041,0.0362054705619812,-0.1958945393562317,-0.08581686100441743,-0.058655381202697754,-0.22650939226150513,-0.13001933774430086,-0.11708196997642517,-0.19173568487167358,-0.14232888898331453,-0.15959212183952332,-0.1509723961353302,-0.14575597724396516,0.0068291425704956055,-0.20480817556381226,-0.06584880581576158,-0.06322616338729858,-0.21375948190689087,-0.10239277860600282,-0.10977539420127869,-0.18125835061073303,-0.11225441923815538,-0.14264416694641113,-0.15137618780136108,-0.11498210659701158,2
0.0,0.0,0.0,-0.01644676923751831,0.04606485366821289,-0.13275151642786653,-0.04627758264541626,0.03946155309677124,-0.2083140680454889,-0.10724878311157227,0.019451141357421875,-0.25382197591292055,-0.16374969482421875,0.009891927242279053,-0.2973829874657312,0.04061406850814819,-0.08826488256454468,-0.22486240359770449,-0.05249622464179993,-0.1222592294216156,-0.2930025527142206,-0.12091612815856934,-0.10193818807601929,-0.32098872157560976,-0.17270463705062866,-0.08484554290771484,-0.33461675735937746,0.02440643310546875,-0.14993977546691895,-0.17485240789877565,-0.0794876217842102,-0.17942187190055847,-0.24566949101912172,-0.1513184905052185,-0.13643890619277954,-0.26306957694517763,-0.19830551743507385,-0.0970645546913147,-0.268910146679751,-0.0043204426765441895,-0.18058815598487854,-0.1275193164013544,-0.09982159733772278,-0.1797427535057068,-0.18908882829176576,-0.14607924222946167,-0.12095111608505249,-0.19298253151404055,-0.16810262203216553,-0.07915103435516357,-0.18787202927099855,-0.03628835082054138,-0.19212007522583008,-0.08809538128601702,-0.09762376546859741,-0.17173010110855103,-0.1370102682970682,-0.13143712282180786,-0.12466433644294739,-0.1458928355835596,-0.14677417278289795,-0.09038209915161133,-0.14516276809202822,2
0.0,0.0,0.0,-0.006437242031097412,0.05121058225631714,-0.13011837873667353,-0.037001848220825195,0.05153888463973999,-0.20740503940790767,-0.09713959693908691,0.04460090398788452,-0.25377700600832576,-0.153527170419693,0.0414966344833374,-0.3003797021886694,0.03146374225616455,-0.08215081691741943,-0.23612796638220424,-0.06086385250091553,-0.09485316276550293,-0.3029174593469488,-0.11985033750534058,-0.07109785079956055,-0.33175576601236934,-0.16662916541099548,-0.04836082458496094,-0.348828056194483,0.00886315107345581,-0.13974589109420776,-0.19033274922579402,-0.09148481488227844,-0.1442563235759735,-0.2653123525163519,-0.1584945023059845,-0.09470704197883606,-0.29184357199877375,-0.20469483733177185,-0.053484439849853516,-0.30753160391062373,-0.023692786693572998,-0.16312623023986816,-0.1449989465257513,-0.11730313301086426,-0.15445870161056519,-0.2107502755901205,-0.16641467809677124,-0.09562021493911743,-0.22390052054136866,-0.19630861282348633,-0.051692068576812744,-0.22874534998148555,-0.058861881494522095,-0.16334033012390137,-0.10618259880751246,-0.12236475944519043,-0.1268301010131836,-0.1618405220291006,-0.15073519945144653,-0.07090473175048828,-0.17706713948458308,-0.16272911429405212,-0.03196609020233154,-0.18329621229380244,2
0.0,0.0,0.0,-0.011508405208587646,0.053898513317108154,-0.13630705586403735,-0.04239588975906372,0.05173206329345703,-0.213134686264695,-0.10043004155158997,0.03866952657699585,-0.25774430743187793,-0.15375423431396484,0.03170669078826904,-0.30010091773003467,0.03469139337539673,-0.07350116968154907,-0.23746720961064227,-0.05549955368041992,-0.09418600797653198,-0.3048322152230156,-0.12183180451393127,-0.0691378116607666,-0.33186834565132983,-0.17176884412765503,-0.04784053564071655,-0.34628757348984607,0.013162374496459961,-0.13126510381698608,-0.1858732800814522,-0.08194735646247864,-0.15143990516662598,-0.2581949185463799,-0.14993542432785034,-0.1053558886051178,-0.27531778326958545,-0.19492799043655396,-0.0662311315536499,-0.2823021065327538,-0.018162310123443604,-0.1597783863544464,-0.1358564596506966,-0.10530504584312439,-0.14018061757087708,-0.19274495056599505,-0.1334923505783081,-0.0713464617729187,-0.18868953994244464,-0.14092034101486206,-0.029274046421051025,-0.18114195278614886,-0.05179017782211304,-0.16841721534729004,-0.09479534140557178,-0.1113886833190918,-0.1336551010608673,-0.14013717583149798,-0.1325227916240692,-0.07714349031448364,-0.14351668468445666,-0.13577604293823242,-0.0414581298828125,-0.14047511926621326,2
0.0,0.0,0.0,-0.008791089057922363,0.0378117561340332,-0.11886952172565657,-0.034128546714782715,0.029464364051818848,-0.18695768069076735,-0.09444031119346619,0.02186793088912964,-0.22874424706745344,-0.14628776907920837,0.02332848310470581,-0.26961989055919844,0.03938382863998413,-0.1000482439994812,-0.19720507513332564,-0.051823198795318604,-0.12083658576011658,-0.2586893821840306,-0.11296755075454712,-0.0982545018196106,-0.2880652035360356,-0.1607830822467804,-0.07506752014160156,-0.30446101080227095,0.017501652240753174,-0.1504085659980774,-0.15427992593097883,-0.08128541707992554,-0.1670514941215515,-0.2224819446687718,-0.14529240131378174,-0.12191838026046753,-0.24821426819610792,-0.18865644931793213,-0.0808534026145935,-0.26164970647144514,-0.012770473957061768,-0.17340579628944397,-0.11351811986017424,-0.10164812207221985,-0.17015090584754944,-0.17249748956012922,-0.14246529340744019,-0.11674007773399353,-0.18559137831974226,-0.1644982099533081,-0.0758550763130188,-0.18900715659904677,-0.046542584896087646,-0.17724403738975525,-0.07947404037761885,-0.10650870203971863,-0.1533900499343872,-0.12820603798675734,-0.13458159565925598,-0.10508006811141968,-0.1422107900266667,-0.14652860164642334,-0.06956237554550171,-0.14710676025200087,2
0.0,0.0,0.0,0.021716415882110596,0.031263113021850586,-0.0633644169020613,0.033849477767944336,0.04462534189224243,-0.10520687008380492,0.0002541542053222656,0.027732670307159424,-0.13656139427899916,-0.03137373924255371,0.002225041389465332,-0.16824367696523268,0.0957830548286438,-0.10473382472991943,-0.09717705154895384,0.054936110973358154,-0.13083165884017944,-0.14158685559510786,0.006228446960449219,-0.11590230464935303,-0.16693268770455916,-0.027965426445007324,-0.09095379710197449,-0.17993335479974348,0.057328999042510986,-0.13902169466018677,-0.08434026742457945,0.01305389404296875,-0.17732790112495422,-0.13481341356515486,-0.03556084632873535,-0.14160087704658508,-0.15644475871800978,-0.06595560908317566,-0.09145909547805786,-0.16256271356820662,0.015327632427215576,-0.14465799927711487,-0.07439859265565474,-0.03491842746734619,-0.15060558915138245,-0.1273844694542845,-0.06554901599884033,-0.10403847694396973,-0.1409313833165129,-0.08391690254211426,-0.05268049240112305,-0.13874639624833662,-0.02291804552078247,-0.13208597898483276,-0.06740663999795515,-0.06825804710388184,-0.11771878600120544,-0.11372831517934401,-0.09026849269866943,-0.07307451963424683,-0.1238884931254347,-0.0996619462966919,-0.03126823902130127,-0.12170349860667784,2
0.0,0.0,0.0,0.03730490803718567,0.011407136917114258,-0.044582941898859474,0.068663090467453,-0.012954890727996826,-0.07189910239890906,0.07734188437461853,-0.04806482791900635,-0.09531295425609443,0.05965808033943176,-0.08881616592407227,-0.11762172854856345,0.09844270348548889,-0.12549951672554016,-0.05311276517227981,0.12450191378593445,-0.17692655324935913,-0.10132181025461051,0.10410299897193909,-0.1793510913848877,-0.13191868490890357,0.07751986384391785,-0.16100841760635376,-0.14587029940799567,0.06191924214363098,-0.1545596420764923,-0.04993566251710746,0.08212187886238098,-0.24004167318344116,-0.10028580702260825,0.05300584435462952,-0.20953115820884705,-0.12045348561719749,0.03096368908882141,-0.16083547472953796,-0.12218018002227637,0.02433881163597107,-0.16036811470985413,-0.051558749148405525,0.015669137239456177,-0.21467846632003784,-0.10035486645416114,-0.012825995683670044,-0.16043990850448608,-0.1068472129793534,-0.025052756071090698,-0.10789960622787476,-0.09807565189317557,-0.011316835880279541,-0.14619284868240356,-0.05604813373998496,-0.029489994049072266,-0.16843187808990479,-0.09261932350114677,-0.043648362159729004,-0.12480491399765015,-0.09462227798417899,-0.04495099186897278,-0.08237987756729126,-0.08702486879543159,2
0.0,0.0,0.0,0.043156594038009644,0.0024253129959106445,-0.034933200245180984,0.07620009779930115,-0.028664469718933105,-0.059153283154049774,0.0899021327495575,-0.06505149602890015,-0.08271492472795572,0.0789434015750885,-0.11022078990936279,-0.10428343168405618,0.1035066545009613,-0.1382696032524109,-0.033740883832255264,0.12317809462547302,-0.207291841506958,-0.07637962154058542,0.1192796528339386,-0.20405834913253784,-0.10406989059356775,0.10650357604026794,-0.16804009675979614,-0.11545919082073297,0.06420263648033142,-0.161392480134964,-0.033669697259941955,0.0844336450099945,-0.25193023681640625,-0.07509832284359064,0.0748586356639862,-0.22413483262062073,-0.09325003079084482,0.06619319319725037,-0.17877104878425598,-0.09588381848243799,0.02652379870414734,-0.1648784577846527,-0.03868811405209627,0.026458770036697388,-0.22895470261573792,-0.07630843124298181,0.021383017301559448,-0.1780722737312317,-0.0804370661726388,0.022438347339630127,-0.12570911645889282,-0.07353228530792322,-0.011726558208465576,-0.15065443515777588,-0.046696225320378204,-0.011980503797531128,-0.18518191576004028,-0.07324756137041177,-0.009786456823348999,-0.14649611711502075,-0.07303400537876215,-0.004479825496673584,-0.10367065668106079,-0.06623601368574228,2
0.0,0.0,0.0,0.048153966665267944,-0.020394563674926758,-0.022312232227506,0.08190742135047913,-0.06688964366912842,-0.037340265633048375,0.09910455346107483,-0.11507201194763184,-0.053480070949973424,0.10720393061637878,-0.13927221298217773,-0.06827808630603727,0.09297475218772888,-0.17952609062194824,-0.013188065895320733,0.10773631930351257,-0.23463240265846252,-0.04197902318972524,0.12300589680671692,-0.24259299039840698,-0.06298760038751539,0.13119354844093323,-0.21917638182640076,-0.07287850690025266,0.05794811248779297,-0.19308751821517944,-0.01706008513409074,0.07065156102180481,-0.2761004567146301,-0.043320813150586446,0.0821584165096283,-0.27037063241004944,-0.05758210730689939,0.088593989610672,-0.24030166864395142,-0.06210585397619184,0.02120545506477356,-0.18483304977416992,-0.02511081744867738,0.02401953935623169,-0.23398667573928833,-0.0543234803988355,0.03740087151527405,-0.1968928575515747,-0.060649056853236516,0.047662943601608276,-0.15428954362869263,-0.05788880300659116,-0.016212373971939087,-0.16004285216331482,-0.03530841407317098,-0.007558256387710571,-0.18802133202552795,-0.05723707837003644,0.008452385663986206,-0.16152885556221008,-0.05953729239243444,0.021041452884674072,-0.13148242235183716,-0.05627865803378995,2
0.0,0.0,0.0,0.04601821303367615,-0.0278661847114563,-0.021979970771496937,0.0803031325340271,-0.07470417022705078,-0.04098124979776685,0.10491868853569031,-0.11407089233398438,-0.06020872472566907,0.13128820061683655,-0.1242724061012268,-0.07789046495003049,0.07092800736427307,-0.20056834816932678,-0.024619037199443028,0.08916473388671875,-0.25027555227279663,-0.05647633402389829,0.11789420247077942,-0.24276643991470337,-0.0797755139951164,0.14198037981987,-0.21877461671829224,-0.09274464278263395,0.03448805212974548,-0.21073177456855774,-0.03021762884003465,0.05554991960525513,-0.27842098474502563,-0.06028412832660024,0.0835370421409607,-0.25150060653686523,-0.07540220944923703,0.10079208016395569,-0.21316096186637878,-0.08068034230512922,-0.0003922879695892334,-0.19747242331504822,-0.03890769733828847,0.021160602569580078,-0.22378143668174744,-0.06801282047075574,0.05017268657684326,-0.18664464354515076,-0.07453508852762525,0.06859764456748962,-0.15338146686553955,-0.07317784606260602,-0.031411558389663696,-0.16528600454330444,-0.04995407341760938,-0.007616668939590454,-0.16358566284179688,-0.07110429732841794,0.019439727067947388,-0.13700583577156067,-0.07457278846544568,0.038228780031204224,-0.11645334959030151,-0.07283854662222211,2
0.0,0.0,0.0,0.049194544553756714,-0.023318052291870117,-0.015055588058061176,0.08866748213768005,-0.06315451860427856,-0.029181312381155067,0.11115708947181702,-0.09441965818405151,-0.04566728657377439,0.10661277174949646,-0.10650742053985596,-0.06086584514272886,0.07602196931838989,-0.1999971866607666,-0.014340361191756301,0.0993817150592804,-0.2345883548259735,-0.045631523786909156,0.11799395084381104,-0.20214784145355225,-0.06808963751686292,0.12906306982040405,-0.16234517097473145,-0.07867498284471708,0.03719407320022583,-0.21000546216964722,-0.021492627992159896,0.06032279133796692,-0.24152624607086182,-0.05060234627021032,0.07928189635276794,-0.19479933381080627,-0.06344066148889738,0.08752623200416565,-0.1476099193096161,-0.06580091601503568,-0.0020890235900878906,-0.19718289375305176,-0.03191705381763654,0.018977850675582886,-0.1974436640739441,-0.060472469388372474,0.03996402025222778,-0.14152857661247253,-0.06433469390762525,0.05085119605064392,-0.0964348316192627,-0.05929235330117422,-0.03590068221092224,-0.16660571098327637,-0.04420106819165426,-0.011227011680603027,-0.14738216996192932,-0.06429893857134061,0.012465089559555054,-0.10566365718841553,-0.06508568262947279,0.027915477752685547,-0.07397973537445068,-0.05979300996554571,2
0.0,0.0,0.0,0.0477692186832428,-0.010575413703918457,-0.020493285194284727,0.09303954243659973,-0.04563051462173462,-0.035060399607069304,0.11934435367584229,-0.07761067152023315,-0.050951798841602614,0.10847938060760498,-0.10756492614746094,-0.06436016170705061,0.08994969725608826,-0.19487273693084717,-0.01063565390581589,0.11249285936355591,-0.21481096744537354,-0.04459523914778929,0.12465772032737732,-0.17259544134140015,-0.06886272637570601,0.13209137320518494,-0.13105207681655884,-0.07985427735770445,0.05306723713874817,-0.2103641927242279,-0.015295475185162832,0.07606950402259827,-0.22803252935409546,-0.049461977020151426,0.09007152915000916,-0.17021512985229492,-0.06482366232598524,0.09775844216346741,-0.12041181325912476,-0.06654523073161345,0.013433724641799927,-0.203602135181427,-0.024333707452065756,0.03322649002075195,-0.19476449489593506,-0.057573211774475386,0.04862475395202637,-0.1250896453857422,-0.06075149162138205,0.058454662561416626,-0.07541525363922119,-0.05283890052164297,-0.021645665168762207,-0.17771440744400024,-0.03572254015529852,0.000149458646774292,-0.15350130200386047,-0.05886438994134169,0.01882210373878479,-0.10407936573028564,-0.059526534214861204,0.03287675976753235,-0.07025265693664551,-0.05247472359264593,2
0.0,0.0,0.0,0.04526403546333313,-0.006066083908081055,-0.020733302707832024,0.09471279382705688,-0.04754215478897095,-0.032571502278607056,0.12209993600845337,-0.08704352378845215,-0.0450637417538573,0.10895973443984985,-0.11622554063796997,-0.055888168762486146,0.08947581052780151,-0.1822596788406372,-0.009181251998107598,0.10788890719413757,-0.20861709117889404,-0.03829438636736171,0.12234100699424744,-0.18904930353164673,-0.05942001218632953,0.13317587971687317,-0.16040223836898804,-0.06998282323316829,0.055343806743621826,-0.20121294260025024,-0.01271308890269296,0.07884097099304199,-0.22983619570732117,-0.0450637417538573,0.09400835633277893,-0.18212002515792847,-0.060041345904629395,0.10205325484275818,-0.13566383719444275,-0.06210158417658107,0.017968565225601196,-0.1999034285545349,-0.02029182414249675,0.0406976044178009,-0.2006591558456421,-0.05418765569762485,0.05542650818824768,-0.13517093658447266,-0.058864068488638566,0.0637056827545166,-0.08592420816421509,-0.05212741742567317,-0.017284244298934937,-0.1806076467037201,-0.03003707925514476,0.0074187517166137695,-0.16122010350227356,-0.05579006324247615,0.026725798845291138,-0.11355680227279663,-0.05915838877395885,0.04002395272254944,-0.07968920469284058,-0.054253060619394944,2
0.0,0.0,0.0,0.049993544816970825,-0.027161121368408203,-0.018477669455876367,0.09453043341636658,-0.08603060245513916,-0.02991095046030523,0.12556764483451843,-0.13385862112045288,-0.04205217259453775,0.15872225165367126,-0.1710377335548401,-0.052883700006475465,0.07446274161338806,-0.20317035913467407,-0.0006552053427526516,0.11002650856971741,-0.2160416841506958,-0.02614115411864759,0.1405118703842163,-0.2080865204334259,-0.04867144348548891,0.16773933172225952,-0.19568759202957153,-0.06332586007641794,0.04458177089691162,-0.22311347723007202,-0.004650658466687219,0.08920443058013916,-0.245017409324646,-0.03109675506578924,0.11983844637870789,-0.22283011674880981,-0.0482112770013714,0.14624661207199097,-0.19853857159614563,-0.056671198927631394,0.012845933437347412,-0.22270989418029785,-0.013318536341955678,0.06137785315513611,-0.23157823085784912,-0.04364504339622499,0.09036964178085327,-0.19515758752822876,-0.05270671518968584,0.11430910229682922,-0.1633661687374115,-0.05337926047371866,-0.017270654439926147,-0.20296496152877808,-0.02407042170392515,0.028794944286346436,-0.1981247067451477,-0.05015812488721849,0.06018295884132385,-0.17130529880523682,-0.057733111553659455,0.08741334080696106,-0.15126484632492065,-0.05837025540398599,2
0.0,0.0,0.0,0.061084628105163574,-0.023624837398529053,-0.007395925744361875,0.11653393507003784,-0.09105855226516724,-0.013645256682224272,0.15928223729133606,-0.1390761137008667,-0.022283365762717722,0.19706767797470093,-0.17189359664916992,-0.02894075941193819,0.06909140944480896,-0.2223891019821167,0.008160921932272913,0.12859854102134705,-0.2329431176185608,-0.01155450548876047,0.1721983551979065,-0.21309486031532288,-0.03029791619528055,0.2056727409362793,-0.19498437643051147,-0.04328258503127813,0.045646071434020996,-0.2371710240840912,0.00022316979985248508,0.12453308701515198,-0.24588292837142944,-0.02248510327089548,0.17045778036117554,-0.20952576398849487,-0.03737712819028616,0.20399945974349976,-0.1769047975540161,-0.044456342047936914,0.02842816710472107,-0.2308664619922638,-0.011086837201304434,0.110283762216568,-0.2294972836971283,-0.03594661671567678,0.15746551752090454,-0.19559121131896973,-0.045043224281556604,0.1925867199897766,-0.16578692197799683,-0.046693814731128214,0.01888790726661682,-0.2079688310623169,-0.023805580845959184,0.08974996209144592,-0.19515946507453918,-0.045299982464797495,0.12915903329849243,-0.16941958665847778,-0.052966071105487345,0.16063442826271057,-0.14995411038398743,-0.054249869472272394,2
0.0,0.0,0.0,0.08277329802513123,-0.0386844277381897,0.010855878064660374,0.13425403833389282,-0.09592360258102417,0.008000250267116371,0.18022003769874573,-0.13038873672485352,-0.002282408471899089,0.22342076897621155,-0.15074414014816284,-0.010894884994002041,0.06783643364906311,-0.238072007894516,0.026818597050635162,0.14546933770179749,-0.23663344979286194,0.008101037064818684,0.19002866744995117,-0.2084294855594635,-0.012545870324345287,0.2244279682636261,-0.181707501411438,-0.027126368773849663,0.051279217004776,-0.24488505721092224,0.007385931270448509,0.1489098072052002,-0.2503158748149872,-0.01579984527614897,0.19380846619606018,-0.2117609977722168,-0.03382629592505282,0.226218581199646,-0.1721671223640442,-0.04208121885147875,0.04405835270881653,-0.2314489781856537,-0.013918490787716564,0.13996827602386475,-0.2324238419532776,-0.03584203187909907,0.1881066858768463,-0.19706526398658752,-0.043924179566772636,0.22186562418937683,-0.16496506333351135,-0.04450010199633425,0.045751094818115234,-0.20235413312911987,-0.035419688267381844,0.12431302666664124,-0.19630292057991028,-0.052409474445255455,0.16650840640068054,-0.1749613881111145,-0.055634651971729454,0.19989347457885742,-0.1578250527381897,-0.053561323029668984,2
0.0,0.0,0.0,0.09412997961044312,-0.04658305644989014,0.025535540391331324,0.1415884792804718,-0.09647029638290405,0.028182552863484034,0.18742454051971436,-0.12460881471633911,0.019949568171625742,0.22903403639793396,-0.14005747437477112,0.012582703229611525,0.06755509972572327,-0.24685046076774597,0.04492100115550102,0.15462687611579895,-0.2339494824409485,0.03045975576770843,0.1989365518093109,-0.20172828435897827,0.009040379632835993,0.2356535792350769,-0.17105305194854736,-0.008199251520807138,0.05415418744087219,-0.253728985786438,0.01695221822393478,0.1607220470905304,-0.24570029973983765,-0.005197034947002521,0.20639154314994812,-0.20128116011619568,-0.02635365937220513,0.24251022934913635,-0.1533026397228241,-0.037583994011754385,0.05209974944591522,-0.23632705211639404,-0.011795098225945821,0.1545918881893158,-0.22927266359329224,-0.0294288622991985,0.20463746786117554,-0.1891423761844635,-0.036863850693578115,0.24075132608413696,-0.15471801161766052,-0.03888803188073098,0.05966871976852417,-0.1984778642654419,-0.04001690659987389,0.14507341384887695,-0.1862596869468689,-0.05278483990895211,0.18935272097587585,-0.16239073872566223,-0.05379693422781884,0.22496601939201355,-0.14502477645874023,-0.05177274931537568,2
0.0,0.0,0.0,0.06785258650779724,-0.02837592363357544,-0.010113279048511004,0.12262088060379028,-0.08425503969192505,-0.019020566430100416,0.16154035925865173,-0.12978339195251465,-0.032781650956877684,0.19478443264961243,-0.17125079035758972,-0.04498369776845834,0.11347168684005737,-0.20927804708480835,0.018489821169367815,0.1535187065601349,-0.22978326678276062,-0.007067963659920906,0.188096284866333,-0.2085864245891571,-0.03288558655620477,0.21617066860198975,-0.18612927198410034,-0.04959844582916162,0.08769959211349487,-0.23078793287277222,0.008449634823790575,0.14098575711250305,-0.2598680853843689,-0.02136951283753774,0.17727366089820862,-0.2198863923549652,-0.045191572692402815,0.20387569069862366,-0.17778083682060242,-0.05612560519219301,0.05872020125389099,-0.23578226566314697,-0.006428758792736744,0.11465978622436523,-0.25520163774490356,-0.036149168100365614,0.15422093868255615,-0.21235615015029907,-0.04951529362440965,0.18420740962028503,-0.16906309127807617,-0.05225919717193506,0.03076687455177307,-0.22122779488563538,-0.023323503967532133,0.0895957350730896,-0.21034809947013855,-0.04764445283652208,0.12760671973228455,-0.1778780221939087,-0.05674921878815553,0.1583659052848816,-0.14941665530204773,-0.058121168699273085,2
0.0,0.0,0.0,0.0633784830570221,-0.00879889726638794,-0.021662641509102798,0.11796531081199646,-0.05595135688781738,-0.03163108248882196,0.11931240558624268,-0.12438976764678955,-0.0415792280869951,0.09645745158195496,-0.17711502313613892,-0.049212899251507736,0.1300247609615326,-0.15500885248184204,0.0021570665234307285,0.15570524334907532,-0.2027868926525116,-0.020931758178996063,0.1626935601234436,-0.19045913219451904,-0.042594343616293884,0.15614962577819824,-0.1619957685470581,-0.05485694874696634,0.10167738795280457,-0.18456682562828064,0.0005515962660851415,0.12681394815444946,-0.25871962308883667,-0.022292012541221595,0.14166569709777832,-0.2386857569217682,-0.042837970151232696,0.14164161682128906,-0.19788998365402222,-0.053151555551814056,0.06801992654800415,-0.19701382517814636,-0.005755766487347103,0.08708029985427856,-0.26860755681991577,-0.032524388475941635,0.11029192805290222,-0.23587515950202942,-0.049294114305304504,0.11850053071975708,-0.19223010540008545,-0.056075088872241,0.02939474582672119,-0.19557267427444458,-0.013714279240595317,0.05687752366065979,-0.223955899477005,-0.039670806570576644,0.07503166794776917,-0.18694472312927246,-0.050349828048275924,0.08188512921333313,-0.14717835187911987,-0.0540042521493902,2
0.0,0.0,0.0,0.05668875575065613,0.002973496913909912,-0.02584253744994669,0.10514190793037415,-0.036192357540130615,-0.03970771217559843,0.11845934391021729,-0.10922181606292725,-0.05355118894790678,0.11611729860305786,-0.17106011509895325,-0.06409653210853605,0.13603997230529785,-0.15681606531143188,-0.009954004826298046,0.17162403464317322,-0.23223179578781128,-0.03701712870811491,0.17198815941810608,-0.22165164351463318,-0.054939872863045025,0.1570555865764618,-0.1886325478553772,-0.06305500799631147,0.1001008152961731,-0.19340428709983826,-0.011554249840131092,0.13529253005981445,-0.30394747853279114,-0.03836241671656637,0.12784916162490845,-0.2602202892303467,-0.05016625979756384,0.11870306730270386,-0.21244218945503235,-0.05138136008595495,0.06329852342605591,-0.20267534255981445,-0.01766230286871462,0.08268138766288757,-0.30439019203186035,-0.04513226756667166,0.08080178499221802,-0.2501158118247986,-0.04604359650825529,0.07703474164009094,-0.19574540853500366,-0.04005488315438299,0.018438637256622314,-0.18860888481140137,-0.025951029079308796,0.0340191125869751,-0.23754537105560303,-0.04947191783999472,0.04159665107727051,-0.19376510381698608,-0.04890776360248594,0.043923258781433105,-0.14353284239768982,-0.04302753815268545,2
0.0,0.0,0.0,0.05855560302734375,0.007520556449890137,-0.03174535645078436,0.10894250869750977,-0.030697524547576904,-0.04821027902792707,0.12560737133026123,-0.1125415563583374,-0.06479131517838255,0.13844624161720276,-0.17596307396888733,-0.0785856255693318,0.13883033394813538,-0.15242424607276917,-0.013736118505704553,0.1747264862060547,-0.2246226668357849,-0.04440174711774603,0.1746158003807068,-0.2119269073009491,-0.06623112497757688,0.1570129096508026,-0.17683535814285278,-0.07640268741081968,0.10430040955543518,-0.19172915816307068,-0.012969767617988737,0.14084208011627197,-0.3036556839942932,-0.040012647341001184,0.13581016659736633,-0.26558545231819153,-0.0545268626315476,0.12633559107780457,-0.22004914283752441,-0.05875340191553846,0.06883910298347473,-0.20775070786476135,-0.017707207183349283,0.09007903933525085,-0.311185359954834,-0.04372828913759008,0.08850812911987305,-0.2648305892944336,-0.04742070374916807,0.07930165529251099,-0.21252530813217163,-0.04428563354443327,0.02370631694793701,-0.2059476673603058,-0.025475214178669603,0.04029753804206848,-0.2748199999332428,-0.04472686437796369,0.04469367861747742,-0.2412775456905365,-0.04472686437796369,0.03797644376754761,-0.19269806146621704,-0.04087188927363172,2
0.0,0.0,0.0,0.06642748415470123,-0.0029609203338623047,-0.033531599253620925,0.12171776592731476,-0.03748631477355957,-0.04986164024492723,0.14024101197719574,-0.11321526765823364,-0.06679483181258661,0.15374113619327545,-0.17897552251815796,-0.08033246970197183,0.13578082621097565,-0.16520899534225464,0.007734700530562577,0.16328643262386322,-0.21911212801933289,-0.01878765276094896,0.1651778370141983,-0.21466189622879028,-0.041975860059466186,0.15773694217205048,-0.19032377004623413,-0.05231896466037256,0.10670898854732513,-0.20732754468917847,0.010705830022487817,0.14058925211429596,-0.28721290826797485,0.002253191038761315,0.16228367388248444,-0.33300161361694336,-0.006780269596930566,0.18670393526554108,-0.37497055530548096,-0.012365097686853233,0.07313708961009979,-0.2275260090827942,0.004001242533121285,0.09457515180110931,-0.31074878573417664,-0.009628532029893222,0.11196108162403107,-0.3616601228713989,-0.019871106878127875,0.13114212453365326,-0.40177714824676514,-0.02531073106845838,0.029763713479042053,-0.23032373189926147,-0.007210301742162528,0.03261466324329376,-0.3026380240917206,-0.020842869341578307,0.035957321524620056,-0.3513164818286896,-0.026405357331242385,0.04209811985492706,-0.3935841917991638,-0.02848291261514646,2
0.0,0.0,0.0,0.0625031441450119,-0.0017762184143066406,-0.03892821316021866,0.11849300563335419,-0.04607367515563965,-0.05445737261671013,0.13425703346729279,-0.1234244704246521,-0.06804830078381485,0.14501036703586578,-0.1856045126914978,-0.07804300878542847,0.1280689388513565,-0.16804775595664978,-0.007899087484659617,0.15740375220775604,-0.22651514410972595,-0.040072465877713626,0.15179429948329926,-0.21736541390419006,-0.06711422149437851,0.13777180016040802,-0.19413185119628906,-0.07953755054968781,0.09905265271663666,-0.20889943838119507,-0.003152769388364618,0.13764111697673798,-0.3048337697982788,-0.01690716725188679,0.16026465594768524,-0.36204880475997925,-0.030708268847050135,0.18233339488506317,-0.4109152853488922,-0.039465310614289706,0.06488935649394989,-0.22490769624710083,-0.007455397493870919,0.094662144780159,-0.31642794609069824,-0.025080409463228648,0.11418382823467255,-0.3713601529598236,-0.03867133949297852,0.13410259783267975,-0.4184187352657318,-0.04602726046341843,0.02266232669353485,-0.2210308015346527,-0.016124871190370982,0.03459830582141876,-0.28957313299179077,-0.03166570384401268,0.0395614355802536,-0.3339253067970276,-0.03713010121482796,0.04478050768375397,-0.37590235471725464,-0.03895156700509972,2
0.0,0.0,0.0,0.06669776141643524,-0.011415719985961914,-0.037355687338930466,0.11822269856929779,-0.06570470333099365,-0.053293663878065445,0.133598193526268,-0.14524367451667786,-0.06884512292228351,0.1488134115934372,-0.20026013255119324,-0.0810771210678638,0.12354360520839691,-0.18402975797653198,0.004183084368634127,0.15091632306575775,-0.23137277364730835,-0.01754121655605445,0.15590564906597137,-0.23417291045188904,-0.03469556929550777,0.1498989313840866,-0.22155609726905823,-0.040675151962858536,0.09267787635326385,-0.22066465020179749,0.009042916018444203,0.12591789662837982,-0.3056124746799469,0.00795726956792464,0.14199422299861908,-0.36028045415878296,0.008917867336350582,0.15667538344860077,-0.4110872894525528,0.011754190679567955,0.05818386375904083,-0.23147574067115784,0.003731205025616191,0.08094589412212372,-0.31122204661369324,-0.0059003563225985545,0.09466640651226044,-0.3617783188819885,-0.009708645623248913,0.10608379542827606,-0.40343162417411804,-0.009640437420529224,0.014368012547492981,-0.2230452299118042,-0.00667338199920664,0.0048508793115615845,-0.28152957558631897,-0.02155413093052516,-0.004755809903144836,-0.3224456012248993,-0.02548746565364013,-0.013386502861976624,-0.35873764753341675,-0.024509817231518127,2
0.0,0.0,0.0,0.07609951496124268,-0.021326124668121338,-0.03459603398789568,0.12586161494255066,-0.0845150351524353,-0.043590859172240926,0.14217513799667358,-0.16872331500053406,-0.05230892508973284,0.17167669534683228,-0.22614127397537231,-0.05876674934972925,0.11736491322517395,-0.20002058148384094,0.01922302447508173,0.14052167534828186,-0.26817750930786133,0.0045545365313728325,0.1547253429889679,-0.30493226647377014,-0.015499318612114621,0.17223486304283142,-0.33419618010520935,-0.030998100188867284,0.08631053566932678,-0.22804522514343262,0.023143847810729312,0.1138099730014801,-0.3107652962207794,0.010066751728459167,0.13837769627571106,-0.3656322658061981,-0.012812401761607362,0.16696739196777344,-0.40292730927467346,-0.030813590285674763,0.04976293444633484,-0.2362837791442871,0.018519583495958614,0.061120450496673584,-0.3182946443557739,-0.002667272824169231,0.07503968477249146,-0.36087873578071594,-0.02527831181635065,0.09464702010154724,-0.3809555768966675,-0.039462462661163045,0.006167232990264893,-0.2279038429260254,0.010043688456221389,0.006679445505142212,-0.2922690808773041,-0.010344588791326714,0.010111749172210693,-0.33110615611076355,-0.02530137508858843,0.018475741147994995,-0.35619789361953735,-0.03551857977856798,2
0.0,0.0,0.0,0.061462223529815674,-0.001382589340209961,-0.023304293229415407,0.12020623683929443,-0.07210248708724976,-0.029932081996633997,0.14432814717292786,-0.1544950008392334,-0.03579019039793252,0.17344450950622559,-0.20936304330825806,-0.040173083841040125,0.12284043431282043,-0.15397384762763977,0.003214877500028024,0.15137958526611328,-0.2168511152267456,-0.014431609138085832,0.16578835248947144,-0.2292737364768982,-0.0301245025537753,0.1683754026889801,-0.21534639596939087,-0.03906132683081864,0.08770516514778137,-0.18409928679466248,0.004110163246110687,0.11394590139389038,-0.28497007489204407,-0.01834414184017419,0.12373510003089905,-0.27962052822113037,-0.03531983151955842,0.12058067321777344,-0.2462313175201416,-0.04201176047249078,0.049980223178863525,-0.19730687141418457,1.7236811942211716e-05,0.06816017627716064,-0.29965510964393616,-0.03427221283240556,0.08081254363059998,-0.27278342843055725,-0.05024304643197297,0.08012416958808899,-0.23069190979003906,-0.054048676341011515,0.010379701852798462,-0.1970086693763733,-0.004612861032768478,0.039494723081588745,-0.23645415902137756,-0.03983100160880326,0.044953376054763794,-0.18639788031578064,-0.05148308381362199,0.036839187145233154,-0.13238772749900818,-0.05417696043772935,2
0.0,0.0,0.0,0.059149980545043945,-0.005163133144378662,-0.033105433754148095,0.11704835295677185,-0.06398308277130127,-0.048097704372825234,0.14206990599632263,-0.14332973957061768,-0.062294457874717324,0.1721670925617218,-0.20137172937393188,-0.07228930743736228,0.1269947588443756,-0.16827607154846191,-0.0004692024770101,0.15429595112800598,-0.23543965816497803,-0.028087613008441537,0.17515182495117188,-0.2515859603881836,-0.03683820071023902,0.17510655522346497,-0.23446416854858398,-0.03587951215309104,0.08482897281646729,-0.1860957145690918,0.003508338170600922,0.12066873908042908,-0.2343997359275818,-0.030820899478616326,0.10304710268974304,-0.1527649164199829,-0.030127377084912865,0.08812257647514343,-0.1282639503479004,-0.015226898550512402,0.04442638158798218,-0.18867087364196777,-0.000248652951317041,0.07200759649276733,-0.2001136839389801,-0.04552760051888427,0.05890282988548279,-0.1225079894065857,-0.035369572065295785,0.04574742913246155,-0.1158440113067627,-0.01323812811029157,0.0009396374225616455,-0.1827298104763031,-0.005935771226408093,0.029212504625320435,-0.1940048336982727,-0.03722575756114921,0.026538878679275513,-0.13397419452667236,-0.02804681921702823,0.01548430323600769,-0.12555211782455444,-0.011310551151158421,2
0.0,0.0,0.0,0.056007176637649536,-0.003847360610961914,-0.03267954816060836,0.11339345574378967,-0.06536340713500977,-0.05408613909917648,0.13980239629745483,-0.14242267608642578,-0.07569621656971748,0.17559927701950073,-0.19056344032287598,-0.09213777785139854,0.12039518356323242,-0.1772882044315338,-0.015474917040641856,0.14715611934661865,-0.25153848528862,-0.05506286551194961,0.16731804609298706,-0.24585455656051636,-0.06922540222245033,0.17282873392105103,-0.20946025848388672,-0.07003934089976127,0.07634952664375305,-0.19779863953590393,-0.013267107912774634,0.10752862691879272,-0.2012026011943817,-0.054004745231445384,0.08905535936355591,-0.11889135837554932,-0.052539655612285685,0.07522743940353394,-0.11495208740234375,-0.0393538453145581,0.03625425696372986,-0.20014739036560059,-0.01873067174988563,0.06310990452766418,-0.18241935968399048,-0.06548128430681999,0.050819605588912964,-0.10633724927902222,-0.05054550771551902,0.03749755024909973,-0.10439980030059814,-0.027714520366366457,-0.005795866250991821,-0.19207823276519775,-0.02667674948411758,0.021703660488128662,-0.17743468284606934,-0.05766747300463493,0.019887328147888184,-0.11535364389419556,-0.04623162900048072,0.008188456296920776,-0.107144296169281,-0.028019748301680636,2
0.0,0.0,0.0,0.05397404730319977,-0.00956052541732788,-0.035262694972893804,0.10308478772640228,-0.056855618953704834,-0.06184865759625158,0.1332559436559677,-0.11305457353591919,-0.08812985794558248,0.1672624796628952,-0.1445658802986145,-0.10957072900547704,0.11651276051998138,-0.19165927171707153,-0.017882325145742506,0.1358376294374466,-0.2106800079345703,-0.05335118474378309,0.15139131247997284,-0.19308310747146606,-0.06715509520783147,0.16002710163593292,-0.1746552586555481,-0.07084807978882512,0.07552830874919891,-0.22028034925460815,-0.01615235621049127,0.09762071073055267,-0.18797439336776733,-0.04958648832454404,0.07861383259296417,-0.11648023128509521,-0.048725983518502325,0.0670732706785202,-0.13320428133010864,-0.038615072536608785,0.033380791544914246,-0.2216445505619049,-0.021781480330369085,0.05391897261142731,-0.17336314916610718,-0.059661543387314886,0.04488854110240936,-0.10871756076812744,-0.048618423211714834,0.034542784094810486,-0.11992472410202026,-0.031982029247424215,-0.010386943817138672,-0.2082635462284088,-0.030834690126916975,0.004865124821662903,-0.16862815618515015,-0.05614782350077352,0.008749887347221375,-0.11828303337097168,-0.048725983518502325,0.0035120099782943726,-0.11858248710632324,-0.03553160132779798,2
0.0,0.0,0.0,0.050844401121139526,-0.014519333839416504,-0.034056553606930606,0.0942930281162262,-0.07024586200714111,-0.05507026425475203,0.10838362574577332,-0.14154106378555298,-0.07577342725271308,0.11979898810386658,-0.19576546549797058,-0.08785026705736243,0.10904935002326965,-0.17903965711593628,-0.007194201917442911,0.13001978397369385,-0.2182556688785553,-0.048928325985613697,0.1255764365196228,-0.18246465921401978,-0.060487588857355945,0.11293455958366394,-0.15624067187309265,-0.05921089461917006,0.0690491795539856,-0.2059125304222107,-0.005085067347678773,0.0877636969089508,-0.21641728281974792,-0.043200450007859104,0.07103729248046875,-0.1307573914527893,-0.03943937829608046,0.06487265229225159,-0.14139309525489807,-0.02425705826753699,0.030657708644866943,-0.21371352672576904,-0.012620155689361923,0.043964892625808716,-0.18657803535461426,-0.05486323124641501,0.036504536867141724,-0.1164168119430542,-0.04209628141397559,0.030009299516677856,-0.13157838582992554,-0.022100478400531642,-0.01000887155532837,-0.21047243475914001,-0.023584205647054546,0.0027192234992980957,-0.16087767481803894,-0.05027402750128829,0.00288216769695282,-0.1126251220703125,-0.04544329083437049,-0.003393009305000305,-0.12846171855926514,-0.03369425049895369,2
0.0,0.0,0.0,0.05204188823699951,-0.018537402153015137,-0.03046365880871349,0.09750023484230042,-0.0744394063949585,-0.05018798501694732,0.1115649938583374,-0.14325416088104248,-0.07010724635327392,0.1282588243484497,-0.1934376358985901,-0.08371755720580154,0.10003244876861572,-0.18938595056533813,-0.007801955635642344,0.12038403749465942,-0.22182956337928772,-0.044233469828014904,0.13543033599853516,-0.20035278797149658,-0.05543362216556602,0.14011132717132568,-0.17889755964279175,-0.05600071938241058,0.05989590287208557,-0.21423101425170898,-0.007212707377021843,0.08306339383125305,-0.20949658751487732,-0.042638512863760525,0.06867128610610962,-0.12819254398345947,-0.04044101254547172,0.0594826340675354,-0.14103922247886658,-0.027858559577708775,0.022757619619369507,-0.21776336431503296,-0.014709013118391567,0.04176238179206848,-0.18100836873054504,-0.055575399263744885,0.03375992178916931,-0.11299514770507812,-0.04377270729744964,0.024844348430633545,-0.1301303505897522,-0.025342071964388424,-0.01649487018585205,-0.20900866389274597,-0.025058523355966145,0.0005922019481658936,-0.16248804330825806,-0.05107407511675888,0.0007281303405761719,-0.11318302154541016,-0.04430435465181404,-0.008237674832344055,-0.12557250261306763,-0.03163329751694732,2
0.0,0.0,0.0,0.06618881225585938,-0.035230040550231934,0.0005421483303074126,0.11418870091438293,-0.10998773574829102,-0.007036957459465754,0.15205329656600952,-0.15371018648147583,-0.021055844182090055,0.19943833351135254,-0.1678546965122223,-0.034241131076530706,0.05870702862739563,-0.2397862672805786,0.012905998585804213,0.12177973985671997,-0.2388068437576294,-0.014429349021927607,0.16567477583885193,-0.21448537707328796,-0.03407187251182009,0.20230096578598022,-0.19851791858673096,-0.04590308157535006,0.029039770364761353,-0.2522243857383728,-0.0020173669680367823,0.11032697558403015,-0.19647419452667236,-0.031786868849710714,0.08874398469924927,-0.1305007040500641,-0.0393019789251845,0.05789324641227722,-0.1264248490333557,-0.03811716524691988,0.005015015602111816,-0.23578324913978577,-0.020564992481784117,0.08412745594978333,-0.16824865341186523,-0.0491528571936648,0.06458380818367004,-0.1078869104385376,-0.044785971322969687,0.0372520387172699,-0.110318124294281,-0.03547672046156336,-0.014508441090583801,-0.20499920845031738,-0.04018212346167971,0.05131351947784424,-0.15232601761817932,-0.05477226016850878,0.042061060667037964,-0.10653471946716309,-0.04732486096949984,0.01804518699645996,-0.10621404647827148,-0.03760938582749773,2
0.0,0.0,0.0,0.08293519914150238,-0.05894118547439575,0.01305145816661124,0.13287581503391266,-0.13181084394454956,0.00515569047786002,0.1706840842962265,-0.17485320568084717,-0.01254534209363456,0.21780399978160858,-0.18917196989059448,-0.028566016352105095,0.05789731442928314,-0.26684725284576416,0.016965927088332222,0.14241079986095428,-0.2589542865753174,-0.009657228833365394,0.1923353523015976,-0.23076462745666504,-0.026847471019554092,0.23231182992458344,-0.21363899111747742,-0.03841901803605552,0.038650184869766235,-0.2669394016265869,-0.008501982784199669,0.1458331197500229,-0.2049257755279541,-0.04048127541534896,0.11541162431240082,-0.14739474654197693,-0.0438419901787519,0.07677195966243744,-0.14745455980300903,-0.041054124480414345,0.02890770137310028,-0.24025309085845947,-0.036910513883757545,0.1283007711172104,-0.16349342465400696,-0.061256593561100914,0.09797443449497223,-0.10960370302200317,-0.050143326169180824,0.0656038373708725,-0.1143450140953064,-0.039717475420165016,0.025633588433265686,-0.20034578442573547,-0.06690870458476539,0.10445626080036163,-0.13623735308647156,-0.0795877599179029,0.08277533948421478,-0.0946769118309021,-0.07198795909278388,0.05295799672603607,-0.09667468070983887,-0.06450274074666495,2
0.0,0.0,0.0,0.08463636040687561,-0.06466907262802124,0.018462822223038078,0.13320550322532654,-0.12837931513786316,0.008999778339595199,0.17342615127563477,-0.16830095648765564,-0.011369173964529633,0.2184636890888214,-0.18355238437652588,-0.030729569112926125,0.057935237884521484,-0.26731380820274353,0.014891863251060844,0.1458861231803894,-0.25450170040130615,-0.01120510193523705,0.19664329290390015,-0.22704267501831055,-0.02756396270361483,0.2381768524646759,-0.20921829342842102,-0.03864359072413981,0.0413053035736084,-0.26216933131217957,-0.014573386488526463,0.1497533619403839,-0.2012043595314026,-0.04628737605181277,0.1205129325389862,-0.145012766122818,-0.048719491427808403,0.08334290981292725,-0.14355126023292542,-0.045746907210021615,0.03532303869724274,-0.23087918758392334,-0.04597853458490908,0.13769614696502686,-0.15404444932937622,-0.07060850373473704,0.10549616813659668,-0.09978830814361572,-0.05883399358954966,0.07112917304039001,-0.10202157497406006,-0.048333439594178795,0.03663553297519684,-0.1883556842803955,-0.0784453149792248,0.11667582392692566,-0.12235796451568604,-0.09103055260148585,0.09381115436553955,-0.07940548658370972,-0.08261465988126337,0.06330198049545288,-0.07976222038269043,-0.07477784863677561,2
0.0,0.0,0.0,0.08710446953773499,-0.0446658730506897,0.0006341312324451565,0.1433519721031189,-0.12171116471290588,-0.006485552490985924,0.18624508380889893,-0.1584579348564148,-0.02021359089884811,0.23519209027290344,-0.16617408394813538,-0.03155622627708965,0.07936432957649231,-0.26326268911361694,0.0132395225005979,0.15601342916488647,-0.2515621781349182,-0.016736075246072346,0.20214015245437622,-0.2189348340034485,-0.03826217349741512,0.2400895357131958,-0.1977159082889557,-0.05165491622064167,0.052128925919532776,-0.27016186714172363,-0.0028667342488830627,0.14651796221733093,-0.2026142179965973,-0.03498584400985294,0.11890116333961487,-0.14336353540420532,-0.0426114648220306,0.08613231778144836,-0.14634671807289124,-0.04196003075811916,0.032364100217819214,-0.24594607949256897,-0.02316420894239002,0.11945772171020508,-0.16830071806907654,-0.051080122554040486,0.09620290994644165,-0.11732172966003418,-0.04663503538940006,0.06845226883888245,-0.12721499800682068,-0.03853041302535587,0.019322633743286133,-0.20756462216377258,-0.045370481872296864,0.08960074186325073,-0.13914921879768372,-0.06085165213916355,0.07372522354125977,-0.10108816623687744,-0.05667480077717357,0.04615148901939392,-0.10975879430770874,-0.04993052777025753,2
0.0,0.0,0.0,0.06437517702579498,-0.013519883155822754,-0.022086421932225875,0.12416039407253265,-0.07089757919311523,-0.04013651513600891,0.16267620027065277,-0.11940383911132812,-0.06012930625224655,0.20527206361293793,-0.15413469076156616,-0.07725521081233566,0.1236298531293869,-0.1916753351688385,-0.0036025186731869496,0.15423966944217682,-0.20914307236671448,-0.03564757012868469,0.18279309570789337,-0.19246935844421387,-0.052433970357423476,0.205532506108284,-0.17314046621322632,-0.061147804345136336,0.08809159696102142,-0.22043702006340027,-0.008963793489282779,0.12673117220401764,-0.20524176955223083,-0.043984184946065596,0.104185089468956,-0.1321495771408081,-0.048473133678680114,0.08601470291614532,-0.13720449805259705,-0.04322973915482109,0.04815806448459625,-0.22662046551704407,-0.020407780046706847,0.08606325089931488,-0.2079620659351349,-0.06103464120173996,0.07102598249912262,-0.13408860564231873,-0.05084963419581001,0.051408782601356506,-0.13740015029907227,-0.03528920465255325,0.002475038170814514,-0.21971222758293152,-0.03389348366404121,0.03863735496997833,-0.18606272339820862,-0.06386381291890686,0.03531402349472046,-0.12980926036834717,-0.05624391787791794,0.017747685313224792,-0.1332153081893921,-0.04349379518175667,2
0.0,0.0,0.0,0.05672523379325867,-0.0027480721473693848,-0.03261082569075313,0.11645802855491638,-0.03540700674057007,-0.05553163910222736,0.15524020791053772,-0.08649879693984985,-0.0784897203178474,0.17193806171417236,-0.14499425888061523,-0.09563373723936763,0.1346416473388672,-0.1714213788509369,-0.015662470328933864,0.15837985277175903,-0.21424946188926697,-0.049121263864762454,0.1668742597103119,-0.19620025157928467,-0.05862501213265148,0.16053441166877747,-0.16844817996025085,-0.05784235099268642,0.0936523973941803,-0.20302382111549377,-0.014199638235695033,0.117098867893219,-0.1949540078639984,-0.045655190441138416,0.09414848685264587,-0.11760216951370239,-0.04300904596162525,0.08220499753952026,-0.12884536385536194,-0.031530007216460376,0.05073276162147522,-0.21432435512542725,-0.019901887941486507,0.06652680039405823,-0.18443503975868225,-0.05530801737619129,0.05394357442855835,-0.11660391092300415,-0.04174188101602283,0.04387602210044861,-0.12935221195220947,-0.02420652793658462,0.0031467080116271973,-0.2130654752254486,-0.028790689501292377,0.015561237931251526,-0.1787865161895752,-0.05240098709178653,0.013924986124038696,-0.1269868016242981,-0.04308358156991687,0.0057756900787353516,-0.13425815105438232,-0.029182021933920055,2
0.0,0.0,0.0,0.060106709599494934,0.010101497173309326,-0.030288480033306087,0.13300268352031708,-0.016999900341033936,-0.04683682862403771,0.1637871414422989,-0.08823341131210327,-0.06153319570901772,0.15114830434322357,-0.15796279907226562,-0.06985715198996445,0.140352264046669,-0.15668708086013794,-0.018609048609761203,0.17758001387119293,-0.19472351670265198,-0.05205423924806496,0.1500038355588913,-0.1264689564704895,-0.06364406067612549,0.1307375282049179,-0.11029446125030518,-0.06655147094014069,0.10403348505496979,-0.1871885061264038,-0.01763327214601418,0.129635289311409,-0.19677746295928955,-0.0487485507476606,0.1026095598936081,-0.11136806011199951,-0.05073993075373551,0.09129615128040314,-0.11606541275978088,-0.045403038893965686,0.06287549436092377,-0.19904756546020508,-0.022382708077458346,0.08202700316905975,-0.19050997495651245,-0.05647509712460419,0.06487645208835602,-0.11190041899681091,-0.04412855747821709,0.05413343012332916,-0.11562204360961914,-0.028675462861684764,0.01705937087535858,-0.2023961842060089,-0.029372444187430347,0.03836427628993988,-0.18482103943824768,-0.049226483141211475,0.032995209097862244,-0.1239890456199646,-0.0370392480838575,0.02218519151210785,-0.1189403235912323,-0.02264158967616936,2
0.0,0.0,0.0,0.06171892583370209,0.0013922452926635742,-0.032161568283612496,0.1344103366136551,-0.03690981864929199,-0.04771055746036268,0.15335316956043243,-0.1150093674659729,-0.060179614454085595,0.1396452635526657,-0.18382278084754944,-0.06551816406803823,0.14056764543056488,-0.17248618602752686,-0.014559292226607567,0.17601074278354645,-0.1801508069038391,-0.045955930828625924,0.14578025043010712,-0.11388713121414185,-0.0585369849498818,0.1266096979379654,-0.11285537481307983,-0.0645101899202416,0.1064949482679367,-0.20508310198783875,-0.013252653173680073,0.13402311503887177,-0.19117620587348938,-0.04487328696208692,0.10582704842090607,-0.11040881276130676,-0.05021183285074926,0.09248419106006622,-0.12221148610115051,-0.04771055746036268,0.0677005797624588,-0.21469712257385254,-0.017835219382817513,0.08992485702037811,-0.18533474206924438,-0.054467738598162896,0.07097335159778595,-0.10666096210479736,-0.04606792795615888,0.05737857520580292,-0.11714479327201843,-0.033057549029166466,0.02564994990825653,-0.2127774953842163,-0.024713731362993485,0.050225064158439636,-0.17230525612831116,-0.048942529588515526,0.041831955313682556,-0.11469018459320068,-0.04147602710085607,0.02708931267261505,-0.12158152461051941,-0.030014947980220086,2
0.0,0.0,0.0,0.05406755208969116,0.0032295584678649902,-0.030285693326419505,0.11991730332374573,-0.034763455390930176,-0.04794015324992529,0.13750311732292175,-0.10412687063217163,-0.06206372714919439,0.11453837156295776,-0.1628800332546234,-0.06902605257315031,0.12907761335372925,-0.18521419167518616,-0.018250818916982325,0.16224238276481628,-0.16542655229568481,-0.05238278172296873,0.13339442014694214,-0.10025763511657715,-0.07028590849918714,0.11301198601722717,-0.10305169224739075,-0.08082884512228361,0.09143772721290588,-0.222520649433136,-0.01912939696890703,0.11660867929458618,-0.18006116151809692,-0.0514213140992581,0.09043240547180176,-0.10384970903396606,-0.05831733680648199,0.07629126310348511,-0.1166854202747345,-0.05798580087108007,0.05001416802406311,-0.22887647151947021,-0.025760182732170733,0.0691949725151062,-0.1652376353740692,-0.05825102663916937,0.05262252688407898,-0.09820187091827393,-0.05215070358795515,0.03989773988723755,-0.11658650636672974,-0.043066531041091594,0.0095672607421875,-0.21946686506271362,-0.03534166849536291,0.027152061462402344,-0.15167319774627686,-0.05599656290692678,0.017647624015808105,-0.10396823287010193,-0.05278062782568327,0.004342496395111084,-0.12084203958511353,-0.04628246239704481,2
0.0,0.0,0.0,0.052281856536865234,0.000968635082244873,-0.03301794510542777,0.116209477186203,-0.04566377401351929,-0.05034161042630103,0.131705641746521,-0.12149780988693237,-0.06481010150372413,0.11472880840301514,-0.18577033281326294,-0.07132618557869819,0.13242995738983154,-0.1863866150379181,-0.015527882242793112,0.16472271084785461,-0.19903284311294556,-0.0517779482549372,0.14035731554031372,-0.12781301140785217,-0.0663515446728411,0.12094202637672424,-0.11868831515312195,-0.07209690343796638,0.09359613060951233,-0.22290387749671936,-0.01466082278847125,0.11701911687850952,-0.20796066522598267,-0.04848487731277373,0.09299400448799133,-0.12037917971611023,-0.052233372444504766,0.0820433497428894,-0.13458937406539917,-0.04711860101878074,0.051440030336380005,-0.23061293363571167,-0.020756509715909033,0.06613138318061829,-0.18599441647529602,-0.05752330329477218,0.05222013592720032,-0.10964000225067139,-0.04953585621177581,0.04245275259017944,-0.12690836191177368,-0.036643833482855825,0.008609861135482788,-0.22350919246673584,-0.029865004683131247,0.021890908479690552,-0.1656729280948639,-0.05373977553307441,0.01705673336982727,-0.11408045887947083,-0.04936069306194213,0.00741422176361084,-0.13073691725730896,-0.04021716546475318,2
0.0,0.0,0.0,0.05347374081611633,-0.005440056324005127,-0.03844321624580971,0.11134079098701477,-0.04298686981201172,-0.06481411786023727,0.13754555583000183,-0.10871869325637817,-0.09048311890308014,0.16689905524253845,-0.16257703304290771,-0.11045682163182846,0.13864052295684814,-0.18431642651557922,-0.01510045969132534,0.167679101228714,-0.2175159454345703,-0.05454650999251953,0.17073175311088562,-0.20686990022659302,-0.07131158293429962,0.16304996609687805,-0.19253429770469666,-0.07648548961822144,0.09490248560905457,-0.21497192978858948,-0.012974745717087899,0.1213596761226654,-0.21440806984901428,-0.05105712742749802,0.09910616278648376,-0.13295382261276245,-0.05262133584562889,0.09046632051467896,-0.1386227011680603,-0.042955347459951554,0.05371883511543274,-0.224890798330307,-0.019321807783285294,0.06835761666297913,-0.19471770524978638,-0.06040224910918823,0.05577683448791504,-0.12639683485031128,-0.04861054674927345,0.048037201166152954,-0.13839468359947205,-0.03086283722166172,0.009820103645324707,-0.22240620851516724,-0.029519225593844567,0.024550527334213257,-0.1869489550590515,-0.05454650999251953,0.019961804151535034,-0.13448622822761536,-0.0452816012615358,0.011237531900405884,-0.14214760065078735,-0.031283971976677094,2
0.0,0.0,0.0,0.0639311671257019,-0.01662808656692505,-0.02766092808477083,0.12140265107154846,-0.08422958850860596,-0.04059217253259817,0.14438369870185852,-0.16299518942832947,-0.05354235076836744,0.18007314205169678,-0.20575743913650513,-0.05903292202881971,0.1180320680141449,-0.182933509349823,-5.186961087133568e-05,0.14910033345222473,-0.2216518521308899,-0.033624825417319926,0.14574399590492249,-0.17300546169281006,-0.039115396677772196,0.14015048742294312,-0.1610870063304901,-0.03593465068868795,0.07783958315849304,-0.20312559604644775,0.00032590306338420305,0.11957374215126038,-0.2271917164325714,-0.03642691427401701,0.09622123837471008,-0.13462552428245544,-0.033378699212590845,0.08250722289085388,-0.14718231558799744,-0.019055878161708506,0.038753628730773926,-0.20872196555137634,-0.007175413309852274,0.06927961111068726,-0.20257818698883057,-0.05289862805537382,0.05319330096244812,-0.11872589588165283,-0.03994844981960455,0.03801795840263367,-0.13338014483451843,-0.018090294092218073,-0.004153445363044739,-0.20700940489768982,-0.016073926701466235,0.022498637437820435,-0.1905916929244995,-0.04362145194343725,0.020670026540756226,-0.1320900321006775,-0.03377629199556509,0.006971105933189392,-0.13993656635284424,-0.018024028628389033,2
0.0,0.0,0.0,0.0694240927696228,-0.019755959510803223,-0.02678379117733698,0.12703830003738403,-0.09574395418167114,-0.03724754675513964,0.15157955884933472,-0.17043420672416687,-0.04728182106501322,0.19107913970947266,-0.21022406220436096,-0.049116880439584065,0.11788693070411682,-0.19610118865966797,-0.0015455956267089732,0.15388450026512146,-0.23169201612472534,-0.035022043429677296,0.14373779296875,-0.1748439073562622,-0.04060531853920679,0.13021758198738098,-0.17444178462028503,-0.03871169015056353,0.07551085948944092,-0.21410217881202698,-0.0017822989424587377,0.12038785219192505,-0.23791566491127014,-0.03908260985500078,0.10006743669509888,-0.1433660387992859,-0.03724754675513964,0.08361110091209412,-0.1629076600074768,-0.025085382901494313,0.03426319360733032,-0.2166900634765625,-0.009594731770818044,0.07115623354911804,-0.2132491171360016,-0.05587146877533655,0.057846248149871826,-0.12560760974884033,-0.04318221359736185,0.038651466369628906,-0.14527714252471924,-0.022410879649584103,-0.009190410375595093,-0.2125558853149414,-0.018750517435734082,0.025631368160247803,-0.19710427522659302,-0.047672257565324117,0.023886799812316895,-0.13547825813293457,-0.03791129290348749,0.0030593574047088623,-0.14507752656936646,-0.02266466505116682,2
0.0,0.0,0.0,-0.04084426164627075,-0.011416256427764893,-0.021150121145126377,-0.07959610223770142,-0.05579578876495361,-0.03548249942826942,-0.100319504737854,-0.10436666011810303,-0.04946672139334396,-0.12572386860847473,-0.13306057453155518,-0.0616811622457476,-0.08184677362442017,-0.16435369849205017,-0.004645398497757469,-0.09472924470901489,-0.1748802661895752,-0.030666356586095844,-0.1123308539390564,-0.1790161430835724,-0.0448826846258612,-0.12290295958518982,-0.17357364296913147,-0.051758747227665935,-0.04334604740142822,-0.1833127737045288,-0.008116067998287235,-0.06459945440292358,-0.20253148674964905,-0.040298644133088146,-0.0631856918334961,-0.12347650527954102,-0.041923366166827236,-0.05619770288467407,-0.0813644528388977,-0.03266824749874786,-0.005817115306854248,-0.18569371104240417,-0.017146337457177196,-0.02553701400756836,-0.19303959608078003,-0.051961838878867184,-0.03181725740432739,-0.11971396207809448,-0.04090791536140159,-0.03173220157623291,-0.08068382740020752,-0.022745830618021046,0.033141493797302246,-0.17208921909332275,-0.028098713286397015,0.012485742568969727,-0.18188408017158508,-0.048944491572854076,-0.0011567473411560059,-0.13030600547790527,-0.03948628497886375,-0.008610844612121582,-0.0990438461303711,-0.02632892286050037,2
0.0,0.0,0.0,-0.03587019443511963,-0.016507625579833984,-0.03375245612278377,-0.06804406642913818,-0.042340099811553955,-0.05884636175051128,-0.07741457223892212,-0.08020198345184326,-0.0805760284902135,-0.06957709789276123,-0.1214832067489624,-0.09739721920504962,-0.06776660680770874,-0.18291112780570984,-0.024128528127221216,-0.0706789493560791,-0.19259101152420044,-0.05622666310682689,-0.0715799331665039,-0.17942571640014648,-0.07346149142995273,-0.06658554077148438,-0.14452305436134338,-0.0805760284902135,-0.024101614952087402,-0.19605529308319092,-0.022087925860432733,-0.0323982834815979,-0.19502273201942444,-0.05523394029751216,-0.035525381565093994,-0.11517328023910522,-0.05702636372461711,-0.03570151329040527,-0.07308614253997803,-0.04905697684898769,0.015443861484527588,-0.19090336561203003,-0.026348374599365343,0.010105729103088379,-0.17672905325889587,-0.05741242300882732,-0.0007609128952026367,-0.11455446481704712,-0.04538940619841014,-0.00876152515411377,-0.08257448673248291,-0.02928518671706115,0.05151772499084473,-0.1685783565044403,-0.03427639212623035,0.04715299606323242,-0.15764614939689636,-0.053634550237802614,0.031585097312927246,-0.11200284957885742,-0.04478274267330562,0.017316222190856934,-0.089927077293396,-0.03256669994607364,2
0.0,0.0,0.0,-0.040598273277282715,-0.006534159183502197,-0.02244579705813976,-0.08529025316238403,-0.05419260263442993,-0.035983148100172,-0.11218592524528503,-0.1005164384841919,-0.04866444233277889,-0.1436595916748047,-0.12361794710159302,-0.05972067553022953,-0.08187472820281982,-0.17872267961502075,-0.003996979980115611,-0.10443165898323059,-0.17610487341880798,-0.03302321496823879,-0.1244857907295227,-0.17155465483665466,-0.05264004233697506,-0.13997480273246765,-0.1643824577331543,-0.06343510288218113,-0.045322954654693604,-0.1999589204788208,-0.007363181630466897,-0.07531827688217163,-0.20037609338760376,-0.03952346655944439,-0.06987124681472778,-0.11859631538391113,-0.04405042815426441,-0.058866024017333984,-0.078305184841156,-0.03789840179899784,-0.006360888481140137,-0.20156508684158325,-0.016598471509610135,-0.036318302154541016,-0.18907874822616577,-0.051044001313243825,-0.03764331340789795,-0.11204296350479126,-0.04033599707702251,-0.03156447410583496,-0.07733786106109619,-0.023287347587142904,0.03340357542037964,-0.18662947416305542,-0.02824959072688671,0.004881441593170166,-0.17630577087402344,-0.04979618180016132,-0.006520569324493408,-0.12125450372695923,-0.04065520230153652,-0.007805764675140381,-0.09461474418640137,-0.027857833611165006,2
0.0,0.0,0.0,-0.050867557525634766,-0.008153319358825684,-0.009893704430794514,-0.1020193099975586,-0.07552438974380493,-0.017759576664900578,-0.13943928480148315,-0.12546885013580322,-0.028427709119057454,-0.18637871742248535,-0.14211690425872803,-0.03807410992834548,-0.07093852758407593,-0.19961833953857422,0.008910760989749633,-0.1233910620212555,-0.19614875316619873,-0.019322233499622143,-0.16264593601226807,-0.18024349212646484,-0.03972692065093497,-0.1976359486579895,-0.16843447089195251,-0.05270898364636878,-0.04184091091156006,-0.21857017278671265,-0.0010981282607076537,-0.11102089285850525,-0.2086804211139679,-0.029434424118733205,-0.09595781564712524,-0.12577089667320251,-0.031192412824964322,-0.0722699761390686,-0.10096746683120728,-0.025602909030055798,-0.010367274284362793,-0.21591755747795105,-0.016707789377903737,-0.08428430557250977,-0.20095977187156677,-0.04754020296189765,-0.07388520240783691,-0.12178769707679749,-0.032364402191376485,-0.051089346408843994,-0.09984833002090454,-0.015047465676104821,0.01725858449935913,-0.19522309303283691,-0.034588184432720936,-0.0451698899269104,-0.1797037124633789,-0.058238391058182515,-0.047615766525268555,-0.12307286262512207,-0.049914237336849965,-0.03231912851333618,-0.10169965028762817,-0.0384046698376892,2
0.0,0.0,0.0,-0.0846359133720398,-0.07193374633789062,0.018818574557371903,-0.1349380612373352,-0.15488576889038086,0.015915507981844712,-0.17852085828781128,-0.20251506567001343,0.002570383316196967,-0.22860240936279297,-0.2343134880065918,-0.010561976981989574,-0.049627602100372314,-0.2671349048614502,0.04130552762217121,-0.13840842247009277,-0.27762651443481445,0.01744742185837822,-0.19201892614364624,-0.27363818883895874,-0.00949342123203678,-0.23959797620773315,-0.27245426177978516,-0.02952174789243145,-0.030739128589630127,-0.27310603857040405,0.012776035415299702,-0.13717401027679443,-0.27855348587036133,-0.01365416909538908,-0.1325337290763855,-0.2036745846271515,-0.026022936617664527,-0.1097368597984314,-0.1673223376274109,-0.03044846042030258,-0.01861172914505005,-0.2584444284439087,-0.019082052102021407,-0.12719827890396118,-0.2604720890522003,-0.03998035511904163,-0.12043052911758423,-0.18328210711479187,-0.02723333745234413,-0.09247326850891113,-0.15575814247131348,-0.01590475573175354,-0.015890896320343018,-0.22469234466552734,-0.05204652196698589,-0.10398894548416138,-0.21684956550598145,-0.06713868624501629,-0.10291564464569092,-0.16179466247558594,-0.05666117317014141,-0.07875323295593262,-0.14210259914398193,-0.046297124987177085,2
0.0,0.0,0.0,-0.08889520168304443,-0.08223998546600342,0.01813500471394036,-0.14026319980621338,-0.16468167304992676,0.01074509326349471,-0.1881725788116455,-0.20619046688079834,-0.006331965290200969,-0.23874950408935547,-0.24174544215202332,-0.02442202247698333,-0.05040866136550903,-0.2826508581638336,0.017980010285782555,-0.14299172163009644,-0.3115653991699219,-0.009442923553478977,-0.20155024528503418,-0.29157400131225586,-0.03376597255487468,-0.24531468749046326,-0.2690393328666687,-0.04964181870241191,-0.032152771949768066,-0.2797187864780426,-0.011402495168340465,-0.1454586386680603,-0.32448846101760864,-0.03863722175378825,-0.20414403080940247,-0.2949591279029846,-0.05495591551084544,-0.2375008463859558,-0.27335548400878906,-0.06514125406761195,-0.025009453296661377,-0.25156718492507935,-0.04195853039641406,-0.14086765050888062,-0.25556856393814087,-0.06372416108865764,-0.13442742824554443,-0.18828177452087402,-0.05708155125398662,-0.10520625114440918,-0.1606748104095459,-0.051634606868219635,-0.03208714723587036,-0.2072078287601471,-0.07262527287025478,-0.12277275323867798,-0.20445287227630615,-0.08777043312807109,-0.12123191356658936,-0.1548328995704651,-0.07882504999656703,-0.09545540809631348,-0.13523131608963013,-0.07125247359294917,2
0.0,0.0,0.0,-0.06813663244247437,-0.04398488998413086,-0.005248283628816353,-0.11784577369689941,-0.11878663301467896,-0.01035599842339252,-0.15467435121536255,-0.17781490087509155,-0.02259718313484882,-0.1978820562362671,-0.19949162006378174,-0.035141688432986484,-0.09305059909820557,-0.20505666732788086,0.021871899593179478,-0.13799822330474854,-0.25599950551986694,0.00048334010739381483,-0.17621394991874695,-0.27912217378616333,-0.021102240901882396,-0.212492436170578,-0.3019085228443146,-0.0377632534471104,-0.06876993179321289,-0.22258371114730835,0.007074148267065539,-0.12205994129180908,-0.27596062421798706,-0.02177388280301784,-0.17178642749786377,-0.28235989809036255,-0.044674650427396045,-0.2133493721485138,-0.28751733899116516,-0.05854076951413845,-0.03672999143600464,-0.22794562578201294,-0.012197592888469444,-0.09084689617156982,-0.27895182371139526,-0.049051140096480594,-0.11832791566848755,-0.22621113061904907,-0.05953739642768596,-0.13063764572143555,-0.17790323495864868,-0.058714092370564686,0.0005450248718261719,-0.22227543592453003,-0.03249846085577701,-0.0511508584022522,-0.256352961063385,-0.060230699029261814,-0.08271938562393188,-0.21638387441635132,-0.06473718642860149,-0.09753280878067017,-0.1723681092262268,-0.06322058349519466,2
0.0,0.0,0.0,-0.054483115673065186,-0.018562495708465576,-0.015602265032725882,-0.09982991218566895,-0.08248263597488403,-0.01977318480123813,-0.1223747730255127,-0.14752763509750366,-0.028042327160733294,-0.15411540865898132,-0.19399195909500122,-0.035511817331212114,-0.09437066316604614,-0.15643703937530518,0.01398491252700751,-0.13363215327262878,-0.21632856130599976,-0.0026101684335344544,-0.16199153661727905,-0.25300148129463196,-0.018028486068146776,-0.1882164478302002,-0.2858780324459076,-0.03007780901600654,-0.0664055347442627,-0.1780415177345276,0.007960250121755053,-0.10519444942474365,-0.22654569149017334,-0.01855553082634742,-0.13990819454193115,-0.22556421160697937,-0.0360933835755759,-0.16889643669128418,-0.22479400038719177,-0.04452609225620563,-0.03339660167694092,-0.18773424625396729,-0.0027964513420783987,-0.06830596923828125,-0.24627405405044556,-0.03831060185541446,-0.07415604591369629,-0.1820402443408966,-0.04194539367665584,-0.07275986671447754,-0.12672191858291626,-0.034857555771964144,0.004291892051696777,-0.1894083023071289,-0.01531148191054399,-0.026999235153198242,-0.2227516770362854,-0.04463513895382221,-0.04263204336166382,-0.17789477109909058,-0.046670618946450304,-0.04833298921585083,-0.13266390562057495,-0.04154556571950252,2
0.0,0.0,0.0,-0.052762389183044434,-0.015515625476837158,-0.01587024871124143,-0.09538203477859497,-0.08005118370056152,-0.020367273873223013,-0.11401593685150146,-0.14572584629058838,-0.028514185732735342,-0.14239442348480225,-0.1886579990386963,-0.03604827616227979,-0.09629088640213013,-0.1541968584060669,0.00792161580310946,-0.13241615891456604,-0.2210313379764557,-0.009138233772052473,-0.15427517890930176,-0.2665376663208008,-0.02370174024118299,-0.17446282505989075,-0.30899059772491455,-0.03500287402285451,-0.06625741720199585,-0.17111462354660034,0.001979281847791725,-0.09628564119338989,-0.2136266827583313,-0.027378665095699972,-0.12078726291656494,-0.21248531341552734,-0.044880104994906134,-0.14431339502334595,-0.213205486536026,-0.05212580580128545,-0.03186410665512085,-0.17752787470817566,-0.007984688317907995,-0.06153744459152222,-0.22251778841018677,-0.045889457500113195,-0.058432698249816895,-0.1572551727294922,-0.04844888467205877,-0.054121315479278564,-0.10451674461364746,-0.03979729655994291,0.0064182281494140625,-0.17604830861091614,-0.019520139134062475,-0.021877169609069824,-0.2064620852470398,-0.04999895933879728,-0.02902764081954956,-0.15738672018051147,-0.05057573485983724,-0.030721545219421387,-0.11301314830780029,-0.04379865694655294,2
0.0,0.0,0.0,-0.04956775903701782,-0.011621952056884766,-0.01845668667964162,-0.08721280097961426,-0.06341522932052612,-0.02633584516159715,-0.0987749695777893,-0.1256604790687561,-0.036463622395316975,-0.12299001216888428,-0.17057406902313232,-0.04547608310393514,-0.10264211893081665,-0.14528560638427734,0.0008859253298538761,-0.1412774920463562,-0.2079453468322754,-0.01623505393079938,-0.16369441151618958,-0.2507692575454712,-0.030401345733920948,-0.18315595388412476,-0.2915738821029663,-0.041122761015216724,-0.07162714004516602,-0.16222253441810608,-0.0037349850594949885,-0.09852617979049683,-0.20724773406982422,-0.03185845205597104,-0.11289656162261963,-0.2009444236755371,-0.04698715398124875,-0.12569379806518555,-0.1968672275543213,-0.052563727293531315,-0.03679293394088745,-0.16846510767936707,-0.01205262394658746,-0.06173515319824219,-0.21354061365127563,-0.0482104052048129,-0.055255115032196045,-0.1476876139640808,-0.048030510936300175,-0.047435104846954346,-0.09689730405807495,-0.037956703845779316,0.0007848739624023438,-0.16532239317893982,-0.02201849820129098,-0.02396857738494873,-0.1973523497581482,-0.05083678701929273,-0.026467978954315186,-0.14538449048995972,-0.04839028829745473,-0.02356785535812378,-0.10130441188812256,-0.039683640394727604,2
0.0,0.0,0.0,-0.05239588022232056,-0.011013805866241455,-0.018321199599604654,-0.09049725532531738,-0.05947375297546387,-0.025799585763316202,-0.10306000709533691,-0.1189541220664978,-0.035474421713452386,-0.12535375356674194,-0.16333961486816406,-0.04420792150865083,-0.10386061668395996,-0.13536196947097778,0.0037566011064242844,-0.137007474899292,-0.18395906686782837,-0.012960817921857881,-0.15847477316856384,-0.21882760524749756,-0.02747306998441701,-0.178466796875,-0.2530938684940338,-0.03842045578728204,-0.07392722368240356,-0.1571425497531891,-0.0007942762118275937,-0.10103940963745117,-0.20749437808990479,-0.028815346095662164,-0.11392730474472046,-0.19959425926208496,-0.04483548018703942,-0.12537223100662231,-0.18921515345573425,-0.05023944589863305,-0.03949081897735596,-0.16723018884658813,-0.009082167666356611,-0.06560587882995605,-0.2143738567829132,-0.04528871390591149,-0.058124542236328125,-0.1491890549659729,-0.04619518879423623,-0.04959195852279663,-0.09651750326156616,-0.036049681041340875,-0.0009096860885620117,-0.1663787066936493,-0.01887902829418664,-0.026589393615722656,-0.19927158951759338,-0.046474101278882074,-0.029622435569763184,-0.1489764153957367,-0.0440336039997149,-0.027960240840911865,-0.10353082418441772,-0.035334965471129465,2
0.0,0.0,0.0,-0.05064272880554199,-0.009098052978515625,-0.012354335543975026,-0.0927283763885498,-0.058608949184417725,-0.018337921035751492,-0.10830467939376831,-0.11113864183425903,-0.02820253631220737,-0.1327463984489441,-0.1485186219215393,-0.037434800324305684,-0.09479719400405884,-0.13300764560699463,0.014386044087544292,-0.12230408191680908,-0.16540688276290894,-0.009153079037830025,-0.14348000288009644,-0.17123734951019287,-0.030210238677724988,-0.16255754232406616,-0.1637926995754242,-0.042082554457053334,-0.06914687156677246,-0.15754041075706482,0.007714781648203939,-0.09831780195236206,-0.20277613401412964,-0.016551540029510647,-0.11834204196929932,-0.1890597641468048,-0.032328600791558415,-0.13402116298675537,-0.1693839132785797,-0.038193619606360585,-0.038258373737335205,-0.16942951083183289,-0.004013281577542216,-0.06679391860961914,-0.22005712985992432,-0.03439953809724727,-0.06906116008758545,-0.15839660167694092,-0.036391432193383366,-0.06530159711837769,-0.10614210367202759,-0.02840804753945747,-0.0017011761665344238,-0.17138269543647766,-0.017215504107340962,-0.027419567108154297,-0.20269843935966492,-0.04009066036091724,-0.03848916292190552,-0.15948081016540527,-0.03885758554683605,-0.04218488931655884,-0.11667251586914062,-0.031696251389846,2
0.0,0.0,0.0,-0.05424916744232178,-0.017309606075286865,-0.005771330204595415,-0.10234200954437256,-0.07713711261749268,-0.007532802522916882,-0.13285478949546814,-0.1263502836227417,-0.01490622071622738,-0.17093020677566528,-0.14543437957763672,-0.023118434120704023,-0.0808403491973877,-0.15606188774108887,0.02372633328587881,-0.1134461760520935,-0.1739259958267212,0.0019755513679342585,-0.14585664868354797,-0.16928106546401978,-0.01933186838476786,-0.1782982349395752,-0.16265496611595154,-0.03332778217344412,-0.05657130479812622,-0.17819297313690186,0.013093593883525045,-0.09816855192184448,-0.2089320719242096,-0.01246172899453768,-0.13475707173347473,-0.18580320477485657,-0.03035604545920023,-0.16299575567245483,-0.16719812154769897,-0.03837653400449881,-0.02642357349395752,-0.18729200959205627,-0.002090613004554598,-0.07329219579696655,-0.21439716219902039,-0.03713032381682524,-0.08329302072525024,-0.14259159564971924,-0.04058137314467558,-0.080852210521698,-0.08830738067626953,-0.03262479009180197,0.0073264241218566895,-0.18403244018554688,-0.017973817531753866,-0.03811764717102051,-0.19408291578292847,-0.04460759611873755,-0.05466049909591675,-0.14258509874343872,-0.04387264477162489,-0.05699843168258667,-0.09855788946151733,-0.03661905752568373,2
0.0,0.0,0.0,-0.05460631847381592,-0.028801143169403076,-0.004609239339089299,-0.09644067287445068,-0.09492069482803345,-0.00534285796359768,-0.12306445837020874,-0.15098035335540771,-0.01284614350200286,-0.16045185923576355,-0.17920026183128357,-0.020948553043609763,-0.07314962148666382,-0.16055074334144592,0.03377938498258004,-0.10543286800384521,-0.1892491579055786,0.01271638408749709,-0.13860276341438293,-0.19342535734176636,-0.009650827902561332,-0.1718127727508545,-0.1937914490699768,-0.024437315347796584,-0.048874855041503906,-0.18119406700134277,0.02248165984153161,-0.08697915077209473,-0.22183647751808167,-0.004564406867331172,-0.1271781623363495,-0.21022647619247437,-0.025545896548038627,-0.16049635410308838,-0.19931697845458984,-0.03511554147601714,-0.018095433712005615,-0.19023612141609192,0.006007849653059338,-0.06457674503326416,-0.23054257035255432,-0.0301921456635057,-0.07268470525741577,-0.15929758548736572,-0.03498511906266799,-0.067943274974823,-0.10177814960479736,-0.027029435667401458,0.017392456531524658,-0.18930292129516602,-0.011313696908956672,-0.02953892946243286,-0.20946764945983887,-0.038734724330907966,-0.046820878982543945,-0.16007846593856812,-0.03870212059021583,-0.04791301488876343,-0.11494266986846924,-0.03149635489583602,2
0.0,0.0,0.0,-0.05663430690765381,-0.02133047580718994,-0.008516689856577386,-0.09901583194732666,-0.08975589275360107,-0.009658115078735818,-0.11749905347824097,-0.15676605701446533,-0.016394921672571172,-0.15023398399353027,-0.19292208552360535,-0.023498901260126104,-0.08326190710067749,-0.15153425931930542,0.03652573274351312,-0.10732764005661011,-0.1856350302696228,0.021934636774432192,-0.129339337348938,-0.19930154085159302,0.004813248663168679,-0.1518372893333435,-0.2071542739868164,-0.006764640660065879,-0.05497729778289795,-0.17216193675994873,0.029070542099844943,-0.08230507373809814,-0.213629812002182,0.007962147611152659,-0.11246341466903687,-0.2187976837158203,-0.011150749494362344,-0.14260709285736084,-0.22316855192184448,-0.020353992563713064,-0.022245824337005615,-0.17989659309387207,0.016227506938349734,-0.05777633190155029,-0.22015193104743958,-0.01794342985473918,-0.06003832817077637,-0.15166854858398438,-0.024041676056612005,-0.0568811297416687,-0.09611129760742188,-0.017225048598874082,0.01630842685699463,-0.1801387071609497,0.0026720775281603437,-0.01921790838241577,-0.20693588256835938,-0.02491969717763709,-0.029622256755828857,-0.15570640563964844,-0.02549439957462596,-0.0305137038230896,-0.10944628715515137,-0.01874162918053912,2
0.0,0.0,0.0,-0.05365258455276489,-0.024331092834472656,-0.012186436277289658,-0.08644479513168335,-0.09344369173049927,-0.016166294288296967,-0.0945616364479065,-0.16045650839805603,-0.024419099387188226,-0.11912190914154053,-0.20156002044677734,-0.0322091321613982,-0.08350765705108643,-0.15129733085632324,0.025946158621053428,-0.10297757387161255,-0.183879554271698,0.005614944904635877,-0.1118624210357666,-0.20398372411727905,-0.012548942413587838,-0.11430448293685913,-0.2091197371482849,-0.021920120638270646,-0.05153501033782959,-0.17015114426612854,0.02082479156885597,-0.07168549299240112,-0.21702420711517334,-0.00020588683040045908,-0.08763903379440308,-0.22441598773002625,-0.014669991393049031,-0.10067594051361084,-0.22928178310394287,-0.01974508195783642,-0.016325950622558594,-0.17611873149871826,0.00968735821876976,-0.03865039348602295,-0.21966132521629333,-0.022475447800417214,-0.04164469242095947,-0.155084490776062,-0.024866450872679025,-0.03831660747528076,-0.10252517461776733,-0.01574979751970318,0.0243685245513916,-0.17228710651397705,-0.002614722881872922,0.0011724233627319336,-0.2031060755252838,-0.02687180630530861,-0.010338187217712402,-0.1560596227645874,-0.025282945778627663,-0.014981627464294434,-0.11236029863357544,-0.017122693654556542,2
0.0,0.0,0.0,-0.05116987228393555,-0.026208043098449707,-0.015976456671246808,-0.07872456312179565,-0.08813601732254028,-0.02290108029473714,-0.08157020807266235,-0.14936327934265137,-0.033159775405415814,-0.09914255142211914,-0.19138067960739136,-0.04248312276531152,-0.07406997680664062,-0.14724504947662354,0.017650952816715915,-0.0923725962638855,-0.18224799633026123,-0.00920269892294101,-0.09712046384811401,-0.1973573863506317,-0.032073562710770886,-0.09452188014984131,-0.19365370273590088,-0.043177095919141095,-0.04149806499481201,-0.1650327742099762,0.01366062115203448,-0.0576251745223999,-0.21603038907051086,-0.013215659863540452,-0.07009202241897583,-0.22034841775894165,-0.030776137232074063,-0.07887351512908936,-0.2156062126159668,-0.03672014710236482,-0.006445705890655518,-0.16857025027275085,0.003618788693806607,-0.024407148361206055,-0.20972642302513123,-0.032284768044242185,-0.02990168333053589,-0.14559614658355713,-0.034909790127763074,-0.029378771781921387,-0.09133404493331909,-0.024786868809947293,0.03262686729431152,-0.1597958207130432,-0.00782984376628093,0.012743473052978516,-0.19066131114959717,-0.03388391968537263,0.000580132007598877,-0.14470362663269043,-0.031560627489575666,-0.005962789058685303,-0.10189002752304077,-0.022071331485399526,2
0.0,0.0,0.0,-0.049811601638793945,-0.020056843757629395,-0.005009258333188882,-0.09363585710525513,-0.08234924077987671,-0.009177755266023269,-0.12417775392532349,-0.12652546167373657,-0.018553081601453414,-0.1623895764350891,-0.14514625072479248,-0.02861810632009565,-0.06808215379714966,-0.18110984563827515,0.021100687161492715,-0.1042831540107727,-0.1910761594772339,-0.004323351364178052,-0.1379300057888031,-0.17636817693710327,-0.028511998876524558,-0.16942673921585083,-0.1594889760017395,-0.042866786643458,-0.04154062271118164,-0.19887834787368774,0.009193945974516282,-0.09062743186950684,-0.21289831399917603,-0.015809453725410094,-0.12675327062606812,-0.18442854285240173,-0.03274113096256315,-0.1533021330833435,-0.1639770269393921,-0.039380406662417045,-0.009988605976104736,-0.20090153813362122,-0.007154139391673198,-0.0642426609992981,-0.1904047131538391,-0.03707636304159223,-0.06325715780258179,-0.12227755784988403,-0.03774332411546766,-0.05327498912811279,-0.07911324501037598,-0.029436647593570342,0.023622214794158936,-0.18785470724105835,-0.024843720420790305,-0.02451688051223755,-0.1823824644088745,-0.045959049537373176,-0.034743666648864746,-0.13084149360656738,-0.04122970409650861,-0.03254830837249756,-0.09384185075759888,-0.03177100576419889,2
0.0,0.0,0.0,-0.07844895124435425,-0.0646136999130249,0.020270883835735276,-0.12229478359222412,-0.13567912578582764,0.016637060589971497,-0.16554194688796997,-0.17450708150863647,0.0052533762379312066,-0.21029970049858093,-0.1964336633682251,-0.006483357600984618,-0.031564414501190186,-0.2457846701145172,0.01982311511773105,-0.12320643663406372,-0.2515502870082855,0.0008940794238583294,-0.1774483025074005,-0.2317916452884674,-0.02026949843030934,-0.21964716911315918,-0.21976882219314575,-0.03585533072811131,-0.021662414073944092,-0.24050813913345337,-0.004113191940007255,-0.12927299737930298,-0.23617374897003174,-0.022766676001367614,-0.130559504032135,-0.17628100514411926,-0.030774867363390968,-0.1117735505104065,-0.1425376534461975,-0.036061994932708785,-0.02439403533935547,-0.21774029731750488,-0.028656570442137763,-0.13318085670471191,-0.2171931266784668,-0.04384629821043973,-0.12594938278198242,-0.1535465121269226,-0.03365092372160916,-0.09861618280410767,-0.12213873863220215,-0.026710493691382453,-0.03572416305541992,-0.18357554078102112,-0.05318057184678082,-0.12358546257019043,-0.18618792295455933,-0.06675145050149922,-0.12662595510482788,-0.13665229082107544,-0.05869158750039105,-0.10968875885009766,-0.10568040609359741,-0.05097616856556897,2
0.0,0.0,0.0,-0.06869423389434814,-0.03454303741455078,-0.0034182275539791362,-0.11854994297027588,-0.10407817363739014,-0.009097269399703123,-0.1631871461868286,-0.14427542686462402,-0.0219574539350873,-0.21043485403060913,-0.16465651988983154,-0.035331650300562956,-0.09408682584762573,-0.20344331860542297,0.022117500529944323,-0.1451418101787567,-0.23822081089019775,-0.0009798077062299626,-0.18518704175949097,-0.2504633963108063,-0.0254107905911809,-0.22205698490142822,-0.26173901557922363,-0.04351585604125319,-0.06981456279754639,-0.22487667202949524,0.004256962669401787,-0.12292510271072388,-0.2873230576515198,-0.017406236975133993,-0.16741716861724854,-0.3181351125240326,-0.04100070766979513,-0.2078266143798828,-0.34493523836135864,-0.05876643083864508,-0.04023200273513794,-0.22573000192642212,-0.01867378935092745,-0.09588652849197388,-0.2792057394981384,-0.04942445702725706,-0.14910930395126343,-0.2593787908554077,-0.06878709293776808,-0.19082769751548767,-0.2381182312965393,-0.07856821514540968,-0.013394176959991455,-0.20794907212257385,-0.04239801190668402,-0.06836754083633423,-0.234914630651474,-0.06711032487326918,-0.11241698265075684,-0.21504923701286316,-0.07780968643599806,-0.14727044105529785,-0.1911361813545227,-0.08415743209296522,2
0.0,0.0,0.0,-0.05769944190979004,-0.024225294589996338,-0.013959736744340034,-0.11141914129257202,-0.09300625324249268,-0.019435852947111698,-0.1490306258201599,-0.14384496212005615,-0.027380533697481724,-0.19042962789535522,-0.16331535577774048,-0.03565938602613983,-0.09657227993011475,-0.18739056587219238,0.005880402685676245,-0.14445459842681885,-0.23431706428527832,-0.013604005048449608,-0.17940086126327515,-0.25803476572036743,-0.0330291261844593,-0.20999258756637573,-0.28309229016304016,-0.0482070205681282,-0.0710763931274414,-0.21233931183815002,-0.004120514909203621,-0.11791163682937622,-0.28936541080474854,-0.020653965132709118,-0.15060168504714966,-0.3381798565387726,-0.03824652563261566,-0.1793665587902069,-0.3818594813346863,-0.051656538801665874,-0.039615094661712646,-0.2155020833015442,-0.01892920415329513,-0.07668977975845337,-0.29418477416038513,-0.03954009543585357,-0.10824596881866455,-0.3362710177898407,-0.054847346799846264,-0.13874539732933044,-0.37188512086868286,-0.0649371949903923,-0.002657771110534668,-0.20535063743591309,-0.03578873928117332,-0.03366231918334961,-0.2599244713783264,-0.05402808840798912,-0.06131088733673096,-0.2885400354862213,-0.06273813377546844,-0.08972108364105225,-0.30980920791625977,-0.06903350930141983,2
0.0,0.0,0.0,-0.057131409645080566,-0.02235943078994751,-0.011266827682419489,-0.10153317451477051,-0.09311056137084961,-0.010549131879969309,-0.1203000545501709,-0.15745681524276733,-0.012377783755226801,-0.14535969495773315,-0.20304995775222778,-0.01357722292320318,-0.09989041090011597,-0.16369318962097168,0.01992840868754797,-0.13295984268188477,-0.20617979764938354,0.007378543627993395,-0.15834230184555054,-0.22827541828155518,-0.008400956267877291,-0.18487384915351868,-0.2522215247154236,-0.0215308778979022,-0.07673400640487671,-0.18867820501327515,0.012210708943740656,-0.11163073778152466,-0.2510868310928345,0.0007717996659550863,-0.13696768879890442,-0.2941220998764038,-0.01587778526024408,-0.16282880306243896,-0.33632004261016846,-0.02888481328861303,-0.04867440462112427,-0.19531121850013733,-0.0007502339257996482,-0.07884961366653442,-0.26270386576652527,-0.017971886421008776,-0.10356569290161133,-0.30560293793678284,-0.033505600044890116,-0.12976771593093872,-0.34359052777290344,-0.0441235826410491,-0.015432178974151611,-0.19267934560775757,-0.015651660139127443,-0.045463502407073975,-0.23973703384399414,-0.032542117039128016,-0.06938910484313965,-0.2668185234069824,-0.04196066046731062,-0.09385913610458374,-0.29021042585372925,-0.04884268725888319,2
0.0,0.0,0.0,-0.06170487403869629,-0.031008243560791016,-0.004101554365206539,-0.10227543115615845,-0.10321003198623657,0.0004528971653599001,-0.12109130620956421,-0.16479814052581787,0.00032925862205956946,-0.14877831935882568,-0.2131868302822113,0.0005252357545941777,-0.09816068410873413,-0.164517343044281,0.0414274018580727,-0.12412160634994507,-0.20269805192947388,0.03430766429255527,-0.14840903878211975,-0.21756917238235474,0.01945951211700958,-0.17429301142692566,-0.23075178265571594,0.006308291605364502,-0.07533925771713257,-0.1840217113494873,0.0321311671609692,-0.10630452632904053,-0.23255103826522827,0.02488231475899738,-0.13257679343223572,-0.2595909535884857,0.006234511299680889,-0.1625646948814392,-0.2852032780647278,-0.00910243109365183,-0.04921901226043701,-0.18944191932678223,0.01712623055527729,-0.07968050241470337,-0.24334532022476196,0.0037213925129435665,-0.10884636640548706,-0.2699085474014282,-0.01333553620179373,-0.14014050364494324,-0.2894784212112427,-0.025822741878528177,-0.017621278762817383,-0.18897074460983276,0.0005765356795564003,-0.05339992046356201,-0.22686973214149475,-0.013944219765562593,-0.08215874433517456,-0.2431682050228119,-0.024992719260353624,-0.11087161302566528,-0.2553839683532715,-0.033477375251550257,2
0.0,0.0,0.0,-0.05615532398223877,-0.030522286891937256,0.0014359103632557435,-0.0925065279006958,-0.09197431802749634,0.004821486433542077,-0.10699963569641113,-0.14597147703170776,0.0028375947266283674,-0.12728136777877808,-0.1881881058216095,0.0001975979219821511,-0.07519018650054932,-0.15327399969100952,0.03569842003057033,-0.10594707727432251,-0.17810210585594177,0.024979422462678258,-0.13418692350387573,-0.1829993724822998,0.008605834690428082,-0.16107773780822754,-0.1867150068283081,-0.004645366559230979,-0.05344003438949585,-0.17233306169509888,0.023799056781030004,-0.09249228239059448,-0.20854699611663818,0.01209110360363752,-0.12629854679107666,-0.2180056869983673,-0.007181557232939895,-0.16167080402374268,-0.22463876008987427,-0.02172478042771786,-0.02906125783920288,-0.17944902181625366,0.007600928784853522,-0.06864047050476074,-0.22139811515808105,-0.011356703343295749,-0.10442084074020386,-0.2246549129486084,-0.028168940322899516,-0.14010635018348694,-0.22069591283798218,-0.03828180708219975,-0.004981398582458496,-0.17774230241775513,-0.00890026647826403,-0.05137300491333008,-0.20075294375419617,-0.027913726272487338,-0.08326208591461182,-0.20206916332244873,-0.03911125041773289,-0.11267668008804321,-0.1995803415775299,-0.046002035366797145,2
0.0,0.0,0.0,-0.051679372787475586,-0.030088722705841064,0.00015309339795521737,-0.08795857429504395,-0.09121972322463989,0.0006125676038095662,-0.10360008478164673,-0.13969844579696655,-0.003974552190641134,-0.12358736991882324,-0.17698609828948975,-0.008711733779648512,-0.06689256429672241,-0.1683666706085205,0.027470726595481665,-0.09786242246627808,-0.18172991275787354,0.011136408039590151,-0.12733525037765503,-0.18014663457870483,-0.008383979013899534,-0.15550795197486877,-0.1763918101787567,-0.022317314444819658,-0.04332250356674194,-0.18612951040267944,0.015435313881596358,-0.08293241262435913,-0.21133661270141602,-0.0002963766863217643,-0.11768448352813721,-0.20910197496414185,-0.01797267600778696,-0.152205228805542,-0.203821063041687,-0.029466913937369554,-0.017938435077667236,-0.19058841466903687,-0.0007470376847891202,-0.061522603034973145,-0.21694236993789673,-0.019725775270501344,-0.09812909364700317,-0.2080191671848297,-0.030945615767279833,-0.13231462240219116,-0.195906400680542,-0.03628113672021982,0.00539785623550415,-0.18075013160705566,-0.017865965067187517,-0.04205900430679321,-0.19187727570533752,-0.03481767877821085,-0.0740814208984375,-0.18645024299621582,-0.04189105883125421,-0.10318243503570557,-0.17914548516273499,-0.04500090882066843,2
0.0,0.0,0.0,-0.05697929859161377,-0.03484112024307251,0.001837836752002886,-0.09276604652404785,-0.09844696521759033,0.0020519613160843164,-0.11287558078765869,-0.14672130346298218,-0.003505077039534399,-0.1346481442451477,-0.18476706743240356,-0.008482959879273722,-0.05836135149002075,-0.18230509757995605,0.02850142324930971,-0.09292745590209961,-0.2102585732936859,0.008834607141380957,-0.1297311782836914,-0.20541232824325562,-0.012251549226874658,-0.16224300861358643,-0.19615373015403748,-0.025890255173379728,-0.03672891855239868,-0.19673192501068115,0.01556423230684345,-0.08160543441772461,-0.2319629192352295,-0.0033908773341124743,-0.12406021356582642,-0.22461187839508057,-0.021061241453224966,-0.16056153178215027,-0.21197599172592163,-0.03111081366770918,-0.014732956886291504,-0.19766145944595337,-0.0018083961342370003,-0.06762373447418213,-0.2272849678993225,-0.02164855209522898,-0.11369121074676514,-0.2146003544330597,-0.0321059802674597,-0.15150105953216553,-0.19876724481582642,-0.03605402802460844,0.0030715465545654297,-0.18403422832489014,-0.02014764380984957,-0.04976266622543335,-0.19612231850624084,-0.03562985902064497,-0.08619552850723267,-0.18909978866577148,-0.04179664125078375,-0.11678910255432129,-0.1817537248134613,-0.044015379449064085,2
0.0,0.0,0.0,-0.07094526290893555,-0.0528988242149353,0.0206628385056149,-0.10890132188796997,-0.13029271364212036,0.01970075620900502,-0.1451810598373413,-0.17295777797698975,0.007434226950664424,-0.18835240602493286,-0.2064465880393982,-0.007360561838339663,-0.0427701473236084,-0.23218652606010437,0.04085534988533368,-0.10169023275375366,-0.2716219425201416,0.022340884344686174,-0.14775589108467102,-0.264268159866333,-0.001758678670938707,-0.18375691771507263,-0.2508295774459839,-0.017686151055585242,-0.022226452827453613,-0.24431127309799194,0.011232209304381513,-0.08084243535995483,-0.3253294825553894,0.0006031737719069952,-0.12927234172821045,-0.3539407253265381,-0.01698137083459983,-0.17080897092819214,-0.37163442373275757,-0.031076973391662932,-0.010161280632019043,-0.23200801014900208,-0.021769400773536063,-0.061005592346191406,-0.329265296459198,-0.03745355279554019,-0.11162930727005005,-0.364641010761261,-0.04823780999888072,-0.15473145246505737,-0.38852643966674805,-0.056337187154184676,-0.014488518238067627,-0.20631974935531616,-0.05374180348027835,-0.0729832649230957,-0.268320769071579,-0.06962733165730128,-0.11216747760772705,-0.2903319001197815,-0.07244645254124293,-0.1468830704689026,-0.30594173073768616,-0.07405737237442622,3
0.0,0.0,0.0,-0.05609774589538574,-0.018472611904144287,-0.007859950331440047,-0.09789609909057617,-0.09292328357696533,-0.0061760013042295725,-0.10902652144432068,-0.16130554676055908,-0.007609149353047684,-0.12476557493209839,-0.2122545838356018,-0.00872431640087612,-0.08576375246047974,-0.16004574298858643,0.01854132171214573,-0.1132921576499939,-0.22031420469284058,0.010273850145349428,-0.13522154092788696,-0.25579312443733215,0.00020710540487911544,-0.15781840682029724,-0.28527480363845825,-0.008549652439942435,-0.062153518199920654,-0.17894834280014038,0.011572640011618063,-0.09302973747253418,-0.2354215383529663,-0.002749882084717825,-0.12477833032608032,-0.26210635900497437,-0.017941248980751112,-0.15762600302696228,-0.28007179498672485,-0.027301497203698233,-0.03554654121398926,-0.18722814321517944,0.0006683998807055502,-0.06805479526519775,-0.23828065395355225,-0.019096725997915343,-0.10437428951263428,-0.25566861033439636,-0.032066713464846686,-0.14026281237602234,-0.26682049036026,-0.037978451145281866,-0.005807340145111084,-0.19274497032165527,-0.011312941466858462,-0.03448641300201416,-0.2487405240535736,-0.028824218926420286,-0.0572933554649353,-0.2824000120162964,-0.03754850421606548,-0.08056724071502686,-0.31128695607185364,-0.04209874887525089,3
0.0,0.0,0.0,-0.05323296785354614,-0.01696312427520752,-0.012361622703352282,-0.0940045714378357,-0.08416503667831421,-0.01527656550435097,-0.10314413905143738,-0.15098881721496582,-0.019918882575908015,-0.11591199040412903,-0.20768296718597412,-0.024057385799565623,-0.08898526430130005,-0.16362708806991577,0.008132952908894708,-0.11430615186691284,-0.22485148906707764,-0.001995127237492511,-0.13412046432495117,-0.2595582604408264,-0.013234305483379671,-0.1549009084701538,-0.29005205631256104,-0.023157711428680727,-0.06460189819335938,-0.18263685703277588,0.00211413431996732,-0.09817564487457275,-0.24172231554985046,-0.01153392094103367,-0.13027411699295044,-0.27386873960494995,-0.02699032361535103,-0.16353344917297363,-0.2994067668914795,-0.03771443600682289,-0.035745441913604736,-0.19002163410186768,-0.007701309685685942,-0.07013940811157227,-0.2511398494243622,-0.025532850352206538,-0.10838046669960022,-0.2838613986968994,-0.03998161788014443,-0.14611724019050598,-0.3110268712043762,-0.04926625202325852,-0.003075122833251953,-0.1917915940284729,-0.018983223763385126,-0.025154531002044678,-0.24907833337783813,-0.03611301938919098,-0.04479348659515381,-0.2873496115207672,-0.04631532291797669,-0.06519842147827148,-0.3211919963359833,-0.05311686108736069,3
0.0,0.0,0.0,-0.05410498380661011,-0.014762341976165771,-0.01637684999980138,-0.09370231628417969,-0.08034425973892212,-0.023198901480213863,-0.1020059585571289,-0.14551734924316406,-0.030817166706697208,-0.11027795076370239,-0.20087575912475586,-0.036571577927247745,-0.08761179447174072,-0.17049670219421387,-0.0029046482314925015,-0.12083536386489868,-0.2360324263572693,-0.015833980208412868,-0.14399129152297974,-0.2719648480415344,-0.02611229828573869,-0.16696831583976746,-0.3032580316066742,-0.03411056919969724,-0.05976510047912598,-0.18919765949249268,-0.007541654436067802,-0.08200943470001221,-0.2617104649543762,-0.024990371233002406,-0.10803624987602234,-0.30421504378318787,-0.039883081605808,-0.13619095087051392,-0.33615031838417053,-0.0490756601003568,-0.029446303844451904,-0.1927773356437683,-0.01573445349015401,-0.058979928493499756,-0.24409770965576172,-0.0393764011470239,-0.09825897216796875,-0.24256086349487305,-0.050414738049880725,-0.1352863311767578,-0.24001169204711914,-0.053708144268171054,0.0022090673446655273,-0.18868768215179443,-0.025297996392623645,-0.017484545707702637,-0.24883955717086792,-0.046288934340850574,-0.0349884033203125,-0.2875957489013672,-0.05522817819394277,-0.05417132377624512,-0.323810875415802,-0.05917302220143483,3
0.0,0.0,0.0,-0.05170780420303345,-0.02461850643157959,-0.007633654235498,-0.0886845588684082,-0.09081238508224487,-0.009101454469011117,-0.0965813398361206,-0.15692102909088135,-0.013804305645273018,-0.10348188877105713,-0.21062308549880981,-0.018251886891768265,-0.0816032886505127,-0.18588787317276,0.014334255529000473,-0.10974526405334473,-0.2433062195777893,0.0027783992024055237,-0.132374107837677,-0.2697221636772156,-0.009528539443955708,-0.15602892637252808,-0.2903249263763428,-0.018929332795188714,-0.05362182855606079,-0.201385498046875,0.005075825543507051,-0.07381510734558105,-0.28742125630378723,-0.005306774119482327,-0.09434127807617188,-0.33562296628952026,-0.019253328743026543,-0.11735442280769348,-0.36995917558670044,-0.029473930897758294,-0.025506913661956787,-0.1966838240623474,-0.008266918661639977,-0.046055376529693604,-0.26657620072364807,-0.027137233244822312,-0.0762367844581604,-0.28789252042770386,-0.043592300566480446,-0.10698240995407104,-0.297084242105484,-0.05282127514724522,0.0010533928871154785,-0.18096768856048584,-0.022287108304546166,-0.02707648277282715,-0.22565793991088867,-0.04092178896312504,-0.05372011661529541,-0.24025556445121765,-0.05132893502955227,-0.08073347806930542,-0.24533849954605103,-0.057416133883045006,3
0.0,0.0,0.0,-0.051518142223358154,-0.023218274116516113,-0.004345855057103165,-0.08657079935073853,-0.09231477975845337,-0.0055481980888671956,-0.09443056583404541,-0.15386247634887695,-0.010089833136511572,-0.10603111982345581,-0.20599299669265747,-0.014894246902180441,-0.07553255558013916,-0.18617987632751465,0.0119787428194158,-0.10289770364761353,-0.2421620786190033,-0.0013585898194961032,-0.12800472974777222,-0.2655278146266937,-0.015271064672482737,-0.15260306000709534,-0.2801767587661743,-0.025326126102221735,-0.046708643436431885,-0.201399564743042,-3.4249860540569443e-05,-0.05577975511550903,-0.2951499819755554,-0.011602057922495135,-0.07426142692565918,-0.3442961573600769,-0.026397076282513865,-0.09648412466049194,-0.3788335919380188,-0.03736442964137865,-0.019408106803894043,-0.19551146030426025,-0.01580654162527395,-0.041169941425323486,-0.27966850996017456,-0.037463596869123705,-0.07406407594680786,-0.3056304454803467,-0.05656225870908571,-0.10673928260803223,-0.3188040256500244,-0.06790642331899477,0.00385361909866333,-0.17720484733581543,-0.031256030160797366,-0.04428750276565552,-0.22059297561645508,-0.05386504422487093,-0.0795450210571289,-0.22246518731117249,-0.06560586284459902,-0.1113518476486206,-0.21930021047592163,-0.07254721860946489,3
0.0,0.0,0.0,-0.05578655004501343,-0.02773869037628174,-0.002583608783879754,-0.09010744094848633,-0.10222780704498291,-0.0023430032265423506,-0.10354459285736084,-0.164925217628479,-0.005925351575115201,-0.12078937888145447,-0.21917301416397095,-0.009459093034365651,-0.060660600662231445,-0.18476617336273193,0.015845799997350696,-0.08449441194534302,-0.24468687176704407,0.0057986981159956485,-0.10943806171417236,-0.2755526602268219,-0.004194936070689437,-0.13299426436424255,-0.2978074252605438,-0.012317194424667832,-0.03285926580429077,-0.19701659679412842,0.003373200019723299,-0.03701096773147583,-0.29167816042900085,-0.010013214133778092,-0.0553402304649353,-0.3449264168739319,-0.023642664596536633,-0.07796096801757812,-0.3845581114292145,-0.032566942095854756,-0.008983969688415527,-0.19199883937835693,-0.012706052333214757,-0.040045738220214844,-0.2769734263420105,-0.03859423083076763,-0.08109521865844727,-0.2983251214027405,-0.05657888931045818,-0.11810749769210815,-0.3088535666465759,-0.06505597737441349,0.008335888385772705,-0.17683660984039307,-0.02805619482705879,-0.04900836944580078,-0.217769593000412,-0.0537402292789011,-0.08701461553573608,-0.22122344374656677,-0.06567814555774021,-0.11853611469268799,-0.22326773405075073,-0.0715498959721117,3
0.0,0.0,0.0,-0.05507636070251465,-0.025454819202423096,0.00021819083597307554,-0.08807909488677979,-0.10505783557891846,0.002815650369690559,-0.10240310430526733,-0.1657903790473938,0.001457369130754671,-0.12262147665023804,-0.22037601470947266,0.0003288468298947578,-0.056110918521881104,-0.17611390352249146,0.026615983167381785,-0.07308131456375122,-0.23110201954841614,0.019227654033990405,-0.08863610029220581,-0.25239086151123047,0.010415718251557848,-0.10352510213851929,-0.26401036977767944,0.003489159805418751,-0.031771838665008545,-0.18718940019607544,0.013794527681262991,-0.042267680168151855,-0.2689046561717987,0.004536590831072829,-0.061502039432525635,-0.3133690059185028,-0.008181247568039396,-0.08557075262069702,-0.3504035472869873,-0.016587724617032507,-0.00897294282913208,-0.18370294570922852,-0.0033180144953561808,-0.03710281848907471,-0.2711827754974365,-0.025336587509421804,-0.07231563329696655,-0.309528112411499,-0.04382543050339649,-0.10580146312713623,-0.3415462374687195,-0.05402492888858745,0.009321391582489014,-0.17293131351470947,-0.019606128042845228,-0.04577523469924927,-0.21371564269065857,-0.044330002447871664,-0.08418208360671997,-0.22092455625534058,-0.0572325491218848,-0.11673417687416077,-0.22920846939086914,-0.06433255382469127,3
0.0,0.0,0.0,-0.052967369556427,-0.0212630033493042,-0.0021906389532091453,-0.09078860282897949,-0.0949324369430542,-0.004928541989386304,-0.11157596111297607,-0.15301817655563354,-0.012599270944804175,-0.13333997130393982,-0.20496976375579834,-0.019510751744121535,-0.043243348598480225,-0.1762371063232422,0.020927384341746347,-0.06224709749221802,-0.23171460628509521,0.012561825881391542,-0.07942289113998413,-0.25284820795059204,0.0064602134140727685,-0.09209847450256348,-0.2635626494884491,0.0029492555974570678,-0.02136969566345215,-0.1871657371520996,0.007836066963761823,-0.022546827793121338,-0.2893040180206299,-0.0013543131438495948,-0.03392428159713745,-0.3477061986923218,-0.007781481989979966,-0.047899603843688965,-0.39867261052131653,-0.009875172903150542,-0.0036168694496154785,-0.18323850631713867,-0.010004015793413146,-0.04391509294509888,-0.26381856203079224,-0.03257906079790018,-0.0869133472442627,-0.2892795205116272,-0.045720994626492484,-0.12205314636230469,-0.3069520592689514,-0.049954388444632514,0.0060999393463134766,-0.16958922147750854,-0.02779348023733519,-0.057926952838897705,-0.20290693640708923,-0.051021941160172446,-0.09773403406143188,-0.20623210072517395,-0.06103484347960375,-0.12841221690177917,-0.21108338236808777,-0.06504736483594797,3
0.0,0.0,0.0,0.05664265155792236,-0.001279592514038086,-0.03889695557711548,0.10840317606925964,-0.03395360708236694,-0.05681958424804634,0.13094177842140198,-0.08024722337722778,-0.07282112914083427,0.14786356687545776,-0.13131242990493774,-0.08647215741632408,0.12587019801139832,-0.16643565893173218,-0.02994694004712528,0.1854872703552246,-0.22450008988380432,-0.05636756124852127,0.22346633672714233,-0.253792941570282,-0.07372517513988441,0.25501084327697754,-0.28226423263549805,-0.08131912725923485,0.09936198592185974,-0.19094139337539673,-0.03028595450280136,0.1489185094833374,-0.28264379501342773,-0.061430197236518325,0.18706351518630981,-0.3310861587524414,-0.0823587663745684,0.21841254830360413,-0.3692743629217148,-0.09130879121778435,0.06567266583442688,-0.1967242956161499,-0.03586841377375549,0.10800063610076904,-0.22454774379730225,-0.07892340796945518,0.11479052901268005,-0.16147452592849731,-0.09194162118194527,0.11535921692848206,-0.11715582013130188,-0.08696939426420158,0.0282742977142334,-0.19443339109420776,-0.044230803874711455,0.05472347140312195,-0.26768162846565247,-0.07019941138980812,0.07597047090530396,-0.31353285908699036,-0.07548804956434196,0.0982246994972229,-0.3572668880224228,-0.07390597837922996,2
0.0,0.0,0.0,0.0579662024974823,-0.09837043285369873,0.08607949029547513,0.08390644192695618,-0.16203749179840088,0.1086783007894212,0.1078774631023407,-0.20327898859977722,0.1122050033126527,0.1308787763118744,-0.2500050663948059,0.10997761499029934,0.017185121774673462,-0.24443846940994263,0.04006980445129216,0.05384400486946106,-0.33862030506134033,0.03051055680853665,0.08595287799835205,-0.3877266049385071,0.028051136917298436,0.11580207943916321,-0.418915331363678,0.024686840287273526,0.013910293579101562,-0.2269415557384491,-0.020487570279414058,0.06480050086975098,-0.33968403935432434,-0.04099818978565395,0.11406978964805603,-0.3911929130554199,-0.04484973017233074,0.15503206849098206,-0.4169654846191406,-0.0471931426610297,0.022927090525627136,-0.19722652435302734,-0.07587088186400592,0.0727292001247406,-0.3071182668209076,-0.09726318258898914,0.12058651447296143,-0.35979151725769043,-0.09911934573310077,0.15931367874145508,-0.3965688943862915,-0.10116113264220417,0.045953184366226196,-0.16522490978240967,-0.123713533469612,0.08154082298278809,-0.2458188235759735,-0.14932860721009433,0.11392539739608765,-0.2945936322212219,-0.15888785112755954,0.14371830224990845,-0.33374112844467163,-0.16575566221135318,2
0.0,0.0,0.0,0.0809183418750763,-0.051044344902038574,0.024232315433664553,0.11891236901283264,-0.10846269130706787,0.024656668839497797,0.1468515694141388,-0.14377224445343018,0.014282339786632292,0.18808725476264954,-0.17120498418807983,0.0015796489999502228,0.054501742124557495,-0.23391947150230408,0.027292127323789828,0.10377112030982971,-0.29701292514801025,0.01752082684402012,0.13793545961380005,-0.3384999632835388,0.005968358901782267,0.1642872393131256,-0.37313133478164673,-0.005679031765566833,0.03804764151573181,-0.23886844515800476,-0.004486932350800998,0.0989784300327301,-0.31984901428222656,-0.016818314256624944,0.14287099242210388,-0.3673970103263855,-0.03151434979076839,0.17939719557762146,-0.4006089121103287,-0.043999280246453054,0.030781030654907227,-0.2217605710029602,-0.03698627597327686,0.09330487251281738,-0.29343393445014954,-0.05364774114127613,0.13693055510520935,-0.3352905511856079,-0.06682503542538143,0.17317840456962585,-0.36858952045440674,-0.07861759832735515,0.03481149673461914,-0.18624287843704224,-0.06825444421406246,0.09023261070251465,-0.2258795201778412,-0.08697066775198437,0.134987473487854,-0.23909616470336914,-0.09460904023285366,0.17488396167755127,-0.2463931441307068,-0.10113067499037243,2
0.0,0.0,0.0,0.06291347742080688,-0.02715820074081421,-0.01092733217865316,0.1096830666065216,-0.07930970191955566,-0.017438940317333618,0.138208270072937,-0.12653350830078125,-0.02860926053017465,0.17711395025253296,-0.1595766544342041,-0.039451349140108505,0.08209854364395142,-0.18572789430618286,0.010502740195988736,0.1141783595085144,-0.263042688369751,-0.006035685152710357,0.14101451635360718,-0.3090585470199585,-0.017724815369547287,0.16764569282531738,-0.34666311740875244,-0.02441641835957853,0.06481224298477173,-0.2000446319580078,-0.0014100608741500764,0.09822794795036316,-0.2870144248008728,-0.024988170326651016,0.1389804482460022,-0.3388501703739166,-0.042903031767309585,0.18017706274986267,-0.37701159715652466,-0.05213575399011461,0.043314188718795776,-0.19887974858283997,-0.018148336172998825,0.0766860842704773,-0.2500045895576477,-0.04934052711814729,0.10815778374671936,-0.24394762516021729,-0.06365547290533868,0.13738229870796204,-0.23671859502792358,-0.06623893937558023,0.0209769606590271,-0.19088003039360046,-0.03623260518997995,0.034107595682144165,-0.2601531147956848,-0.05747209450692026,0.06439164280891418,-0.2913803458213806,-0.06399429550856439,0.09974616765975952,-0.31311172246932983,-0.06573072037190286,2
0.0,0.0,0.0,0.05421721935272217,-0.004767894744873047,-0.038817408102204354,0.10144740343093872,-0.04541921615600586,-0.05535010488574699,0.10954204201698303,-0.11295408010482788,-0.06897524239366248,0.11212846636772156,-0.17538130283355713,-0.0805205428773661,0.12152105569839478,-0.15958264470100403,-0.027293339910556824,0.17269942164421082,-0.21915900707244873,-0.05208176614587501,0.20255544781684875,-0.25516343116760254,-0.06884791197126106,0.22837504744529724,-0.2876884341239929,-0.07716731222217277,0.09334912896156311,-0.1871381402015686,-0.024258457663108857,0.14266926050186157,-0.2625419497489929,-0.05000191794579223,0.1760147511959076,-0.31330370903015137,-0.06838099898641303,0.20376643538475037,-0.3526041507720947,-0.07788889350240424,0.05912098288536072,-0.19677919149398804,-0.026338307725836785,0.08970972895622253,-0.24335473775863647,-0.05955225096886352,0.09847882390022278,-0.21459877490997314,-0.07113998623435691,0.10336628556251526,-0.18494975566864014,-0.06995149941985801,0.01824873685836792,-0.19774958491325378,-0.03155915679280952,0.036616235971450806,-0.2580724358558655,-0.05237888784949973,0.05471611022949219,-0.29247790575027466,-0.05755729095881179,0.0756714940071106,-0.3221537470817566,-0.05755729095881179,2
0.0,0.0,0.0,0.04682675004005432,0.0034293532371520996,-0.03756484902569923,0.08726048469543457,-0.03220200538635254,-0.05559320888588104,0.07203367352485657,-0.09683936834335327,-0.07181660226652298,0.05948609113693237,-0.14978337287902832,-0.08527948848077926,0.1246764063835144,-0.15516215562820435,-0.03053612216481838,0.16590160131454468,-0.22331500053405762,-0.052960088021251295,0.19191205501556396,-0.26599371433258057,-0.06672024867603454,0.21138018369674683,-0.30400824546813965,-0.07292082301447067,0.09082761406898499,-0.18777084350585938,-0.030281304857822988,0.12346404790878296,-0.27607402205467224,-0.05984017393657837,0.14753025770187378,-0.33587849140167236,-0.08090510360071335,0.1669681966304779,-0.3879775106906891,-0.09003608814546737,0.05411842465400696,-0.19749468564987183,-0.03393369308778915,0.056969642639160156,-0.2338484525680542,-0.07415243378946457,0.04718145728111267,-0.1762431263923645,-0.0863412185675827,0.03917163610458374,-0.138349711894989,-0.08145721397468719,0.014957040548324585,-0.19700109958648682,-0.040325371093246076,0.014974623918533325,-0.2677636742591858,-0.06438441715309295,0.01651686429977417,-0.31199973821640015,-0.06837656489679489,0.021210044622421265,-0.3606277108192444,-0.06565851113865051,2
0.0,0.0,0.0,0.04493024945259094,0.007491111755371094,-0.03632979489742638,0.08723098039627075,-0.018787264823913574,-0.05420304112016083,0.07597723603248596,-0.08020490407943726,-0.06962842889009835,0.05902901291847229,-0.12688815593719482,-0.08361617870508553,0.12246319651603699,-0.1378798484802246,-0.029802177323688284,0.15698948502540588,-0.18795645236968994,-0.05280426166831376,0.1772097647190094,-0.21741396188735962,-0.07176544912039162,0.1961744725704193,-0.2462288737297058,-0.08524808682381035,0.0929211676120758,-0.17634475231170654,-0.029063934682596937,0.12535899877548218,-0.2531788945198059,-0.05167747311173798,0.15020206570625305,-0.3053918480873108,-0.07211513467012765,0.1727781593799591,-0.345880389213562,-0.08680227793632866,0.05605703592300415,-0.188407301902771,-0.032483168168653265,0.07464122772216797,-0.25780656933784485,-0.06034211464105965,0.07780343294143677,-0.2540074288845062,-0.07689428724228264,0.07960858941078186,-0.23991000652313232,-0.08431557215629937,0.011426925659179688,-0.18240982294082642,-0.03904963679491402,0.014897674322128296,-0.23540619015693665,-0.063333939983238,0.015637487173080444,-0.2686346471309662,-0.07600062735258462,0.017780840396881104,-0.2964743971824646,-0.08283909059940697,2
0.0,0.0,0.0,0.04519513249397278,-0.0010935068130493164,-0.03062263626333106,0.08458438515663147,-0.03898429870605469,-0.04415630485590327,0.06962460279464722,-0.10061955451965332,-0.055163118352254514,0.05135515332221985,-0.15201878547668457,-0.06557033892448771,0.11844557523727417,-0.15735912322998047,-0.021104096730311994,0.15145233273506165,-0.20751771330833435,-0.0431070172386967,0.1750270426273346,-0.23750969767570496,-0.061330358793100004,0.19540813565254211,-0.26507052779197693,-0.073707676787933,0.08975648880004883,-0.19122770428657532,-0.02383438620444167,0.12858980894088745,-0.2823337912559509,-0.04282863374527324,0.15418806672096252,-0.34600239992141724,-0.061630151529868726,0.1767047941684723,-0.3998909890651703,-0.07387898053701747,0.05284881591796875,-0.19418469071388245,-0.03081535856898654,0.06544649600982666,-0.25459054112434387,-0.05777563091095317,0.08001282811164856,-0.28534701466560364,-0.07829027559336055,0.09412157535552979,-0.31057947874069214,-0.08925425942715037,0.011564105749130249,-0.17555367946624756,-0.04010905261810649,0.02821752429008484,-0.1930307149887085,-0.065527505536636,0.04125380516052246,-0.18780440092086792,-0.07482119586046565,0.05292239785194397,-0.18511277437210083,-0.07884704258020747,2
0.0,0.0,0.0,0.04880860447883606,-0.004374265670776367,-0.027808931872840503,0.10076254606246948,-0.051144957542419434,-0.035706269771452526,0.09607061743736267,-0.11537253856658936,-0.04132165688335476,0.08547690510749817,-0.1716848611831665,-0.045236765623684505,0.12631916999816895,-0.1698630452156067,-0.00917860142200766,0.16125547885894775,-0.23147892951965332,-0.024050425023432354,0.18454289436340332,-0.26678213477134705,-0.03631031441747723,0.20572113990783691,-0.3004654049873352,-0.04512490260660229,0.0931796133518219,-0.19858253002166748,-0.010890063115056137,0.12157988548278809,-0.29670146107673645,-0.026690329641695598,0.14138513803482056,-0.3562864661216736,-0.04203756082117138,0.15752071142196655,-0.40407198667526245,-0.05114298987447796,0.05594995617866516,-0.19874674081802368,-0.017294065312142948,0.07194921374320984,-0.24552038311958313,-0.046534343839283565,0.09880849719047546,-0.26141873002052307,-0.06801151785313664,0.11892932653427124,-0.2766258418560028,-0.07803419533431111,0.018300384283065796,-0.18035411834716797,-0.025415121794338802,0.045587897300720215,-0.18419191241264343,-0.05494623932301579,0.057249993085861206,-0.16187697649002075,-0.06595328751265583,0.06147277355194092,-0.14890754222869873,-0.06993551853358326,2
0.0,0.0,0.0,0.0487464964389801,-0.005732357501983643,-0.03141231581747661,0.09615921974182129,-0.04669678211212158,-0.04425663247883449,0.09092742204666138,-0.111824631690979,-0.05491653949201236,0.08029493689537048,-0.16916882991790771,-0.0633046638983501,0.11904081702232361,-0.17171132564544678,-0.018273107038737635,0.15897971391677856,-0.2403131127357483,-0.037921850832105974,0.18407106399536133,-0.2800899147987366,-0.051989437343479494,0.2059958279132843,-0.31604117155075073,-0.06164451435387264,0.08544459939002991,-0.198198139667511,-0.0193543874490274,0.11204797029495239,-0.3005516827106476,-0.04087079808294902,0.1299273669719696,-0.3629823923110962,-0.0584552784281982,0.14471140503883362,-0.4106789827346802,-0.06867830574691425,0.048578619956970215,-0.19714900851249695,-0.025033847691418032,0.06753513216972351,-0.24316290020942688,-0.05644562587320934,0.09440815448760986,-0.24898532032966614,-0.07448882728994022,0.11547806859016418,-0.2537879943847656,-0.08112942546785007,0.011715531349182129,-0.17882972955703735,-0.03300693750560413,0.039903849363327026,-0.1877347230911255,-0.06055231139242778,0.05858922004699707,-0.1768639087677002,-0.07020738840282092,0.07109290361404419,-0.1728237271308899,-0.0730034348386539,2
0.0,0.0,0.0,0.045657992362976074,-0.005547046661376953,-0.029622451749617085,0.0894206166267395,-0.04715609550476074,-0.04276364610808514,0.08613714575767517,-0.10469698905944824,-0.053953173917705044,0.07429999113082886,-0.15925759077072144,-0.06310430855768345,0.11205980181694031,-0.1753804087638855,-0.019484651622349247,0.1519792079925537,-0.24019503593444824,-0.040703556847745404,0.17774415016174316,-0.2783524990081787,-0.05646865011470936,0.19971853494644165,-0.3124811053276062,-0.06687751353996418,0.07789617776870728,-0.20087188482284546,-0.021707379606539234,0.10425317287445068,-0.3020038604736328,-0.04347925202267788,0.12382230162620544,-0.3637661933898926,-0.06162971199768208,0.13997185230255127,-0.41093507409095764,-0.07242890388982914,0.040965914726257324,-0.19755512475967407,-0.028169547555023655,0.0596272349357605,-0.24552035331726074,-0.05972142086642407,0.08672767877578735,-0.25135692954063416,-0.07854411692636631,0.10595294833183289,-0.25394517183303833,-0.08596043230312489,0.00422319769859314,-0.17527753114700317,-0.036800231200629696,0.0354284942150116,-0.1815745234489441,-0.06574988306778096,0.055113792419433594,-0.16668397188186646,-0.07615875394361638,0.06532672047615051,-0.15719997882843018,-0.07945489079969548,2
0.0,0.0,0.0,0.05390733480453491,-0.0020632147789001465,-0.019793256944410587,0.1037798523902893,-0.04086458683013916,-0.029656646600358272,0.12244310975074768,-0.08497762680053711,-0.04020102677344539,0.1322615146636963,-0.13281190395355225,-0.04925161955355861,0.12340512871742249,-0.1633785367012024,-0.011231438083939338,0.16790854930877686,-0.22527247667312622,-0.02796515246330955,0.19590044021606445,-0.25954920053482056,-0.0410797258973048,0.22059661149978638,-0.2916845977306366,-0.05052573589085796,0.09094232320785522,-0.19391292333602905,-0.01789307204484203,0.12316504120826721,-0.29577577114105225,-0.039234459227316165,0.14842039346694946,-0.3552793264389038,-0.057511389082662845,0.17012977600097656,-0.4027829170227051,-0.06823151541351535,0.0555608868598938,-0.19912058115005493,-0.027503834864489818,0.09541323781013489,-0.24876436591148376,-0.06063076463937023,0.138331800699234,-0.2516844868659973,-0.0818952692806647,0.1728595793247223,-0.25465455651283264,-0.09138521534799793,0.022645682096481323,-0.1831721067428589,-0.03800428268908718,0.07571479678153992,-0.1733834147453308,-0.06963742507099369,0.11288988590240479,-0.14735019207000732,-0.08215887827276447,0.14149317145347595,-0.12921404838562012,-0.08707959187626102,2
0.0,0.0,0.0,0.06140834093093872,-0.012818217277526855,-0.012425701107645182,0.11101481318473816,-0.06107383966445923,-0.0211644004767777,0.1460607647895813,-0.10103917121887207,-0.03193509948607698,0.1778610348701477,-0.13405841588974,-0.04117347669955507,0.09678903222084045,-0.19075500965118408,-0.0025141585821302215,0.14233309030532837,-0.24850678443908691,-0.015023993301952032,0.16952809691429138,-0.2866157591342926,-0.02771565315481439,0.19144463539123535,-0.3199842572212219,-0.03813103211280122,0.06978759169578552,-0.21197032928466797,-0.0119371330102922,0.10893329977989197,-0.30642518401145935,-0.028937071535551695,0.13534486293792725,-0.3636035621166229,-0.04570383203383699,0.1578863263130188,-0.40582770109176636,-0.05685206127520814,0.046775996685028076,-0.20826521515846252,-0.023540619734490065,0.11284711956977844,-0.2601480185985565,-0.049656789723599104,0.1666877567768097,-0.26636362075805664,-0.06813353669997468,0.20771774649620056,-0.26767706871032715,-0.07848228884097352,0.02940872311592102,-0.18277370929718018,-0.035710398081505446,0.09837016463279724,-0.17719346284866333,-0.06098267805930391,0.14088386297225952,-0.16130131483078003,-0.071509096745217,0.17367523908615112,-0.1499956250190735,-0.07643919062968507,2
0.0,0.0,0.0,0.05787089467048645,-0.013067662715911865,-0.017228742725421853,0.10644808411598206,-0.06460857391357422,-0.027654023505021996,0.13648930191993713,-0.11112368106842041,-0.039404553956558175,0.1668170690536499,-0.14854305982589722,-0.0499623582132358,0.1013278067111969,-0.1855756640434265,-0.009199950508048005,0.14419904351234436,-0.24538546800613403,-0.025511540136506028,0.16967874765396118,-0.28318357467651367,-0.04019970226960368,0.18984103202819824,-0.31729185581207275,-0.051552654839326806,0.0729166567325592,-0.20921477675437927,-0.017040999270250268,0.10890340805053711,-0.3072655498981476,-0.03772590462045855,0.1341317892074585,-0.3668956458568573,-0.05619102124052233,0.155544251203537,-0.4132028818130493,-0.06811825338678545,0.045379847288131714,-0.21012133359909058,-0.027499410919119782,0.10553228855133057,-0.2668059170246124,-0.05698617327885813,0.15762820839881897,-0.270344614982605,-0.07620225999431796,0.19765424728393555,-0.26956143975257874,-0.0862741485603351,0.02018621563911438,-0.19029927253723145,-0.03894071806149668,0.08482453227043152,-0.19050589203834534,-0.0672789231308002,0.12751984596252441,-0.17761051654815674,-0.07942703518943972,0.16100913286209106,-0.16869884729385376,-0.08516977135019488,2
0.0,0.0,0.0,0.05319443345069885,-0.0011431574821472168,-0.027898958958189723,0.10703042149543762,-0.04347306489944458,-0.03979745980302596,0.130182147026062,-0.09519553184509277,-0.051155117414396045,0.1385146975517273,-0.14898228645324707,-0.06084518607656264,0.12882289290428162,-0.16403353214263916,-0.016563835627835033,0.1784752607345581,-0.22742041945457458,-0.03533552315036559,0.20778483152389526,-0.265663743019104,-0.05025372009674811,0.23383545875549316,-0.3014565110206604,-0.06147616829673552,0.09919100999832153,-0.19499093294143677,-0.01969620499710345,0.13755574822425842,-0.29591289162635803,-0.04299743574063086,0.16529059410095215,-0.35421353578567505,-0.06291841071049475,0.19092267751693726,-0.3990271985530853,-0.07535775851408744,0.06544125080108643,-0.20268267393112183,-0.026772207654516933,0.10980921983718872,-0.2619341015815735,-0.06143109600941443,0.15164276957511902,-0.2584744393825531,-0.0825689594070127,0.18561625480651855,-0.25265300273895264,-0.09198860924641394,0.030488044023513794,-0.19238096475601196,-0.035673548541467426,0.08365237712860107,-0.20157769322395325,-0.06949864428440833,0.11619266867637634,-0.18117287755012512,-0.0836055735866239,0.14054644107818604,-0.16373491287231445,-0.0895097563783338,2
0.0,0.0,0.0,0.03469172120094299,0.011251628398895264,-0.04312248522506934,0.061290591955184937,-0.011556923389434814,-0.06948770204650145,0.04491952061653137,-0.0596541166305542,-0.09324397513734084,0.026910781860351562,-0.10581481456756592,-0.11572758475409728,0.11904898285865784,-0.12990090250968933,-0.044967841302025136,0.1450050175189972,-0.1898474395275116,-0.07712364563809615,0.14975431561470032,-0.21295669674873352,-0.10096475849019271,0.15268361568450928,-0.23193359375,-0.11521852383481246,0.09123250842094421,-0.16803580522537231,-0.044034559224712666,0.13328441977500916,-0.25514572858810425,-0.07211786130534392,0.1571252942085266,-0.32202833890914917,-0.09528022626506072,0.1762099266052246,-0.37538793683052063,-0.10978851834403258,0.05458173155784607,-0.1760408580303192,-0.047428309862482365,0.05282333493232727,-0.25014781951904297,-0.08492927620278579,0.038967669010162354,-0.2502383887767792,-0.10503726074563247,0.028022855520248413,-0.23390653729438782,-0.11224899062978011,0.012239187955856323,-0.16252285242080688,-0.05387644091712218,0.006355732679367065,-0.18869325518608093,-0.08755943546162825,0.00572541356086731,-0.16196247935295105,-0.09799522528516036,0.009399563074111938,-0.12777864933013916,-0.10037085035907012,2
0.0,0.0,0.0,0.04198095202445984,0.01614600419998169,-0.026618189009028015,0.08077919483184814,-0.006039857864379883,-0.04231426009734207,0.07446825504302979,-0.062297046184539795,-0.05721468368371063,0.05508548021316528,-0.10577130317687988,-0.07092162111599976,0.1350657045841217,-0.10491490364074707,-0.01864357182581955,0.16334637999534607,-0.1521449089050293,-0.04195260146458679,0.1638694405555725,-0.16667333245277405,-0.06162694359024101,0.1552785038948059,-0.17479753494262695,-0.0732362482865625,0.10647106170654297,-0.14585664868354797,-0.018860566260414657,0.12339663505554199,-0.20272105932235718,-0.04358007276256615,0.11519557237625122,-0.21494793891906738,-0.06339908281167084,0.10086926817893982,-0.21511921286582947,-0.07388724276621872,0.07392659783363342,-0.17152559757232666,-0.023182411508756218,0.08540725708007812,-0.23686924576759338,-0.04571387434204155,0.0793880820274353,-0.26214006543159485,-0.06188010686834389,0.06831857562065125,-0.2746194005012512,-0.06976431498129898,0.03735208511352539,-0.18181049823760986,-0.029656139033036766,0.04045194387435913,-0.24933606386184692,-0.045460711063938675,0.040288567543029785,-0.29664120078086853,-0.055261718871193466,0.04087275266647339,-0.33763614296913147,-0.06104828307231003,2
0.0,0.0,0.0,0.031218498945236206,0.020248770713806152,-0.03934092647385512,0.06761878728866577,0.005953431129455566,-0.06037765941572104,0.07368013262748718,-0.037560999393463135,-0.0780893360729209,0.06547194719314575,-0.07494938373565674,-0.09191630235862647,0.11558964848518372,-0.09704184532165527,-0.032987108593701464,0.13073945045471191,-0.12843194603919983,-0.06590844145965491,0.10698118805885315,-0.11961367726325989,-0.08875584802579795,0.07465648651123047,-0.09839653968811035,-0.09942235997867499,0.09127828478813171,-0.14712175726890564,-0.028756717359541994,0.108652263879776,-0.1995474398136139,-0.06027889824461852,0.09579697251319885,-0.21800744533538818,-0.08032798967313681,0.07550841569900513,-0.21913766860961914,-0.08934842995357428,0.059352099895477295,-0.18165436387062073,-0.0305344705934516,0.0681353509426117,-0.24751204252243042,-0.05850114501070891,0.05862683057785034,-0.2887827157974243,-0.07729922435235892,0.045997053384780884,-0.31326085329055786,-0.08572708270502005,0.022328346967697144,-0.1974426507949829,-0.035390367871045214,0.027974873781204224,-0.2657321095466614,-0.05428720838379775,0.025245249271392822,-0.31323346495628357,-0.06600720635604773,0.021625250577926636,-0.3523603677749634,-0.07262439480972205,2
0.0,0.0,0.0,0.03603532910346985,0.0177345871925354,-0.0322795256202113,0.08591917157173157,-0.002121567726135254,-0.05017845399426335,0.09873738884925842,-0.046816110610961914,-0.06613560460256451,0.08670562505722046,-0.08192825317382812,-0.07959344677375668,0.14342695474624634,-0.0991750955581665,-0.024339397174585997,0.1553250253200531,-0.12811315059661865,-0.05494637109087819,0.11800429224967957,-0.11664152145385742,-0.08128529481338376,0.0805128812789917,-0.10540616512298584,-0.09597356311725491,0.12616056203842163,-0.15170758962631226,-0.024858484712709128,0.1635369062423706,-0.2099367380142212,-0.044218552035559355,0.1713654100894928,-0.25255286693573,-0.06232895768927449,0.1760883331298828,-0.29095447063446045,-0.07440256766723508,0.09568056464195251,-0.18682193756103516,-0.030837611031998335,0.131203293800354,-0.2615737318992615,-0.05052451111124867,0.14344245195388794,-0.31144607067108154,-0.06755829296754712,0.15493440628051758,-0.3546658158302307,-0.0782092183058154,0.05304068326950073,-0.20518758893013,-0.03956598482774609,0.06573930382728577,-0.27819570899009705,-0.05421580441044682,0.07035768032073975,-0.32454782724380493,-0.06017570264386052,0.07682877779006958,-0.36656010150909424,-0.06398234955715054,2
0.0,0.0,0.0,0.042076438665390015,0.01818227767944336,-0.03674112605116875,0.0901099145412445,-0.009767293930053711,-0.05401254790089638,0.1078997552394867,-0.06427931785583496,-0.06904391544125588,0.10646507143974304,-0.11028999090194702,-0.08118625329993279,0.13630977272987366,-0.11961311101913452,-0.021008429771285364,0.1680946946144104,-0.15239965915679932,-0.04664340587518723,0.14963316917419434,-0.1538650393486023,-0.06992318825982125,0.12382546067237854,-0.1597563624382019,-0.08369846241734535,0.12133967876434326,-0.16700154542922974,-0.018674172183494875,0.16778439283370972,-0.23502692580223083,-0.030502477383237192,0.18540745973587036,-0.28234097361564636,-0.043042577525596926,0.2005118727684021,-0.32414114475250244,-0.05237961160204918,0.09384456276893616,-0.1936415433883667,-0.02313333722017319,0.14083999395370483,-0.2693633735179901,-0.03885556357167275,0.1630304455757141,-0.3186175227165222,-0.05476620765588791,0.1837177872657776,-0.3596867620944977,-0.06573617803118736,0.054521650075912476,-0.20293158292770386,-0.031360815932970354,0.06740057468414307,-0.2685219645500183,-0.047941378971557924,0.0705762505531311,-0.3112923502922058,-0.056775971969585726,0.07408535480499268,-0.3495088219642639,-0.0622609590198806,2
0.0,0.0,0.0,0.05822652578353882,-0.012385070323944092,-0.01762885604159692,0.11331614851951599,-0.058199167251586914,-0.02930119637505868,0.14970409870147705,-0.10807496309280396,-0.0415482689078317,0.18273687362670898,-0.14032208919525146,-0.052415976339148074,0.12442311644554138,-0.14730048179626465,-0.005705724974291115,0.16081202030181885,-0.18603307008743286,-0.026876859405206233,0.18463513255119324,-0.17233610153198242,-0.045226568394468813,0.20427975058555603,-0.15585270524024963,-0.058351421767042666,0.10111227631568909,-0.17853429913520813,-0.012393546329008132,0.1456875503063202,-0.21420833468437195,-0.03791176345305303,0.16351696848869324,-0.19649159908294678,-0.0544223245616422,0.17684230208396912,-0.17936787009239197,-0.06253130551533559,0.06946179270744324,-0.20255118608474731,-0.024222629183100253,0.10112091898918152,-0.27717864513397217,-0.05195618983464101,0.12545233964920044,-0.32698407769203186,-0.07172705795721868,0.14802920818328857,-0.36701610684394836,-0.08372334208445409,0.030431270599365234,-0.21364271640777588,-0.036971291565464526,0.022049665451049805,-0.29607340693473816,-0.05993978124217847,0.009868890047073364,-0.34720906615257263,-0.0721450504298673,0.0033743083477020264,-0.3929566591978073,-0.08058842834191182,2
0.0,0.0,0.0,0.047575443983078,-0.015169620513916016,-0.012395335743462965,0.10139819979667664,-0.0708126425743103,-0.023935489738619253,0.14146047830581665,-0.10325866937637329,-0.03694371358517401,0.1833006739616394,-0.11326655745506287,-0.04868827984694235,0.08990436792373657,-0.1707022786140442,-0.004794816402977631,0.13469800353050232,-0.2216586172580719,-0.019865772137677595,0.17473682761192322,-0.23878583312034607,-0.032632416496312544,0.20726969838142395,-0.24893394112586975,-0.043930987278258726,0.0685601532459259,-0.18783241510391235,-0.016316386321818754,0.12287142872810364,-0.2007020115852356,-0.05259074495199911,0.1544574499130249,-0.1681693196296692,-0.07102525831226103,0.17373225092887878,-0.13908451795578003,-0.0760798812008261,0.03772473335266113,-0.19595661759376526,-0.03159176037672751,0.07270294427871704,-0.2561388611793518,-0.06496714652541868,0.10970979928970337,-0.29522669315338135,-0.08585464061263792,0.14140906929969788,-0.32783418893814087,-0.0963355437016844,0.002142608165740967,-0.19003883004188538,-0.047127293804919645,-0.014754444360733032,-0.2611800730228424,-0.07388707102302305,-0.031815290451049805,-0.3129974603652954,-0.08771294952396147,-0.04490154981613159,-0.36307060718536377,-0.09655854702953093,2
0.0,0.0,0.0,0.05923217535018921,-0.025073587894439697,-0.005391495938141588,0.11014431715011597,-0.08263438940048218,-0.014935535548914913,0.1487402617931366,-0.12102019786834717,-0.027237356810559277,0.18841835856437683,-0.13752242922782898,-0.039152442647804264,0.08095422387123108,-0.18419989943504333,0.0011570826799527367,0.1302167773246765,-0.21709775924682617,-0.019926243631829266,0.16692093014717102,-0.20152142643928528,-0.03985224588095093,0.20026835799217224,-0.17639398574829102,-0.0552847713071003,0.05924764275550842,-0.19605034589767456,-0.014309395274807457,0.1169852614402771,-0.22546815872192383,-0.04755009634672547,0.15571650862693787,-0.20052963495254517,-0.06979649810372734,0.18587785959243774,-0.16897398233413696,-0.08080920873462105,0.028323858976364136,-0.19486194849014282,-0.03353559149681473,0.07162603735923767,-0.26305457949638367,-0.06813906429587746,0.11307060718536377,-0.29908400774002075,-0.0926690429288044,0.1499447524547577,-0.32489532232284546,-0.10703344194470787,-0.0028205513954162598,-0.17975324392318726,-0.052154070867885594,-0.017458200454711914,-0.24484962224960327,-0.08169317541896248,-0.0403560996055603,-0.29352450370788574,-0.09848847536622429,-0.058200061321258545,-0.33968818187713623,-0.11064295767127419,2
0.0,0.0,0.0,0.05767086148262024,-0.006149888038635254,-0.012924365243932812,0.11136272549629211,-0.06178581714630127,-0.016197568281612007,0.13816863298416138,-0.12879657745361328,-0.02045273269625625,0.1729361116886139,-0.1642754077911377,-0.023963984577974884,0.11487796902656555,-0.15072405338287354,0.017506496504822167,0.14654836058616638,-0.18395113945007324,0.009273897380509766,0.17152398824691772,-0.19389337301254272,-0.002317454210540859,0.19566643238067627,-0.20134234428405762,-0.012825177527091114,0.09127059578895569,-0.18635573983192444,0.012338805467763336,0.12774303555488586,-0.2341078519821167,2.462142280990065e-05,0.14775827527046204,-0.23637712001800537,-0.012706152639410107,0.16779598593711853,-0.22953039407730103,-0.020274192570767013,0.05836063623428345,-0.2102968692779541,0.002038137045630606,0.08782914280891418,-0.2894028425216675,-0.01706050383957347,0.11044076085090637,-0.3363555073738098,-0.03408115404756984,0.1346425712108612,-0.369468092918396,-0.045031503318867294,0.01840054988861084,-0.2173706293106079,-0.009016360632202236,0.007591739296913147,-0.28877460956573486,-0.0261857942781063,0.0003300011157989502,-0.33576300740242004,-0.03642198863538226,-0.0023452043533325195,-0.37470531463623047,-0.044198323517164795,2
0.0,0.0,0.0,0.05719594657421112,-0.004482269287109375,-0.021379017236526465,0.12019549310207367,-0.03409332036972046,-0.034860181587632155,0.16556452214717865,-0.056450724601745605,-0.048957026529009795,0.19918836653232574,-0.07672905921936035,-0.0624169623133497,0.11471392214298248,-0.17616397142410278,-0.012165117974276995,0.15119539201259613,-0.2450966238975525,-0.03377744458883569,0.1782197803258896,-0.2719193696975708,-0.05256615855067537,0.19846265017986298,-0.2846987247467041,-0.06411537431448266,0.08739322423934937,-0.19639348983764648,-0.017706195789273238,0.12346456944942474,-0.27329713106155396,-0.03728042818873689,0.14758576452732086,-0.2987467050552368,-0.05570822857588098,0.16690485179424286,-0.3111739754676819,-0.06746974490850732,0.05418817698955536,-0.20398759841918945,-0.026877635124023413,0.08601000905036926,-0.2811366319656372,-0.04628202222555444,0.1060415655374527,-0.29490137100219727,-0.056982035714085555,0.12372560799121857,-0.2963130474090576,-0.06279911004274652,0.01455792784690857,-0.1972745656967163,-0.038639157044585204,0.021834328770637512,-0.2640010714530945,-0.053627668845351195,0.0331525057554245,-0.3034895658493042,-0.058468147146399474,0.04709829390048981,-0.33212172985076904,-0.06093085088103578,2
0.0,0.0,0.0,-0.04598808288574219,0.00574725866317749,-0.03632610760450916,-0.08727183938026428,-0.01327580213546753,-0.06598224215031223,-0.07348355650901794,-0.03850036859512329,-0.09511737249613361,-0.04689675569534302,-0.07387518882751465,-0.12296038590193348,-0.11092117428779602,-0.1775909662246704,-0.05577036090016918,-0.1466517448425293,-0.26081663370132446,-0.08944873980999546,-0.1688939332962036,-0.3154049515724182,-0.10937233738422947,-0.18742048740386963,-0.36771222949028015,-0.1232938366365488,-0.06482040882110596,-0.20139771699905396,-0.06173076577306347,-0.06448760628700256,-0.3103277087211609,-0.09820178620338993,-0.06071007251739502,-0.38654977083206177,-0.1178752826881464,-0.05951744318008423,-0.4557691514492035,-0.12821221075773792,-0.02092421054840088,-0.19100749492645264,-0.0702337222528513,-0.01957482099533081,-0.21529650688171387,-0.11420733950853901,-0.021192729473114014,-0.1349157691001892,-0.11570787153959827,-0.02317708730697632,-0.08168894052505493,-0.10553766511202411,0.018534064292907715,-0.16148489713668823,-0.08165436707258777,0.01705777645111084,-0.15980255603790283,-0.1151243346166666,0.008342862129211426,-0.10481852293014526,-0.11203992090941028,6.300210952758789e-05,-0.06652623414993286,-0.10228653721333103,3
0.0,0.0,0.0,-0.054621338844299316,0.0035703182220458984,-0.020735520691118836,-0.10322815179824829,-0.007695555686950684,-0.04423188400312483,-0.09614402055740356,-0.009850025177001953,-0.07058491539999068,-0.07289332151412964,-0.01935398578643799,-0.09883537125631392,-0.12130969762802124,-0.15963155031204224,-0.05161073413535178,-0.1634325385093689,-0.24103665351867676,-0.0823067499403578,-0.19038549065589905,-0.29233771562576294,-0.0989196969275099,-0.212007075548172,-0.34251901507377625,-0.10954523813768446,-0.07524704933166504,-0.19319206476211548,-0.06354338657899916,-0.087656170129776,-0.3008829355239868,-0.09352260065122664,-0.0954521894454956,-0.3781375288963318,-0.11156915110393584,-0.1020919680595398,-0.4463345408439636,-0.12067676317735732,-0.028704524040222168,-0.18942612409591675,-0.07556036841913283,-0.04150158166885376,-0.1724448800086975,-0.1088706029657942,-0.051568448543548584,-0.09672045707702637,-0.11519532632871687,-0.05753117799758911,-0.044866085052490234,-0.11055719834610045,0.010513842105865479,-0.16297632455825806,-0.08913744968219817,-0.009266555309295654,-0.1074678897857666,-0.11207512748285353,-0.025608956813812256,-0.048687636852264404,-0.1098825557236296,-0.035159170627593994,-0.008550584316253662,-0.10237722080989897,3
0.0,0.0,0.0,-0.06190085411071777,-0.009522974491119385,-0.018482623438444534,-0.12020879983901978,-0.036466240882873535,-0.038172878141608635,-0.15270385146141052,-0.04887425899505615,-0.06033724528094808,-0.15469637513160706,-0.06875765323638916,-0.08172630872866193,-0.11695122718811035,-0.19618874788284302,-0.037351976896729866,-0.16060107946395874,-0.28932636976242065,-0.060656484033074776,-0.18889909982681274,-0.34351107478141785,-0.0717386638774542,-0.20994088053703308,-0.3915000557899475,-0.079765271212068,-0.07018512487411499,-0.21604090929031372,-0.049893542940822044,-0.09147608280181885,-0.3351826071739197,-0.08067737873932401,-0.1065593957901001,-0.4119884669780731,-0.1012455409421591,-0.1187857985496521,-0.4745939075946808,-0.11219090577503721,-0.027852952480316162,-0.2019539475440979,-0.06289115902325193,-0.09136909246444702,-0.19575709104537964,-0.10352582093617002,-0.12496316432952881,-0.12324529886245728,-0.1128293832792906,-0.1449076533317566,-0.06855922937393188,-0.10899851080318967,-0.0020499229431152344,-0.1636594533920288,-0.0765272637858061,-0.06812417507171631,-0.12774991989135742,-0.10699186083218137,-0.1014106273651123,-0.082211434841156,-0.11000183578869382,-0.12502256035804749,-0.04935741424560547,-0.10607973840376417,3
0.0,0.0,0.0,-0.07375138998031616,-0.019414663314819336,-0.017662729704284175,-0.12458586692810059,-0.060527920722961426,-0.03821003400673817,-0.16261598467826843,-0.08120512962341309,-0.06180569865693997,-0.19295558333396912,-0.10462939739227295,-0.0837724652229781,-0.10228139162063599,-0.21172618865966797,-0.0350453291176791,-0.1432551145553589,-0.30407851934432983,-0.060828365021848185,-0.16600698232650757,-0.3616853356361389,-0.0764191817580695,-0.1814902126789093,-0.41250884532928467,-0.08786796742072056,-0.06233245134353638,-0.22220486402511597,-0.04802992903580616,-0.08835494518280029,-0.3421700596809387,-0.08298129551997135,-0.100879967212677,-0.42391788959503174,-0.11039321833243321,-0.10939180850982666,-0.49068742990493774,-0.1269613724290366,-0.030841946601867676,-0.20285624265670776,-0.061107601606749995,-0.10725414752960205,-0.21994000673294067,-0.1008991073905463,-0.1508564054965973,-0.1569250226020813,-0.11178940498223255,-0.17666524648666382,-0.10460740327835083,-0.11085861139883946,-0.017342686653137207,-0.16152286529541016,-0.07511606776108692,-0.09619379043579102,-0.14393877983093262,-0.10508768969168614,-0.13807183504104614,-0.11218702793121338,-0.11048629098524998,-0.16876983642578125,-0.08855098485946655,-0.10946242474904011,3
0.0,0.0,0.0,-0.08250313997268677,-0.03535604476928711,-0.014277065419378232,-0.1277560293674469,-0.0878441333770752,-0.0343017561964416,-0.16346576809883118,-0.11855578422546387,-0.058055835091295194,-0.20049872994422913,-0.14809870719909668,-0.08005211340707774,-0.08366084098815918,-0.2330978512763977,-0.031094955527009915,-0.1170920729637146,-0.3238092064857483,-0.05748573901576037,-0.13211539387702942,-0.3809644877910614,-0.07425612049621577,-0.14027222990989685,-0.4330522418022156,-0.0861806629828834,-0.04942953586578369,-0.23482513427734375,-0.044539766632738065,-0.07843726873397827,-0.34595441818237305,-0.08000460105461116,-0.08692872524261475,-0.4254362881183624,-0.10698924052042003,-0.09081357717514038,-0.4902046024799347,-0.12314200984758372,-0.02598750591278076,-0.20848625898361206,-0.05815085234564776,-0.11192244291305542,-0.23165923357009888,-0.09549226450246806,-0.16613823175430298,-0.18778330087661743,-0.10717926757854457,-0.2016967236995697,-0.1505805253982544,-0.10784438835901256,-0.020905137062072754,-0.1622532606124878,-0.07278337168020244,-0.10468477010726929,-0.15770721435546875,-0.09976800369543071,-0.15005719661712646,-0.13857191801071167,-0.1064191444448852,-0.18558147549629211,-0.12573546171188354,-0.1070842577747726,3
0.0,0.0,0.0,-0.0843009352684021,-0.04121506214141846,-0.008889605115939503,-0.12411513924598694,-0.09885513782501221,-0.027654681179512863,-0.158595472574234,-0.1320284605026245,-0.05043920670806301,-0.1975419521331787,-0.16040921211242676,-0.07221311872064007,-0.06800907850265503,-0.2361249327659607,-0.031903812486518746,-0.09677493572235107,-0.328050822019577,-0.055675966489900475,-0.1059037446975708,-0.38748013973236084,-0.07042160426436794,-0.11060106754302979,-0.44413653016090393,-0.08103294466792477,-0.04126375913619995,-0.2328152060508728,-0.04586851765571964,-0.07498294115066528,-0.3383335471153259,-0.07648522948085201,-0.08339834213256836,-0.4134495258331299,-0.09839695488273037,-0.09150737524032593,-0.47873395681381226,-0.1122697869425906,-0.028073012828826904,-0.20180034637451172,-0.05912121181546581,-0.12461027503013611,-0.22541427612304688,-0.09182803129016293,-0.1761813461780548,-0.18460822105407715,-0.10096940194426907,-0.2111240029335022,-0.15249186754226685,-0.10133688693105114,-0.034199297428131104,-0.15125656127929688,-0.07299404387532604,-0.11938387155532837,-0.15579795837402344,-0.09600825403987301,-0.1611114740371704,-0.14146286249160767,-0.10188813303767574,-0.19468486309051514,-0.13396191596984863,-0.1034499684458865,3
0.0,0.0,0.0,-0.051299452781677246,-0.0663943886756897,0.007982925342844283,-0.08477175235748291,-0.13308560848236084,-0.005723041185660804,-0.1179819107055664,-0.17344516515731812,-0.023637552914692606,-0.15250122547149658,-0.19274890422821045,-0.0413146272129552,-0.05673593282699585,-0.22556054592132568,-0.03290941117472812,-0.09691071510314941,-0.3372478485107422,-0.05617809591956302,-0.11087781190872192,-0.40761440992355347,-0.06785992084212467,-0.1195451021194458,-0.4678087830543518,-0.07469806371398136,-0.05101656913757324,-0.21623289585113525,-0.049102514219953264,-0.0936461091041565,-0.3250330686569214,-0.07469806371398136,-0.10500228404998779,-0.4037382900714874,-0.08761456160016223,-0.11318051815032959,-0.465724378824234,-0.09516500232882663,-0.0590285062789917,-0.18102264404296875,-0.06201900838084384,-0.1521315574645996,-0.21550923585891724,-0.08163117913670703,-0.19894039630889893,-0.19025707244873047,-0.08248594699568912,-0.2275940179824829,-0.16739362478256226,-0.07982667086787387,-0.07913154363632202,-0.12888264656066895,-0.07408073840804263,-0.15701326727867126,-0.14565080404281616,-0.08576256333060428,-0.19273144006729126,-0.13986438512802124,-0.08476533292002841,-0.22063931822776794,-0.1356380581855774,-0.08234349189467594,3
0.0,0.0,0.0,-0.018295884132385254,-0.09210467338562012,0.013759450769896375,-0.06746697425842285,-0.163551926612854,0.0034915567533175818,-0.13019490242004395,-0.16339659690856934,-0.011849269487981928,-0.17707806825637817,-0.14185291528701782,-0.02812565605444206,-0.05294901132583618,-0.22116267681121826,-0.025778045163576735,-0.09497463703155518,-0.31884700059890747,-0.0485800925950457,-0.10475963354110718,-0.38180291652679443,-0.05880731086534752,-0.10686737298965454,-0.43261340260505676,-0.06271224583787216,-0.07394230365753174,-0.1992461085319519,-0.04504705707830681,-0.13574540615081787,-0.30965930223464966,-0.06671016033095611,-0.15959429740905762,-0.38387250900268555,-0.0759611439268042,-0.1719079315662384,-0.44368407130241394,-0.08074934150380386,-0.09694898128509521,-0.1576433777809143,-0.06048085655373825,-0.18464189767837524,-0.19385427236557007,-0.07484544928473724,-0.19223874807357788,-0.1616939902305603,-0.06601285304230942,-0.18175864219665527,-0.14122509956359863,-0.05527427162331833,-0.1209859848022461,-0.10650968551635742,-0.07475247348946823,-0.18881824612617493,-0.1326504945755005,-0.07726279015940918,-0.19009500741958618,-0.11949318647384644,-0.06340956057709946,-0.17965370416641235,-0.11269855499267578,-0.05104392136735214,3
0.0,0.0,0.0,-0.010319173336029053,-0.107779860496521,0.015177504520806906,-0.05904996395111084,-0.1787968873977661,0.00902685931691849,-0.11661922931671143,-0.17972201108932495,-0.0017056929525551823,-0.1593468189239502,-0.16190344095230103,-0.013817552115824583,-0.05564850568771362,-0.2166818380355835,-0.020033315394130113,-0.08969837427139282,-0.3256823420524597,-0.03963960764190233,-0.10062235593795776,-0.3936958909034729,-0.048827104840484026,-0.10667550563812256,-0.44545233249664307,-0.05157387686153925,-0.08900666236877441,-0.18987762928009033,-0.035022188548055055,-0.15024185180664062,-0.29873842000961304,-0.049632188502755525,-0.18436309695243835,-0.3675755262374878,-0.055125743720736864,-0.2105858325958252,-0.4158056974411011,-0.057872515741792085,-0.11807715892791748,-0.14575791358947754,-0.04605664742371118,-0.1686922311782837,-0.1900177001953125,-0.051763307873216036,-0.14678135514259338,-0.17129236459732056,-0.04115507436176813,-0.12749308347702026,-0.15093153715133667,-0.030475799564328554,-0.13783657550811768,-0.0970880389213562,-0.05597819072386301,-0.1609165072441101,-0.13327568769454956,-0.0507214298584131,-0.13948523998260498,-0.12265795469284058,-0.03326993120094812,-0.12389659881591797,-0.10852515697479248,-0.018482335481849077,3
0.0,0.0,0.0,-0.0027187466621398926,-0.10869228839874268,0.01205086786052334,-0.050991833209991455,-0.18320953845977783,0.007114779983965036,-0.10513007640838623,-0.18567782640457153,-0.0003011329159221532,-0.14703267812728882,-0.17139577865600586,-0.00882442683229101,-0.053236305713653564,-0.22195780277252197,-0.025776768254729632,-0.08905529975891113,-0.3330356478691101,-0.04092666894445074,-0.10559260845184326,-0.39908766746520996,-0.04644001290449751,-0.11750108003616333,-0.4489027261734009,-0.047076165827604655,-0.09152764081954956,-0.19020414352416992,-0.0361437314773525,-0.15907210111618042,-0.2919287085533142,-0.04717041194686544,-0.2014206051826477,-0.3501274585723877,-0.05056323871264112,-0.23461508750915527,-0.3890436887741089,-0.05216540038833273,-0.12271773815155029,-0.14637494087219238,-0.04182199776420248,-0.1706826388835907,-0.20727837085723877,-0.043023627402874354,-0.14816749095916748,-0.1933913230895996,-0.03194982201108587,-0.12854927778244019,-0.17102909088134766,-0.022277917864414576,-0.1415148377418518,-0.10363835096359253,-0.04646357164034498,-0.15798437595367432,-0.14952844381332397,-0.03873547554263723,-0.13586634397506714,-0.14128196239471436,-0.021924499573799494,-0.11928170919418335,-0.12444525957107544,-0.007817181910070303,3
0.0,0.0,0.0,-0.07287329435348511,-0.04115414619445801,-0.0006008981590639451,-0.11414825916290283,-0.09204256534576416,-0.016834692317388544,-0.150296151638031,-0.12219887971878052,-0.03642592135383893,-0.18576037883758545,-0.14576417207717896,-0.05572574886991788,-0.06807619333267212,-0.20862019062042236,-0.03642592135383893,-0.12187957763671875,-0.2924323081970215,-0.0579224780531149,-0.1535932421684265,-0.3438624143600464,-0.06863713193251897,-0.18284881114959717,-0.3869374096393585,-0.07558597553088475,-0.056432485580444336,-0.19879859685897827,-0.05065983090116788,-0.11990714073181152,-0.28754451870918274,-0.07818617600514699,-0.15607580542564392,-0.34969425201416016,-0.09369777071788121,-0.18864184617996216,-0.39565473794937134,-0.10320198464705754,-0.05616021156311035,-0.165263831615448,-0.062495260718606005,-0.15898418426513672,-0.17152398824691772,-0.08975262868716527,-0.2026692032814026,-0.13525772094726562,-0.09450472820117284,-0.2297740876674652,-0.1071474552154541,-0.09324945438220311,-0.06928825378417969,-0.11521363258361816,-0.07379271763875295,-0.15167877078056335,-0.11168521642684937,-0.09177002984597493,-0.19009727239608765,-0.09617471694946289,-0.09405641931607533,-0.2188071608543396,-0.08685082197189331,-0.09360810298039723,3
0.0,0.0,0.0,-0.05522114038467407,-0.016553521156311035,-0.018557348646822902,-0.10065534710884094,-0.05459737777709961,-0.03677229712218377,-0.12187665700912476,-0.08874738216400146,-0.05823381374091241,-0.11642670631408691,-0.1290188431739807,-0.07823722565979097,-0.10009929537773132,-0.19953584671020508,-0.02654276544660661,-0.1464080512523651,-0.2783881425857544,-0.049713001944724056,-0.17271551489830017,-0.32478517293930054,-0.06119559834212396,-0.1910008192062378,-0.3694835901260376,-0.0683494409403238,-0.05600249767303467,-0.22104406356811523,-0.03777475038975808,-0.07281917333602905,-0.33516353368759155,-0.06689133251518342,-0.08128798007965088,-0.4082701802253723,-0.0847531458219919,-0.085701584815979,-0.4695222079753876,-0.09263603890747163,-0.01681530475616455,-0.21077805757522583,-0.05076101178735826,-0.06784367561340332,-0.23135912418365479,-0.08949199820369813,-0.09086209535598755,-0.168626606464386,-0.09742045158952806,-0.09967458248138428,-0.12059515714645386,-0.09208924824804399,0.009319663047790527,-0.18202412128448486,-0.06474973762840364,-0.04904580116271973,-0.16948622465133667,-0.0920436879476938,-0.0820913314819336,-0.13069748878479004,-0.0934106608709726,-0.10129019618034363,-0.10211330652236938,-0.08798832202762696,3
0.0,0.0,0.0,-0.047879159450531006,-0.011840462684631348,-0.020730406104405574,-0.09111958742141724,-0.04619193077087402,-0.03831895074137037,-0.0924706757068634,-0.08312106132507324,-0.058324668614943675,-0.07970041036605835,-0.12672221660614014,-0.07752837246545141,-0.10430750250816345,-0.19428128004074097,-0.028939876763899974,-0.1459844708442688,-0.26710790395736694,-0.05293337261565512,-0.17215466499328613,-0.315219521522522,-0.06719134753831213,-0.19237330555915833,-0.3593270778656006,-0.07663725322373693,-0.06292200088500977,-0.2150055170059204,-0.03921007370837515,-0.07314199209213257,-0.32743245363235474,-0.0644734204400379,-0.08098316192626953,-0.39948570728302,-0.0810037553895313,-0.08505386114120483,-0.46044468879699707,-0.08969221269973104,-0.021609902381896973,-0.20254606008529663,-0.051641244499762706,-0.04499262571334839,-0.23720067739486694,-0.0856821537602741,-0.0600353479385376,-0.17807245254516602,-0.09258836513646429,-0.06427842378616333,-0.13572078943252563,-0.08831096446402853,0.014617741107940674,-0.17061281204223633,-0.06549821054824179,-0.01571434736251831,-0.17764341831207275,-0.09080611175187414,-0.034333646297454834,-0.1356455683708191,-0.09004865592606848,-0.04110366106033325,-0.10382026433944702,-0.08363256609328573,3
0.0,0.0,0.0,-0.05014830827713013,-0.011719465255737305,-0.030257195869921816,-0.0863027572631836,-0.058871448040008545,-0.05028611112618364,-0.05961024761199951,-0.10144942998886108,-0.0707860409119121,-0.02602142095565796,-0.13903343677520752,-0.08980566699290193,-0.10301768779754639,-0.20036804676055908,-0.03454109717392839,-0.1398443877696991,-0.2792952358722687,-0.06181452114367403,-0.16431647539138794,-0.33130303025245667,-0.0781426920392505,-0.18509191274642944,-0.37765002250671387,-0.08886365283512987,-0.060845792293548584,-0.22005224227905273,-0.04077630181097902,-0.06904768943786621,-0.3324894309043884,-0.06885716755175508,-0.07309752702713013,-0.4051099419593811,-0.08527505088829912,-0.07582885026931763,-0.4681309461593628,-0.09339426893973268,-0.019870638847351074,-0.2059403657913208,-0.0503758310177318,-0.019865214824676514,-0.24528396129608154,-0.08850479562067903,-0.021061182022094727,-0.17626702785491943,-0.09330455649876512,-0.020492374897003174,-0.12878304719924927,-0.08545447577023424,0.01638573408126831,-0.17346644401550293,-0.06239766691112436,0.009000062942504883,-0.18994140625,-0.09025423664832033,0.001040041446685791,-0.1430843472480774,-0.08783192623639025,-0.003623068332672119,-0.10848003625869751,-0.07912955869221605,3
0.0,0.0,0.0,-0.040547192096710205,0.0022134780883789062,-0.05121088662241391,-0.06687933206558228,-0.03398948907852173,-0.08114566543196133,-0.02650851011276245,-0.07665228843688965,-0.10620120802019528,0.01521611213684082,-0.11756199598312378,-0.12879516818617276,-0.09014427661895752,-0.18407756090164185,-0.06079353281353406,-0.12308937311172485,-0.27163705229759216,-0.09424487390612057,-0.14585870504379272,-0.32777994871139526,-0.11376183369253567,-0.1669594943523407,-0.379832923412323,-0.1262456391105502,-0.04908639192581177,-0.21275544166564941,-0.05674948060010365,-0.054157793521881104,-0.32642269134521484,-0.08800297119711331,-0.056440889835357666,-0.39877206087112427,-0.10400336124990872,-0.06123340129852295,-0.4636433720588684,-0.11147605517004422,-0.01159602403640747,-0.20162278413772583,-0.05740883463118962,0.004189133644104004,-0.22666466236114502,-0.09960764535759381,0.011097252368927002,-0.16054445505142212,-0.10576163866613797,0.01447141170501709,-0.11244642734527588,-0.09767353423927716,0.019888579845428467,-0.17020606994628906,-0.062200157726749694,0.029322504997253418,-0.1740080714225769,-0.09688231238220624,0.03041994571685791,-0.12663686275482178,-0.09881641604994229,0.02940213680267334,-0.08960449695587158,-0.09195911773537091,3
0.0,0.0,0.0,-0.02547401189804077,-0.0022312402725219727,-0.06566129970980228,-0.029516100883483887,-0.045028865337371826,-0.09607286352348865,0.030369222164154053,-0.08650225400924683,-0.11735676575136722,0.08182346820831299,-0.11754697561264038,-0.13451847035122455,-0.06475424766540527,-0.18242567777633667,-0.07176043439341129,-0.07296520471572876,-0.28404122591018677,-0.10734576332998813,-0.08300703763961792,-0.348826140165329,-0.12686299878788532,-0.0930873453617096,-0.4068531394004822,-0.1388930340452248,-0.02500438690185547,-0.20699268579483032,-0.05989866304827274,-0.020474016666412354,-0.31953173875808716,-0.09556811649036945,-0.016617178916931152,-0.39980632066726685,-0.11407584298086704,-0.016248047351837158,-0.4735378324985504,-0.12257256704998554,0.011373639106750488,-0.19499486684799194,-0.054220147166972765,0.0488247275352478,-0.2213771939277649,-0.1066727449340874,0.06963109970092773,-0.1609276533126831,-0.12021704364252628,0.07768136262893677,-0.11581593751907349,-0.11407584298086704,0.04239964485168457,-0.16401070356369019,-0.0532527004523331,0.07266771793365479,-0.1687752604484558,-0.09952203530502857,0.08392345905303955,-0.13228154182434082,-0.11012191671562732,0.08427304029464722,-0.09953486919403076,-0.1071775068683678,3
0.0,0.0,0.0,0.0091744065284729,0.0108681321144104,-0.08810783239977127,0.04475057125091553,-0.023246407508850098,-0.1162921941556192,0.10409766435623169,-0.06229335069656372,-0.12596249642746216,0.15053313970565796,-0.09385263919830322,-0.12926857235805755,0.004580795764923096,-0.1606479287147522,-0.10207603934185272,0.017141640186309814,-0.2677505612373352,-0.14398065271751648,0.017631351947784424,-0.3366786241531372,-0.16547019842045074,0.012954473495483398,-0.39898592233657837,-0.17621497872249847,0.03343433141708374,-0.1887473464012146,-0.07070955696480041,0.0418129563331604,-0.3081394135951996,-0.11100246074573761,0.045736730098724365,-0.3925367593765259,-0.13133487167732483,0.04522740840911865,-0.467008501291275,-0.14042660656349426,0.05612039566040039,-0.18654203414916992,-0.04599658089654213,0.11263632774353027,-0.20236247777938843,-0.10191072585956817,0.15149706602096558,-0.14610505104064941,-0.12364822688476806,0.16971683502197266,-0.10421913862228394,-0.12216048750059372,0.07141613960266113,-0.164772629737854,-0.02696593540684944,0.11742973327636719,-0.16224020719528198,-0.07670183542148834,0.14434653520584106,-0.12386274337768555,-0.09695159706251388,0.1512763500213623,-0.08846849203109741,-0.10058829250709778,3
0.0,0.0,0.0,0.027365267276763916,0.028733551502227783,-0.09511504407231541,0.07620680332183838,0.009744107723236084,-0.13430380161111088,0.13497352600097656,-0.023551881313323975,-0.15259189243619176,0.1849813461303711,-0.05487722158432007,-0.16573646004502507,0.030999302864074707,-0.1290602684020996,-0.12965013916794987,0.05676382780075073,-0.2196832299232483,-0.17471721108262273,0.06821376085281372,-0.28234627842903137,-0.20182276602093907,0.07571804523468018,-0.3441060185432434,-0.21847798760239812,0.048702239990234375,-0.1584475040435791,-0.09274739111964436,0.07995647192001343,-0.24349993467330933,-0.12907863493268223,0.10695821046829224,-0.30501240491867065,-0.14712179537121983,0.12883716821670532,-0.36587101221084595,-0.15953155691926213,0.0643191933631897,-0.16140007972717285,-0.061151445761367995,0.12859952449798584,-0.16670876741409302,-0.11021903987233372,0.17366504669189453,-0.11079716682434082,-0.13201779957120152,0.2003142237663269,-0.06438452005386353,-0.13732460971181126,0.07310891151428223,-0.1497664451599121,-0.03527053530518742,0.12968963384628296,-0.13426625728607178,-0.0810723983794901,0.16068029403686523,-0.09307998418807983,-0.10393251563613148,0.1779610514640808,-0.05764085054397583,-0.1133214914352152,3
0.0,0.0,0.0,0.05227583646774292,0.034087419509887695,-0.09351002644200435,0.10591548681259155,0.007209300994873047,-0.13581001232762446,0.14964067935943604,-0.04214036464691162,-0.15200176309247126,0.19231492280960083,-0.0867224931716919,-0.16253803144593348,0.04385638236999512,-0.1010582447052002,-0.16129846345086207,0.08889484405517578,-0.20065629482269287,-0.21026110123295894,0.10369199514389038,-0.27105939388275146,-0.2395457274784576,0.11142611503601074,-0.3378821015357971,-0.25720942984719386,0.030754804611206055,-0.14692890644073486,-0.11822375129361262,0.0604134202003479,-0.28030747175216675,-0.1620732046236526,0.07509523630142212,-0.36274176836013794,-0.1845402217974197,0.08600109815597534,-0.4353172183036804,-0.20003473232884517,0.030909359455108643,-0.17238736152648926,-0.07421936314005961,0.08610838651657104,-0.2465754747390747,-0.11303308825392833,0.12085866928100586,-0.22460412979125977,-0.12837264906067958,0.13964945077896118,-0.20271050930023193,-0.13410561751027217,0.03444325923919678,-0.1828051209449768,-0.03579299743671527,0.08517593145370483,-0.20776289701461792,-0.07348337243695369,0.11663550138473511,-0.1791285276412964,-0.0914957321753036,0.13258612155914307,-0.15651452541351318,-0.09908803771634211,3
0.0,0.0,0.0,0.030661851167678833,0.01882416009902954,-0.09050363293863484,0.07800212502479553,-0.005948483943939209,-0.12558113030172535,0.13198170065879822,-0.04541444778442383,-0.13833656898714253,0.17914888262748718,-0.0794181227684021,-0.14479023209787556,0.021191388368606567,-0.13836926221847534,-0.12573297313429066,0.05263325572013855,-0.2275368571281433,-0.17037707558847615,0.06551393866539001,-0.28740453720092773,-0.19877314559198567,0.07294681668281555,-0.34769880771636963,-0.21608412257410237,0.032186418771743774,-0.1636980175971985,-0.08769439152456471,0.07555678486824036,-0.25012558698654175,-0.11882376662470051,0.10746106505393982,-0.28979772329330444,-0.1326421796438808,0.12938442826271057,-0.33082395792007446,-0.14304395011640736,0.04573097825050354,-0.16775906085968018,-0.05481872699238011,0.11355450749397278,-0.1907760500907898,-0.09650172284818836,0.1528836190700531,-0.13249975442886353,-0.11358492068029591,0.1725405752658844,-0.08455520868301392,-0.11768489322639653,0.05483785271644592,-0.15760087966918945,-0.027656439608108485,0.11424204707145691,-0.15195602178573608,-0.06988990298486897,0.14239826798439026,-0.10761153697967529,-0.09042769662119099,0.15240851044654846,-0.0697445273399353,-0.09832393369651982,3
0.0,0.0,0.0,0.00869143009185791,0.01729041337966919,-0.10443126974797678,0.0431329607963562,-0.012506961822509766,-0.14533648459411097,0.09611308574676514,-0.047360360622406006,-0.16220298974013758,0.1472611427307129,-0.07375830411911011,-0.17339477507567835,-0.006507754325866699,-0.13819295167922974,-0.14037110475993586,0.006884276866912842,-0.22828412055969238,-0.18821208743548823,0.012123703956604004,-0.29019373655319214,-0.21422118513083888,0.010197639465332031,-0.34901905059814453,-0.22919613687491847,0.015336930751800537,-0.17660748958587646,-0.09978115378117991,0.022675633430480957,-0.28970664739608765,-0.14454833237624598,0.027081310749053955,-0.36936378479003906,-0.16377930907702876,0.02504640817642212,-0.43950867652893066,-0.1729219016263528,0.03298598527908325,-0.18373805284500122,-0.06486590026116801,0.07884526252746582,-0.2077397108078003,-0.12342578737235499,0.11525976657867432,-0.1506550908088684,-0.14785858063197566,0.1339660882949829,-0.11236816644668579,-0.15053831605411006,0.047445476055145264,-0.17163503170013428,-0.03617707459426356,0.09235602617263794,-0.15561258792877197,-0.09623446135020686,0.1206735372543335,-0.10835403203964233,-0.1261055078933282,0.13225209712982178,-0.07439082860946655,-0.13650915591216517,3
0.0,0.0,0.0,-0.004707664251327515,0.019945383071899414,-0.0677299651068779,0.016800105571746826,-0.00037407875061035156,-0.09876502330723724,0.0770922303199768,-0.02205556631088257,-0.11981552119675598,0.12205052375793457,-0.040614306926727295,-0.13711729671183548,-0.014288067817687988,-0.12721437215805054,-0.08506778653088531,-0.008644044399261475,-0.2112445831298828,-0.12385259594145737,-0.010790497064590454,-0.2690584361553192,-0.14439845110598526,-0.015874028205871582,-0.32546377182006836,-0.1567259731453987,0.01822984218597412,-0.15392225980758667,-0.07075777675333939,0.031407952308654785,-0.2570759057998657,-0.11404826517525635,0.040673911571502686,-0.33323368430137634,-0.13841491963091812,0.04697698354721069,-0.40201225876808167,-0.15067034985247574,0.04484713077545166,-0.14553552865982056,-0.06084530080977402,0.09334772825241089,-0.1542961597442627,-0.1192387941044899,0.12235814332962036,-0.09394872188568115,-0.13791027690592728,0.1361352801322937,-0.04861915111541748,-0.13481038834277115,0.06444394588470459,-0.11963963508605957,-0.05468154724064789,0.10220122337341309,-0.11777305603027344,-0.10525318260613403,0.12299960851669312,-0.07738101482391357,-0.11909461046877823,0.13078773021697998,-0.04182678461074829,-0.11837369974080048,3
0.0,0.0,0.0,-0.03290820121765137,0.007412075996398926,-0.04646291668439062,-0.0534248948097229,-0.012355506420135498,-0.0784729988398567,-0.021760523319244385,-0.02558666467666626,-0.10622857968235166,0.016138553619384766,-0.04118704795837402,-0.13229587386274488,-0.08084863424301147,-0.14170223474502563,-0.066823762756826,-0.10074159502983093,-0.22267740964889526,-0.09880008260631712,-0.11539509892463684,-0.27388501167297363,-0.1162908197464958,-0.1285502314567566,-0.3238643407821655,-0.12756864438676985,-0.04597187042236328,-0.16828829050064087,-0.06256925771856459,-0.028027474880218506,-0.2598968744277954,-0.09549101899290235,-0.014130711555480957,-0.3299683630466461,-0.11156359772110136,-0.00595170259475708,-0.3926239013671875,-0.11872195909643324,-0.014850378036499023,-0.16408562660217285,-0.061151088130714015,0.009336471557617188,-0.15290331840515137,-0.09852994690561445,0.016011595726013184,-0.08488184213638306,-0.10021824846887739,0.016626954078674316,-0.038376569747924805,-0.09076378951692732,0.012449264526367188,-0.1446484923362732,-0.06385235945606382,0.030189335346221924,-0.1226273775100708,-0.0929923401298538,0.03580397367477417,-0.07113087177276611,-0.09103391776704939,0.03581458330154419,-0.03218561410903931,-0.08198465864086302,3
0.0,0.0,0.0,-0.036833107471466064,0.009441971778869629,-0.03384165642847847,-0.06529217958450317,-0.0011749267578125,-0.05983585296263527,-0.04841434955596924,-0.02077394723892212,-0.08468934698095154,-0.031347036361694336,-0.047361135482788086,-0.10791820092191529,-0.10324972867965698,-0.13015782833099365,-0.05019172830571961,-0.14425376057624817,-0.19588249921798706,-0.08137093288888764,-0.17014408111572266,-0.23863214254379272,-0.09893084866990876,-0.19379085302352905,-0.2788892984390259,-0.10902433646907639,-0.06765252351760864,-0.15875869989395142,-0.05323360292305779,-0.07963424921035767,-0.2515866160392761,-0.08496587527980637,-0.08881893754005432,-0.3178313374519348,-0.1010739932774527,-0.10023036599159241,-0.3783222436904907,-0.10750339729776215,-0.032036662101745605,-0.15826767683029175,-0.05872971741547417,-0.02214956283569336,-0.16147011518478394,-0.09512850446691345,-0.01715618371963501,-0.09631150960922241,-0.09671857757558655,-0.01672273874282837,-0.05342292785644531,-0.08683248413791489,0.0010620355606079102,-0.139165997505188,-0.06716400934448075,0.009104788303375244,-0.12222498655319214,-0.0912570263265593,0.006103157997131348,-0.07387435436248779,-0.08627942008962464,0.0004260540008544922,-0.040493905544281006,-0.07563286079158615,3
0.0,0.0,0.0,-0.028392016887664795,0.021559596061706543,-0.036821266839638156,-0.055732131004333496,0.026021957397460938,-0.06464969573391954,-0.050447940826416016,-0.0041010379791259766,-0.09079209921731035,-0.04348272085189819,-0.04236632585525513,-0.1151578447021393,-0.12335538864135742,-0.07641386985778809,-0.05243056474103014,-0.18386310338974,-0.11054956912994385,-0.08470066843403856,-0.22142547369003296,-0.13332736492156982,-0.10224980322493593,-0.2553552985191345,-0.15467196702957153,-0.11109688339604418,-0.1007012128829956,-0.11904400587081909,-0.053953422436848086,-0.14651453495025635,-0.19849324226379395,-0.08441060243023912,-0.1759183406829834,-0.253933846950531,-0.09876897392643968,-0.20323747396469116,-0.3004864454269409,-0.10312000123633425,-0.0685495138168335,-0.13621968030929565,-0.058485744724407596,-0.05874288082122803,-0.14425435662269592,-0.09543319253100435,-0.03669792413711548,-0.09244346618652344,-0.09811632541789095,-0.02386295795440674,-0.05263686180114746,-0.08789140937699358,-0.03282278776168823,-0.1342354714870453,-0.06595500765217821,-0.022078990936279297,-0.13463658094406128,-0.08948679474963228,-0.00878208875656128,-0.09145069122314453,-0.0830327740110306,-0.0011432170867919922,-0.05336308479309082,-0.07081365046872179,3
0.0,0.0,0.0,-0.01945340633392334,0.029996216297149658,-0.041674641421252545,-0.04384493827819824,0.03702026605606079,-0.06944506382029658,-0.03643357753753662,-0.005269169807434082,-0.09400418912451869,-0.032873690128326416,-0.048494935035705566,-0.11641029035132533,-0.13088339567184448,-0.029324889183044434,-0.056307939341479596,-0.19620835781097412,-0.04126816987991333,-0.08648683642428523,-0.2377910614013672,-0.04802983999252319,-0.10290824388545161,-0.2753748595714569,-0.05322462320327759,-0.11181229864638453,-0.12038952112197876,-0.07877683639526367,-0.054629308631831464,-0.17861956357955933,-0.13991260528564453,-0.08247271691840297,-0.21641400456428528,-0.18411359190940857,-0.09553685550969249,-0.25152644515037537,-0.2188774049282074,-0.10020782565158015,-0.09394872188568115,-0.10441198945045471,-0.056307939341479596,-0.08241420984268188,-0.12869521975517273,-0.09181466465275889,-0.0445098876953125,-0.09197813272476196,-0.09415016089957362,-0.020765602588653564,-0.05848613381385803,-0.0843702903894723,-0.060823261737823486,-0.11218297481536865,-0.061489803245478925,-0.0468672513961792,-0.12351882457733154,-0.0867787650732339,-0.022756516933441162,-0.09363877773284912,-0.0823997310308755,-0.007562875747680664,-0.061205774545669556,-0.07189002399724131,3
0.0,0.0,0.0,-0.010543644428253174,0.03555440902709961,-0.048300726871673305,-0.02995210886001587,0.05013054609298706,-0.08059423656362696,-0.027433037757873535,0.007909774780273438,-0.10853514314788981,-0.025451362133026123,-0.03962111473083496,-0.13387852401632472,-0.12586331367492676,0.007980644702911377,-0.06683439255851908,-0.19162416458129883,0.009810388088226318,-0.10193602980274363,-0.23444557189941406,0.012919485569000244,-0.1213823431839387,-0.27431777119636536,0.015869617462158203,-0.13268507511514827,-0.12277746200561523,-0.0461694598197937,-0.0631136247624795,-0.18657419085502625,-0.1010589599609375,-0.09737281740802928,-0.22937139868736267,-0.14178308844566345,-0.11358977348703547,-0.2695135474205017,-0.17179960012435913,-0.11997827381986781,-0.10070520639419556,-0.07899969816207886,-0.06293811143535777,-0.09140557050704956,-0.10831519961357117,-0.1041825363149087,-0.044674456119537354,-0.08130902051925659,-0.10523557902473613,-0.014718413352966309,-0.05277138948440552,-0.0931606242169778,-0.06980770826339722,-0.09625124931335449,-0.06662377954620524,-0.057906150817871094,-0.1148834228515625,-0.09638996661800547,-0.028051376342773438,-0.09335640072822571,-0.09154594929117366,-0.006838023662567139,-0.06405669450759888,-0.07954118640321894,3
0.0,0.0,0.0,-0.008173644542694092,0.03602898120880127,-0.045446069939430345,-0.02666550874710083,0.0538715124130249,-0.07793579067140399,-0.02342313528060913,0.013313889503479004,-0.10668060000091373,-0.020389676094055176,-0.036612868309020996,-0.1333336364760953,-0.11961805820465088,0.029327034950256348,-0.06906269307285129,-0.1862541139125824,0.04117816686630249,-0.10384660775810062,-0.22865793108940125,0.048627257347106934,-0.12267242188602268,-0.2679409384727478,0.0543978214263916,-0.13434578294902622,-0.12103897333145142,-0.025465697050094604,-0.06659981424957095,-0.1849634349346161,-0.07380831241607666,-0.10168736989646732,-0.2294827401638031,-0.11153465509414673,-0.11821900869756519,-0.27182358503341675,-0.1387513279914856,-0.12523650939613162,-0.10331845283508301,-0.061828941106796265,-0.06690345521121799,-0.09339028596878052,-0.0932653546333313,-0.1072878744736272,-0.04429268836975098,-0.0730864405632019,-0.10782769138961612,-0.012956798076629639,-0.04962897300720215,-0.09649171496778308,-0.07622694969177246,-0.08588653802871704,-0.0709857624307233,-0.060018837451934814,-0.1028953492641449,-0.10195728207975208,-0.026520371437072754,-0.08481389284133911,-0.09811113591342746,-0.0018056631088256836,-0.058953046798706055,-0.08711254413276492,3
0.0,0.0,0.0,-0.010499060153961182,0.036020636558532715,-0.04277212290810439,-0.03331106901168823,0.05141296982765198,-0.07275391115592811,-0.03768390417098999,0.006134718656539917,-0.0995907534544358,-0.04322391748428345,-0.04182741045951843,-0.12447074546264503,-0.12830013036727905,0.03484797477722168,-0.0599295322482476,-0.19287079572677612,0.05184757709503174,-0.09281165643380973,-0.23414722084999084,0.06384086608886719,-0.1115415443365464,-0.2718234062194824,0.0723714828491211,-0.12314288808750007,-0.13177108764648438,-0.018855005502700806,-0.059055936772097084,-0.20003733038902283,-0.05723172426223755,-0.09232244386123512,-0.2483876645565033,-0.08874315023422241,-0.10972446693824622,-0.2921762466430664,-0.1125255823135376,-0.11741210265802238,-0.11412590742111206,-0.05596950650215149,-0.06118750690268371,-0.11588090658187866,-0.0867152214050293,-0.10217660411046836,-0.06561142206192017,-0.07293757796287537,-0.10420334084676597,-0.03076803684234619,-0.0568079948425293,-0.09358042224096152,-0.08634275197982788,-0.0801994800567627,-0.06663874282287452,-0.0769338607788086,-0.09494462609291077,-0.09903166188644263,-0.04338705539703369,-0.07956838607788086,-0.09630603833841178,-0.01732689142227173,-0.0596960186958313,-0.08582290007518623,3
0.0,0.0,0.0,-0.015036582946777344,0.033974021673202515,-0.04336779482463271,-0.04300129413604736,0.04391321539878845,-0.07190532155135543,-0.04500281810760498,-0.006472676992416382,-0.09722379512885482,-0.04727613925933838,-0.05488535761833191,-0.12073379672864348,-0.1374528408050537,0.004303425550460815,-0.058595041854175633,-0.20522567629814148,0.009356081485748291,-0.08948357321122558,-0.24841773509979248,0.014937877655029297,-0.10785755432942778,-0.2869569957256317,0.018991917371749878,-0.11957637883523375,-0.13196659088134766,-0.048327893018722534,-0.05628021351793677,-0.19627892971038818,-0.09828561544418335,-0.08781979150870711,-0.2400241196155548,-0.138655424118042,-0.10575973905423552,-0.27935653924942017,-0.16962844133377075,-0.1146573639641133,-0.10923099517822266,-0.08010232448577881,-0.05703976668218047,-0.11182761192321777,-0.11164852976799011,-0.09584936417439849,-0.06610965728759766,-0.09072241187095642,-0.09968330628970534,-0.03462594747543335,-0.06983086466789246,-0.09114736236432464,-0.07935178279876709,-0.09710398316383362,-0.061199228389057225,-0.07572722434997559,-0.11316189169883728,-0.09252179331878096,-0.04637157917022705,-0.09561583399772644,-0.09121969260075957,-0.023502349853515625,-0.07369625568389893,-0.08224973000386626,3
0.0,0.0,0.0,-0.02457249164581299,0.03290373086929321,-0.03823885691525675,-0.05330616235733032,0.0415041446685791,-0.06581674886109568,-0.04973721504211426,0.004384517669677734,-0.09117531401278711,-0.048901259899139404,-0.03964591026306152,-0.11511495334269739,-0.14483126997947693,-0.03103959560394287,-0.05413798240186907,-0.2073667049407959,-0.04660516977310181,-0.08280734342696405,-0.248488187789917,-0.05657660961151123,-0.09888838601472116,-0.28541111946105957,-0.06670519709587097,-0.10885717344643808,-0.12796789407730103,-0.07992574572563171,-0.05479286608459688,-0.17721059918403625,-0.15055638551712036,-0.08528136086823679,-0.20983442664146423,-0.20492029190063477,-0.10172621530654169,-0.24068555235862732,-0.2485409379005432,-0.10907546800734735,-0.09809362888336182,-0.10358929634094238,-0.05806728822352625,-0.09172976016998291,-0.1284371018409729,-0.09575949979188181,-0.057223618030548096,-0.08825257420539856,-0.10041644794108606,-0.036747753620147705,-0.056499600410461426,-0.09313995761038996,-0.06374084949493408,-0.10961279273033142,-0.06421591711404062,-0.05291539430618286,-0.11333230137825012,-0.09277613085868097,-0.030304908752441406,-0.07947468757629395,-0.09124806893231607,-0.01671367883682251,-0.04895558953285217,-0.08302564543845392,3
0.0,0.0,0.0,-0.03759080171585083,0.012733697891235352,-0.028790339448278246,-0.06889593601226807,0.0017092227935791016,-0.052111221098130045,-0.05655258893966675,-0.025677919387817383,-0.07507928609174996,-0.042366623878479004,-0.06338244676589966,-0.09737700372261315,-0.11376595497131348,-0.1182323694229126,-0.04576060324234277,-0.16167587041854858,-0.17070209980010986,-0.07141003906053811,-0.19170472025871277,-0.20412784814834595,-0.08509915470403939,-0.21744132041931152,-0.23794782161712646,-0.09363719969314843,-0.07913464307785034,-0.14726665616035461,-0.050135472410147486,-0.09314736723899841,-0.24065303802490234,-0.07790178208870202,-0.10133090615272522,-0.30629414319992065,-0.09215539097112924,-0.11026278138160706,-0.36404651403427124,-0.09836487620395928,-0.04305022954940796,-0.14806067943572998,-0.0563096828691414,-0.03471320867538452,-0.16091078519821167,-0.09060302525085717,-0.02732449769973755,-0.10049450397491455,-0.09321382790130883,-0.02328282594680786,-0.060775816440582275,-0.08538139759821206,-0.01014852523803711,-0.13084959983825684,-0.06467133163732797,-0.004777252674102783,-0.1291969120502472,-0.08869782983583718,-0.0036374926567077637,-0.0847771167755127,-0.08460521846336633,-0.004095733165740967,-0.050594329833984375,-0.07536153643650323,3
0.0,0.0,0.0,-0.03896445035934448,-0.0051457881927490234,-0.027334018537771954,-0.06934687495231628,-0.026336371898651123,-0.05040018346346642,-0.0539264976978302,-0.03894299268722534,-0.07344885628856446,-0.0290413498878479,-0.06199723482131958,-0.09660245936549927,-0.07258036732673645,-0.16322940587997437,-0.04956077870167519,-0.1039983332157135,-0.24008893966674805,-0.07449810665286805,-0.12162357568740845,-0.2875858545303345,-0.08687934737838532,-0.1348109245300293,-0.33399948477745056,-0.09443399768508698,-0.032525479793548584,-0.1759946346282959,-0.0536179029587629,-0.01614612340927124,-0.2664015293121338,-0.08086359959281708,-0.00011271238327026367,-0.33157452940940857,-0.09387439202703263,0.012483596801757812,-0.38908588886260986,-0.0989108280483606,-0.00023758411407470703,-0.16107547283172607,-0.058969114834440006,0.0038530826568603516,-0.15366029739379883,-0.09163596939481522,-0.0024817585945129395,-0.08994913101196289,-0.09499359589256073,-0.006294131278991699,-0.048616647720336914,-0.08820839684642579,0.024557888507843018,-0.13362783193588257,-0.06634888511337067,0.02176988124847412,-0.11270642280578613,-0.0900970668736818,0.009830713272094727,-0.06440079212188721,-0.08764879863895203,0.0003380775451660156,-0.03021293878555298,-0.07967444967664505,3
0.0,0.0,0.0,-0.034152984619140625,-0.023495078086853027,-0.02502951176603574,-0.055165231227874756,-0.05875277519226074,-0.047809924574096385,-0.0373559296131134,-0.0564115047454834,-0.07131045648594636,-0.014416515827178955,-0.062144577503204346,-0.09568918088217515,-0.02257835865020752,-0.18856078386306763,-0.04875837603350419,-0.02914351224899292,-0.2749609351158142,-0.07306684890528459,-0.02994486689567566,-0.32768040895462036,-0.08676671573658723,-0.027392297983169556,-0.3766588568687439,-0.09575943985720414,0.019524484872817993,-0.17956161499023438,-0.05487062001367349,0.06252023577690125,-0.2546842694282532,-0.07981139758368272,0.09762677550315857,-0.3045033812522888,-0.09301945904036302,0.12625417113304138,-0.3494107127189636,-0.09941272774477738,0.046488553285598755,-0.14707380533218384,-0.06193132290383119,0.05009034276008606,-0.14084100723266602,-0.09056051412363786,0.023526817560195923,-0.08762365579605103,-0.09344100543995637,0.005578041076660156,-0.05486172437667847,-0.08817182818194169,0.061852484941482544,-0.10497546195983887,-0.07099430599947709,0.05263957381248474,-0.08665907382965088,-0.09252767601748246,0.026380151510238647,-0.04812729358673096,-0.08901489117880601,0.007219880819320679,-0.022345364093780518,-0.08121650257845658,3
0.0,0.0,0.0,-0.03271928429603577,-0.032106101512908936,-0.025016382895273637,-0.05136212706565857,-0.07529330253601074,-0.047113948128981065,-0.03557494282722473,-0.07707560062408447,-0.06974527295665212,-0.015000402927398682,-0.0820002555847168,-0.09287478085593648,-0.002817988395690918,-0.19631624221801758,-0.04800354372696347,0.007939964532852173,-0.28469356894493103,-0.07220056708888478,0.015680819749832153,-0.3383517861366272,-0.08511749710874028,0.026422441005706787,-0.3853020668029785,-0.09372878130511708,0.03916651010513306,-0.18106013536453247,-0.05294969733790822,0.0929006040096283,-0.24027204513549805,-0.08027809169129796,0.13639149069786072,-0.2798254191875458,-0.0942269569261498,0.17187657952308655,-0.3139939308166504,-0.10041854586438603,0.06405290961265564,-0.1471061110496521,-0.05874987002448506,0.06441453099250793,-0.13230657577514648,-0.0895298948510117,0.0292874276638031,-0.0839645266532898,-0.09259010162190862,0.004284173250198364,-0.052039384841918945,-0.0868966883047051,0.0765514075756073,-0.10621249675750732,-0.06661389823989339,0.0603661835193634,-0.07769203186035156,-0.09052623864249654,0.026052206754684448,-0.04158377647399902,-0.08903171922997899,-0.00042960047721862793,-0.01700824499130249,-0.08212845083312459,3
0.0,0.0,0.0,-0.03128880262374878,-0.04199010133743286,-0.026610521832310496,-0.04478079080581665,-0.09516739845275879,-0.04957037256082231,-0.02812957763671875,-0.10043549537658691,-0.07310747937282258,-0.0006093084812164307,-0.1035764217376709,-0.09690528945048982,0.02746674418449402,-0.20269238948822021,-0.0471868722232216,0.05303603410720825,-0.28611135482788086,-0.07217643246968919,0.07097828388214111,-0.3380884528160095,-0.08677539811452561,0.0892135500907898,-0.38257861137390137,-0.0973521901758545,0.06611001491546631,-0.17532867193222046,-0.05299666733463937,0.1283816695213318,-0.221421480178833,-0.08416843996366197,0.17825394868850708,-0.25095510482788086,-0.10152332321723634,0.21865242719650269,-0.27851855754852295,-0.10986558930000001,0.08402562141418457,-0.1353546380996704,-0.05981199652870828,0.07980793714523315,-0.1327703595161438,-0.0960859640034073,0.03994190692901611,-0.08567452430725098,-0.10010812268575364,0.013525128364562988,-0.055570006370544434,-0.09407488093694383,0.08905589580535889,-0.09330439567565918,-0.06860116706212693,0.06585705280303955,-0.08108371496200562,-0.09854394779523545,0.025560110807418823,-0.051036834716796875,-0.0987674056084984,-0.0048133134841918945,-0.031533122062683105,-0.0922872482331627,3
0.0,0.0,0.0,-0.028698444366455078,-0.04527324438095093,-0.028063384947699888,-0.03639143705368042,-0.09800434112548828,-0.049991386142892225,-0.017686516046524048,-0.10545694828033447,-0.07106207138053833,0.007814526557922363,-0.11454492807388306,-0.09220896488182007,0.045143723487854004,-0.19233131408691406,-0.050029484686774595,0.08311742544174194,-0.2714977264404297,-0.07529144561044632,0.10749715566635132,-0.3184773921966553,-0.08870354121677337,0.1320527195930481,-0.35937434434890747,-0.09807675158731399,0.08084523677825928,-0.15867149829864502,-0.054411275443953855,0.14750945568084717,-0.19869941473007202,-0.08512189811222015,0.20047223567962646,-0.2198438048362732,-0.10104875838510452,0.2464504837989807,-0.24017953872680664,-0.1086692494725412,0.09545338153839111,-0.115520179271698,-0.05985993346325813,0.0963829755783081,-0.11628055572509766,-0.09876259243242203,0.05542099475860596,-0.07961976528167725,-0.10600207572929321,0.02810385823249817,-0.05556988716125488,-0.1020394173835939,0.09694385528564453,-0.07195985317230225,-0.06698509877674041,0.07108741998672485,-0.05780470371246338,-0.10082013731948791,0.028543442487716675,-0.03528827428817749,-0.10501140928022323,-0.0017851591110229492,-0.02139866352081299,-0.10127736454955993,3
0.0,0.0,0.0,0.048576295375823975,0.03586810827255249,-0.01681832197755284,0.09034261107444763,0.030417442321777344,-0.046725975085792015,0.12473613023757935,0.0355868935585022,-0.07300580825358338,0.1650034487247467,0.03347206115722656,-0.10432220782786317,0.10814505815505981,-0.05094248056411743,-0.10611741032153077,0.15355733036994934,-0.0849648118019104,-0.1631651126936049,0.196708083152771,-0.08661669492721558,-0.2052527421310515,0.23446759581565857,-0.08205652236938477,-0.23517287309914536,0.08503004908561707,-0.07392054796218872,-0.12117720182686753,0.12972071766853333,-0.1183469295501709,-0.18211453195362992,0.16835835576057434,-0.13810580968856812,-0.22400269444733567,0.20611003041267395,-0.1499192714691162,-0.2573137634590239,0.05038559436798096,-0.08657783269882202,-0.1318487131193251,0.08681699633598328,-0.13452351093292236,-0.18839775558262772,0.12085315585136414,-0.16132813692092896,-0.22400269444733567,0.14906546473503113,-0.17773479223251343,-0.24973398979454942,0.01301679015159607,-0.08960521221160889,-0.13962795372754044,0.024272263050079346,-0.121090829372406,-0.1900932097032637,0.0354059636592865,-0.14010745286941528,-0.21662237282544083,0.0475294291973114,-0.1603044867515564,-0.23656914170533128,3
0.0,0.0,0.0,0.0512428879737854,0.01008903980255127,-0.03191788335561796,0.09258857369422913,-0.023313283920288086,-0.04713925932765051,0.08084803819656372,-0.07610869407653809,-0.06223053326129957,0.0654703676700592,-0.12863856554031372,-0.07528362264156385,0.132550448179245,-0.1515370011329651,-0.021390849996805628,0.18739619851112366,-0.20495730638504028,-0.04553472464203878,0.21995168924331665,-0.24006175994873047,-0.06040917177915617,0.24655652046203613,-0.2757342755794525,-0.07016645957946821,0.09632331132888794,-0.1852208971977234,-0.026236970250010927,0.13093483448028564,-0.2854019105434418,-0.05585577179908796,0.15061989426612854,-0.34563061594963074,-0.07450303276300474,0.16634657979011536,-0.40074867010116577,-0.08326291133880659,0.054476410150527954,-0.1867195963859558,-0.03499684696316763,0.06431975960731506,-0.24344134330749512,-0.08421695818424269,0.05679291486740112,-0.1718236207962036,-0.09505839486837431,0.05102398991584778,-0.11980444192886353,-0.08833671202182813,0.010668456554412842,-0.16673415899276733,-0.04544799243330999,0.018870294094085693,-0.17562073469161987,-0.09132894714593931,0.021251052618026733,-0.11557674407958984,-0.09835419644832655,0.02309185266494751,-0.07048779726028442,-0.09245645840883299,3
0.0,0.0,0.0,0.04857751727104187,0.005800604820251465,-0.03321351654778937,0.09071367979049683,-0.027576982975006104,-0.049786919578423294,0.08121320605278015,-0.06806159019470215,-0.06633831359397391,0.057929396629333496,-0.1119762659072876,-0.08117294110309103,0.12716257572174072,-0.16510677337646484,-0.022373676150550637,0.17647024989128113,-0.22698873281478882,-0.04886250741731146,0.2077934443950653,-0.26368677616119385,-0.0651057640458248,0.23318788409233093,-0.2992497384548187,-0.07496616788159827,0.08873894810676575,-0.19794785976409912,-0.027292873560895714,0.11468610167503357,-0.3035869598388672,-0.058502813651671204,0.1308472752571106,-0.36708390712738037,-0.07716715134631613,0.14243581891059875,-0.4218873381614685,-0.08495863325845221,0.047059595584869385,-0.1968761682510376,-0.03662504427086333,0.05037796497344971,-0.25022125244140625,-0.08746775783549765,0.04853898286819458,-0.17095619440078735,-0.09974923528682211,0.04772499203681946,-0.11275362968444824,-0.09279413320075491,0.004999130964279175,-0.17261630296707153,-0.047894077226033005,0.009132742881774902,-0.17351478338241577,-0.09393864668857077,0.01342722773551941,-0.1120063066482544,-0.10168610311995963,0.017271071672439575,-0.06611913442611694,-0.09596354313146094,3
0.0,0.0,0.0,0.052521347999572754,-0.011453866958618164,-0.026497300591927342,0.09654068946838379,-0.056725263595581055,-0.04032269294248181,0.10491752624511719,-0.1016421914100647,-0.05552836681590634,0.0853998064994812,-0.13334649801254272,-0.06856179411397534,0.1066618263721466,-0.2063298225402832,-0.016688285273176007,0.14318999648094177,-0.2822797894477844,-0.03830884943590718,0.163740873336792,-0.32661172747612,-0.052405772608381085,0.17820298671722412,-0.3698098659515381,-0.0622260997711237,0.06636446714401245,-0.223335862159729,-0.023782001685958676,0.07301315665245056,-0.33461982011795044,-0.053175104659658246,0.07457566261291504,-0.3984997868537903,-0.07240846182094174,0.07299542427062988,-0.45346617698669434,-0.08150471175895291,0.027102351188659668,-0.2088538408279419,-0.03428115497217732,0.0394766628742218,-0.26429009437561035,-0.08105217094407635,0.0583530068397522,-0.20082682371139526,-0.0951264592526968,0.06896421313285828,-0.14820343255996704,-0.09118928189263897,-0.007053852081298828,-0.1731480360031128,-0.046205839019876294,0.016894936561584473,-0.18215405941009521,-0.08648276503072339,0.04130584001541138,-0.13569611310958862,-0.09576002682433682,0.05756273865699768,-0.09472554922103882,-0.09295422012792187,3
0.0,0.0,0.0,0.06513094902038574,-0.02520573139190674,0.001740518180156414,0.11257404088973999,-0.06959378719329834,-0.004158889837128754,0.1455918252468109,-0.09182703495025635,-0.018218457195473547,0.17720741033554077,-0.10089361667633057,-0.02935169959397399,0.08864569664001465,-0.19586211442947388,0.007111866996126537,0.12220245599746704,-0.26733654737472534,-0.0031467771246411758,0.1389683485031128,-0.30901849269866943,-0.010110553781998988,0.146572083234787,-0.34878039360046387,-0.01621623286933982,0.05823391675949097,-0.2107332944869995,-0.012057770471585627,0.07849946618080139,-0.31603267788887024,-0.03353216635019862,0.08792072534561157,-0.381328284740448,-0.049109907317472334,0.09105631709098816,-0.43119364976882935,-0.056766757238222,0.03216445446014404,-0.19840526580810547,-0.031573948878360625,0.0983772873878479,-0.2315077781677246,-0.06191533194811427,0.11987054347991943,-0.168695330619812,-0.0636315210345515,0.12508556246757507,-0.1283646821975708,-0.0552265881183871,0.021749764680862427,-0.16613119840621948,-0.05148616569073283,0.08843168616294861,-0.1633623242378235,-0.07357663797171199,0.12466174364089966,-0.1289857029914856,-0.07282854752571666,0.14611312747001648,-0.10403871536254883,-0.06605178998739802,3
0.0,0.0,0.0,0.07086804509162903,-0.028424084186553955,0.010743003773086457,0.11742040514945984,-0.0733640193939209,0.006050846973948865,0.15344378352165222,-0.09820044040679932,-0.009233719234771343,0.1844790279865265,-0.10686224699020386,-0.02188636412233791,0.08860370516777039,-0.19823992252349854,0.012091323236518292,0.12004613876342773,-0.2634066045284271,-0.000171148860545145,0.13648441433906555,-0.30654436349868774,-0.009034168471998782,0.14127996563911438,-0.3458143472671509,-0.016795103003687473,0.06419980525970459,-0.20962893962860107,-0.013235535969442935,0.09020814299583435,-0.30703461170196533,-0.03932824035496196,0.1015489399433136,-0.37575775384902954,-0.05846361120552501,0.10690397024154663,-0.4303959310054779,-0.06843039443106136,0.043020933866500854,-0.19178146123886108,-0.03786126946420154,0.12508198618888855,-0.21148133277893066,-0.06795579244703731,0.14656895399093628,-0.1475510597229004,-0.06592792322248897,0.15132170915603638,-0.10971426963806152,-0.055572812010950656,0.03925049304962158,-0.15244704484939575,-0.0624762182435461,0.1141265332698822,-0.14642828702926636,-0.08124484171480617,0.1499754786491394,-0.11503040790557861,-0.07598099162191829,0.1712588667869568,-0.09400659799575806,-0.06683398832888088,3
0.0,0.0,0.0,0.07351016998291016,-0.021750211715698242,0.006959835489709576,0.12188917398452759,-0.059088289737701416,-0.0010747435004816452,0.16047310829162598,-0.07765376567840576,-0.019109441010783712,0.19388306140899658,-0.08327031135559082,-0.03469583210213045,0.09357661008834839,-0.186598002910614,0.0071614295742108425,0.12691819667816162,-0.25262707471847534,-0.008700829973946611,0.14663684368133545,-0.29818907380104065,-0.019661173267792265,0.1528395116329193,-0.3413426876068115,-0.02811750773949484,0.07451659440994263,-0.19934189319610596,-0.01627651606364111,0.10945701599121094,-0.28780049085617065,-0.04426624443991045,0.12561017274856567,-0.3537754714488983,-0.06306753125650744,0.13267582654953003,-0.411342591047287,-0.0722347479747043,0.05804196000099182,-0.18219947814941406,-0.039597751616071264,0.14326289296150208,-0.19105535745620728,-0.07125861015779833,0.16422158479690552,-0.12720882892608643,-0.07134348717195849,0.16862159967422485,-0.0888165831565857,-0.06209138971431116,0.056732177734375,-0.14316827058792114,-0.06315240827066759,0.1295972466468811,-0.12199914455413818,-0.08114731874925951,0.1593894064426422,-0.08850705623626709,-0.07703055259449343,0.17631548643112183,-0.06645351648330688,-0.06892436560852389,3
0.0,0.0,0.0,0.06906047463417053,-0.009083211421966553,0.004498278173656445,0.11986306309700012,-0.04794871807098389,-0.0019239085623610208,0.15812590718269348,-0.06681168079376221,-0.01750971711143734,0.18752825260162354,-0.07386976480484009,-0.030058575411288757,0.10230448842048645,-0.18095922470092773,0.005424403036982994,0.13818135857582092,-0.24347317218780518,-0.011430538807957191,0.157701313495636,-0.2856940031051636,-0.023050633807628174,0.16230979561805725,-0.32762086391448975,-0.0319583170013118,0.08097898960113525,-0.19429057836532593,-0.017562487711160202,0.11791706085205078,-0.2856098413467407,-0.046016415198295135,0.13818320631980896,-0.348751962184906,-0.06501384972497704,0.14706119894981384,-0.40368327498435974,-0.07447034268543007,0.060575395822525024,-0.17839384078979492,-0.04071824400588753,0.14395713806152344,-0.18296414613723755,-0.07257060109540703,0.15533483028411865,-0.11322396993637085,-0.06999539731904747,0.15072426199913025,-0.07653695344924927,-0.05885023399159195,0.05576622486114502,-0.13897603750228882,-0.06454946248695137,0.1267729103565216,-0.11233049631118774,-0.08358911572858574,0.14666271209716797,-0.07190561294555664,-0.07801653592750313,0.15240272879600525,-0.048399150371551514,-0.06864446549579384,3
0.0,0.0,0.0,0.06551101803779602,-0.010420441627502441,-0.008652748792997045,0.11618375778198242,-0.04859018325805664,-0.019688433289161367,0.1479770541191101,-0.07514101266860962,-0.036851426839461965,0.17375800013542175,-0.09302479028701782,-0.05102150353752677,0.10900697112083435,-0.18007606267929077,-0.01277752618454997,0.15405583381652832,-0.24275195598602295,-0.03582839134298865,0.17772173881530762,-0.2854400873184204,-0.049149571239581746,0.19170242547988892,-0.32583385705947876,-0.05785622659288947,0.07585886120796204,-0.2004876732826233,-0.03103973182999198,0.1150587797164917,-0.296425998210907,-0.06660640823804442,0.1358235478401184,-0.3617352247238159,-0.0878941773172528,0.14650776982307434,-0.4164186120033264,-0.0967314301725537,0.04369240999221802,-0.18902987241744995,-0.0504120385941178,0.11264386773109436,-0.1955099105834961,-0.09751503008567397,0.1347067952156067,-0.11949038505554199,-0.1047415568228871,0.14245876669883728,-0.06909698247909546,-0.09559956777059142,0.022797346115112305,-0.15235865116119385,-0.07017613786422316,0.0880013108253479,-0.13276177644729614,-0.10195542710982863,0.1231294572353363,-0.09279954433441162,-0.10317435699664657,0.1456463634967804,-0.062347590923309326,-0.09568663525544707,3
0.0,0.0,0.0,0.05906939506530762,-0.004807233810424805,-0.01364386336285861,0.10840895771980286,-0.038072288036346436,-0.024522248407492953,0.13675978779792786,-0.06821596622467041,-0.040635859345684366,0.1567181646823883,-0.0901726484298706,-0.05393922117877992,0.12270760536193848,-0.17307579517364502,-0.01156450503845008,0.17319175601005554,-0.23267912864685059,-0.033156970267782526,0.20003092288970947,-0.27303314208984375,-0.04553113666702302,0.2191971242427826,-0.3128475546836853,-0.05344063205052407,0.08777588605880737,-0.2033400535583496,-0.025836720814595537,0.12265682220458984,-0.30620723962783813,-0.05815459576774629,0.1426091194152832,-0.3711812496185303,-0.0777810157590011,0.15424081683158875,-0.422844260931015,-0.0856678502016166,0.05218437314033508,-0.20080018043518066,-0.04190500242043527,0.10573628544807434,-0.21630185842514038,-0.08970191491175683,0.12612786889076233,-0.13995349407196045,-0.10107889932919534,0.13337334990501404,-0.08329558372497559,-0.0939172969513038,0.024650990962982178,-0.1724833846092224,-0.05856253368187936,0.07940858602523804,-0.14198672771453857,-0.09427990180779489,0.11226081848144531,-0.0931088924407959,-0.10071627957154305,0.13379991054534912,-0.05480670928955078,-0.09591166091490777,3
0.0,0.0,0.0,0.05116921663284302,0.005493044853210449,-0.02059461229379167,0.09661275148391724,-0.02173745632171631,-0.03263422527248849,0.11886709928512573,-0.05077409744262695,-0.04779689811999788,0.11946794390678406,-0.08720242977142334,-0.060470175527882475,0.13237613439559937,-0.1715301275253296,-0.011983573966574568,0.18383625149726868,-0.22929716110229492,-0.03299631976420869,0.21264386177062988,-0.2646118402481079,-0.04671061837012758,0.232437402009964,-0.3027297258377075,-0.05635136046345224,0.09786906838417053,-0.20032691955566406,-0.02246165887351026,0.12656554579734802,-0.3061820864677429,-0.052639898442578215,0.14277252554893494,-0.367992639541626,-0.07228347712094774,0.15058740973472595,-0.4219001233577728,-0.08151686244542589,0.05981305241584778,-0.19550490379333496,-0.03584780969555368,0.08912640810012817,-0.2410014271736145,-0.08296524786288728,0.1030416190624237,-0.1731683611869812,-0.09686058812673082,0.10835352540016174,-0.12094396352767944,-0.09269651078517427,0.024340808391571045,-0.16671252250671387,-0.05019576900537004,0.061914294958114624,-0.1571750044822693,-0.09093130432898988,0.08577176928520203,-0.10743725299835205,-0.1007530918055295,0.10101920366287231,-0.06730908155441284,-0.09839948319728364,3
0.0,0.0,0.0,0.050131022930145264,0.0033417344093322754,-0.024280517137356128,0.09556511044502258,-0.019172370433807373,-0.03897629562646898,0.11071166396141052,-0.052529215812683105,-0.05586274597675356,0.09937089681625366,-0.09518414735794067,-0.07051287848383936,0.1305254101753235,-0.17263811826705933,-0.016031258514829005,0.1824491322040558,-0.23090487718582153,-0.03810914862782511,0.21150082349777222,-0.2666551172733307,-0.052759284860201205,0.23246800899505615,-0.3059304654598236,-0.06293680030734095,0.09672078490257263,-0.20192748308181763,-0.02466845024258646,0.12452614307403564,-0.3075483441352844,-0.0547674100461677,0.13826793432235718,-0.369082510471344,-0.07475731778771433,0.1456165611743927,-0.4235687851905823,-0.08443279076249155,0.057489752769470215,-0.19756156206130981,-0.036306409871883716,0.0819753110408783,-0.24412524700164795,-0.08228776115805658,0.09226667881011963,-0.17679733037948608,-0.0956600036087707,0.096882164478302,-0.1253960132598877,-0.09173503775031122,0.01916205883026123,-0.17028838396072388,-0.04924507696063074,0.04786756634712219,-0.1674523949623108,-0.08799264091879877,0.06804797053337097,-0.11824148893356323,-0.09620766598612818,0.08227023482322693,-0.07675027847290039,-0.09301293153197321,3
0.0,0.0,0.0,0.05269455909729004,0.001967787742614746,-0.02898423637788028,0.09825336933135986,-0.04091835021972656,-0.042998523298308555,0.08876931667327881,-0.08901113271713257,-0.057656888696953956,0.06029823422431946,-0.12323266267776489,-0.07058289724926681,0.1265101134777069,-0.17197918891906738,-0.01898989531736106,0.1779443919658661,-0.23428219556808472,-0.04117733317951888,0.20904803276062012,-0.2724874019622803,-0.05508056360821456,0.2334730625152588,-0.3084610104560852,-0.0643197827373001,0.08835572004318237,-0.2003069519996643,-0.02487545165757865,0.11355972290039062,-0.30610746145248413,-0.052726344052359764,0.12863200902938843,-0.36787521839141846,-0.0701387010846588,0.13764670491218567,-0.42002758383750916,-0.07795649844746322,0.047479331493377686,-0.19644814729690552,-0.03449222895841331,0.0619468092918396,-0.24705639481544495,-0.0808881752524826,0.06655722856521606,-0.17518222332000732,-0.09177089560370177,0.06523340940475464,-0.12055563926696777,-0.08515243310074538,0.007621556520462036,-0.17223292589187622,-0.045841359380290214,0.02561938762664795,-0.17847472429275513,-0.08684035468439788,0.03665921092033386,-0.1246798038482666,-0.09328115809302062,0.0411355197429657,-0.0842052698135376,-0.08786200809817046,3
0.0,0.0,0.0,0.054483115673065186,0.0053612589836120605,-0.03290651547553125,0.09838816523551941,-0.0375136137008667,-0.04646123754622522,0.07722046971321106,-0.08827054500579834,-0.0599713716173369,0.04674530029296875,-0.1306208372116089,-0.07107376488687578,0.13522478938102722,-0.17031371593475342,-0.014915290240367085,0.18778672814369202,-0.23603254556655884,-0.0350690241420466,0.22021645307540894,-0.2752155065536499,-0.04762052181007448,0.2459138035774231,-0.30934426188468933,-0.055824698832054764,0.0944473147392273,-0.20104920864105225,-0.018036443691869408,0.111874520778656,-0.310299277305603,-0.04389742943288866,0.12165063619613647,-0.37547293305397034,-0.061130659606476456,0.12757182121276855,-0.42843908071517944,-0.06839848491193834,0.05343431234359741,-0.19746237993240356,-0.025906210716982514,0.06083357334136963,-0.25071364641189575,-0.07174258860590044,0.058251917362213135,-0.1757531762123108,-0.08364755096675935,0.05359038710594177,-0.12224501371383667,-0.07682559820653978,0.014818787574768066,-0.1723836064338684,-0.03580472427250925,0.023850470781326294,-0.18415731191635132,-0.07651348593475404,0.02786886692047119,-0.13195621967315674,-0.0834246072435576,0.02857428789138794,-0.09461086988449097,-0.07780654164793077,3
0.0,0.0,0.0,0.05065891146659851,0.01699751615524292,-0.037718461594693053,0.09142008423805237,-0.014667212963104248,-0.0549615153587979,0.07151943445205688,-0.07208788394927979,-0.0708815099216622,0.043413400650024414,-0.1215546727180481,-0.08454582258235632,0.13846427202224731,-0.1453303098678589,-0.024748217082731117,0.1944338083267212,-0.20668476819992065,-0.04875835194360434,0.22970467805862427,-0.24217817187309265,-0.063550511143319,0.2579517364501953,-0.2751479148864746,-0.07296369387876211,0.10135462880134583,-0.18300116062164307,-0.025268763072006095,0.12336710095405579,-0.28999194502830505,-0.05474462150704085,0.13457530736923218,-0.3551458716392517,-0.07348424359332739,0.14315205812454224,-0.4098862409591675,-0.08150930865775763,0.06263509392738342,-0.1848546266555786,-0.03036576486300646,0.06223669648170471,-0.23945927619934082,-0.07803900702964484,0.052960097789764404,-0.16699427366256714,-0.0902284325576943,0.046980321407318115,-0.11374664306640625,-0.08363486244451224,0.024657517671585083,-0.16478657722473145,-0.03776184260021864,0.024637281894683838,-0.18155568838119507,-0.07934036268960654,0.02185910940170288,-0.12994301319122314,-0.08623758866559683,0.02136501669883728,-0.08996891975402832,-0.08046821667920767,3
0.0,0.0,0.0,0.041089534759521484,0.023557305335998535,-0.045890623573711764,0.07754695415496826,-0.005134880542755127,-0.06659603664701308,0.05891364812850952,-0.07491850852966309,-0.08366744021003569,0.03912714123725891,-0.13835281133651733,-0.09794993499343718,0.1426582932472229,-0.12358421087265015,-0.0322208347362789,0.20082008838653564,-0.17673206329345703,-0.059666061644009005,0.23873579502105713,-0.20815807580947876,-0.0764839256746086,0.27079081535339355,-0.2378416359424591,-0.08696339825218047,0.1111697256565094,-0.1680821180343628,-0.028755847234776866,0.13952457904815674,-0.27096986770629883,-0.06114502051894988,0.15426883101463318,-0.3333142399787903,-0.08159689405982817,0.16854679584503174,-0.38572394847869873,-0.09009033987348403,0.07401865720748901,-0.1763712763786316,-0.030530596022060763,0.06838545203208923,-0.23173394799232483,-0.08282231340234603,0.04666799306869507,-0.16896367073059082,-0.0982034782511505,0.034532397985458374,-0.12113010883331299,-0.09271020242994155,0.03622820973396301,-0.1625155210494995,-0.03484069729273642,0.025157392024993896,-0.1809210479259491,-0.08172365823810424,0.012639999389648438,-0.13305717706680298,-0.09203410694425429,0.007730811834335327,-0.09499251842498779,-0.08772400567357863,3
0.0,0.0,0.0,0.03217005729675293,0.020308971405029297,-0.05119716869188551,0.06606349349021912,-0.00792694091796875,-0.07436452926589254,0.049991488456726074,-0.08544981479644775,-0.09250101567698721,0.033463478088378906,-0.1521114706993103,-0.10780499251080755,0.1390693485736847,-0.11523491144180298,-0.03984600798679594,0.1980457901954651,-0.1671876609325409,-0.0694604900617719,0.23723411560058594,-0.1986711323261261,-0.08717421562863592,0.2713968753814697,-0.22780954837799072,-0.09791237236453298,0.1100989282131195,-0.1625775694847107,-0.033652545227539576,0.142561137676239,-0.26349008083343506,-0.06721984715653662,0.15894126892089844,-0.3258174657821655,-0.08725877226783041,0.1756354570388794,-0.37705549597740173,-0.09529124320937399,0.07330319285392761,-0.17481395602226257,-0.03287043543053869,0.06645071506500244,-0.23122435808181763,-0.08582137645674948,0.037994176149368286,-0.17472606897354126,-0.10019528241349462,0.020978182554244995,-0.13011151552200317,-0.09376930566025976,0.03554260730743408,-0.16315710544586182,-0.03508993731333021,0.02046719193458557,-0.1852128505706787,-0.08214335264159445,0.002552926540374756,-0.142480731010437,-0.09190914900494818,-0.006346940994262695,-0.1084851622581482,-0.08708965898944143,3
0.0,0.0,0.0,0.027963370084762573,0.031897544860839844,-0.05822510258076363,0.05433923006057739,0.015573322772979736,-0.08747850344298058,0.03070056438446045,-0.05998963117599487,-0.11007422939655953,0.00957489013671875,-0.12676537036895752,-0.13057178989765816,0.14078906178474426,-0.09237706661224365,-0.05604623243925744,0.19815963506698608,-0.15432339906692505,-0.08981877551195794,0.23547399044036865,-0.19471606612205505,-0.10942863658783608,0.26872169971466064,-0.22975772619247437,-0.11991951600430184,0.1131058931350708,-0.14399349689483643,-0.046079896248556906,0.14557233452796936,-0.24718409776687622,-0.08279795930502587,0.16416090726852417,-0.31348884105682373,-0.10321481511709862,0.18306899070739746,-0.36594319343566895,-0.10983213768122368,0.0781327486038208,-0.16158771514892578,-0.0410563869845646,0.06194716691970825,-0.21188560128211975,-0.09280464038965874,0.03331783413887024,-0.1645384132862091,-0.1054743899476307,0.017599523067474365,-0.12474703788757324,-0.09724308536169701,0.04259774088859558,-0.15788298845291138,-0.03970467657563859,0.02060830593109131,-0.1792585849761963,-0.08320146039841347,-0.0025069713592529297,-0.13916707038879395,-0.0886889918219822,-0.014366686344146729,-0.10421121120452881,-0.07993314401028329,3
0.0,0.0,0.0,0.0195978581905365,0.0186346173286438,-0.05512483474575447,0.037157654762268066,-0.010172247886657715,-0.08362046313249039,0.0002238750457763672,-0.07982712984085083,-0.10594611299001144,-0.030311256647109985,-0.1374998688697815,-0.12648569476567673,0.11693090200424194,-0.11054855585098267,-0.06084831488095688,0.166265070438385,-0.18229281902313232,-0.09579809439145492,0.1997167468070984,-0.22459959983825684,-0.11560702753030228,0.23024719953536987,-0.2610839009284973,-0.12648569476567673,0.08954572677612305,-0.15971380472183228,-0.05427239891849922,0.12252390384674072,-0.26770496368408203,-0.08849151861630844,0.14297759532928467,-0.3344539403915405,-0.10675795060359405,0.16422367095947266,-0.3871840834617615,-0.11317149978839325,0.05332586169242859,-0.17252671718597412,-0.052242797433962096,0.03497511148452759,-0.22103139758110046,-0.10075033140145706,0.005706787109375,-0.1748180389404297,-0.11171018761359619,-0.008685827255249023,-0.13701438903808594,-0.10432243031226562,0.016561031341552734,-0.16164350509643555,-0.053947661637892,-0.012571364641189575,-0.17686164379119873,-0.095879275917639,-0.03331613540649414,-0.13927340507507324,-0.10075033140145706,-0.04327505826950073,-0.10873550176620483,-0.09287547004186081,3
0.0,0.0,0.0,0.00871354341506958,0.011445999145507812,-0.0629490021256629,0.013131201267242432,-0.029531657695770264,-0.09429869089404974,-0.0289040207862854,-0.09576880931854248,-0.1161937046436492,-0.06310981512069702,-0.1491938829421997,-0.13576654378454123,0.08699551224708557,-0.12141084671020508,-0.0765089843062583,0.12221884727478027,-0.18794682621955872,-0.11926233057062063,0.1509917974472046,-0.23495551943778992,-0.14580174569169913,0.1794782280921936,-0.2791314721107483,-0.16122778538743887,0.06516528129577637,-0.17058861255645752,-0.06581027839462195,0.09630805253982544,-0.279630184173584,-0.10449977997819815,0.11265891790390015,-0.3491116762161255,-0.12307737801353369,0.13342279195785522,-0.40850889682769775,-0.13029278103391562,0.03397062420845032,-0.18617591261863708,-0.060170654544037916,0.007771432399749756,-0.24698001146316528,-0.1124616045145217,-0.024854451417922974,-0.19088411331176758,-0.11975994739810858,-0.037976741790771484,-0.1444762945175171,-0.10964179072658453,0.0005392134189605713,-0.1774337887763977,-0.05867780778686438,-0.030082225799560547,-0.20336103439331055,-0.101265289225978,-0.05012032389640808,-0.1625726819038391,-0.10325574163476858,-0.05689817667007446,-0.12825196981430054,-0.09429869089404974,3
0.0,0.0,0.0,-0.022516340017318726,0.0055130720138549805,-0.08405646438149006,-0.029873818159103394,-0.047608792781829834,-0.12050981575993092,-0.059857726097106934,-0.11771684885025024,-0.13813102746752293,-0.08655047416687012,-0.17819547653198242,-0.15207766497877628,0.05179035663604736,-0.11702620983123779,-0.11800443137434513,0.07301977276802063,-0.19374766945838928,-0.1662748655155042,0.09697559475898743,-0.24152988195419312,-0.19491977000978977,0.12746313214302063,-0.2861509323120117,-0.211288278348718,0.05147659778594971,-0.1616910696029663,-0.08919249976423771,0.07686522603034973,-0.28274956345558167,-0.12919515872744114,0.09431007504463196,-0.3485187888145447,-0.14681636298445255,0.1200082004070282,-0.4091273546218872,-0.1551676442697385,0.039653927087783813,-0.18261146545410156,-0.06443094218519718,0.006068706512451172,-0.258699506521225,-0.11432986462858707,-0.0433637797832489,-0.2116352617740631,-0.12309870625284702,-0.06721523404121399,-0.17083865404129028,-0.1165847232416013,0.022684752941131592,-0.1836531162261963,-0.04505596066263706,-0.01782950758934021,-0.21773606538772583,-0.08877493942526371,-0.05186775326728821,-0.18487101793289185,-0.09787784273174793,-0.06979987025260925,-0.15500855445861816,-0.09579001868513615,3
0.0,0.0,0.0,-0.012776434421539307,-0.005223572254180908,-0.07854344486457876,-0.019204914569854736,-0.06393671035766602,-0.11008110433084539,-0.046193331480026245,-0.13606464862823486,-0.1239014321492391,-0.07136088609695435,-0.19668686389923096,-0.13314175396425298,0.06366398930549622,-0.12412065267562866,-0.10317095159751943,0.0785471498966217,-0.20879527926445007,-0.1447122523115354,0.0923297107219696,-0.2616721987724304,-0.16986204474432043,0.11159810423851013,-0.3123985528945923,-0.18496797769529394,0.059449970722198486,-0.16183412075042725,-0.07705696462852529,0.08830943703651428,-0.2762314975261688,-0.11241127341253332,0.10693380236625671,-0.3422703742980957,-0.12751720636350683,0.13223740458488464,-0.40060925483703613,-0.13458807557088903,0.04483520984649658,-0.18178391456604004,-0.055884545438118494,0.025606364011764526,-0.2640500068664551,-0.10212638019783071,-0.02117288112640381,-0.22016167640686035,-0.11008110433084539,-0.045772820711135864,-0.18225306272506714,-0.10365304886562399,0.028358757495880127,-0.1828661561012268,-0.040055459134407556,-0.0025675594806671143,-0.22399938106536865,-0.0802709886358457,-0.03354072570800781,-0.1979449987411499,-0.08846676885349325,-0.05165562033653259,-0.17303621768951416,-0.0860562452600675,3
0.0,0.0,0.0,-0.0076195597648620605,-0.0002499222755432129,-0.07559951133771392,-0.01609554886817932,-0.04678696393966675,-0.10737181193871947,-0.05097857117652893,-0.10917919874191284,-0.1233157340411708,-0.07825461030006409,-0.16448122262954712,-0.135408473384814,0.06294161081314087,-0.12313568592071533,-0.09450885392470809,0.0788419246673584,-0.20062986016273499,-0.13594762719912978,0.0943184494972229,-0.251257061958313,-0.16021011508746597,0.1136631965637207,-0.29893094301223755,-0.17376629747195693,0.05078354477882385,-0.1619720757007599,-0.07144023217006179,0.0704042911529541,-0.27129197120666504,-0.10667860246940108,0.08161282539367676,-0.3352942168712616,-0.12023479230447265,0.09999823570251465,-0.39093267917633057,-0.12470216788096877,0.03005748987197876,-0.1778402328491211,-0.05410987995310279,-0.00621342658996582,-0.24052512645721436,-0.10190313048406097,-0.04573109745979309,-0.1923486888408661,-0.10968253500504943,-0.06203979253768921,-0.15366441011428833,-0.10167205817742797,0.007984757423400879,-0.17451375722885132,-0.0420171480600402,-0.02996748685836792,-0.2018059492111206,-0.08357147611422988,-0.05311959981918335,-0.1668701171875,-0.09127385653300735,-0.06251505017280579,-0.1366497278213501,-0.08757671452804061,3
0.0,0.0,0.0,0.036555320024490356,0.018455564975738525,-0.03969947332166157,0.06552761793136597,-0.0037981271743774414,-0.06105011412523709,0.04084348678588867,-0.05087697505950928,-0.0806586005689951,0.015406638383865356,-0.09592592716217041,-0.09867319548152409,0.11963939666748047,-0.11976325511932373,-0.03425061041139088,0.16354042291641235,-0.18698477745056152,-0.06297759795211277,0.1906328797340393,-0.22848063707351685,-0.08028792673371754,0.2131786346435547,-0.2669113576412201,-0.09014777177594624,0.08713796734809875,-0.15573018789291382,-0.0345286139252039,0.10713911056518555,-0.2570926547050476,-0.06775925391934834,0.11743396520614624,-0.31947091221809387,-0.0878496178390833,0.12864947319030762,-0.3724502623081207,-0.09511476093553028,0.05255937576293945,-0.15918013453483582,-0.038958129376396755,0.04002150893211365,-0.2025027573108673,-0.08740481072686634,0.025355517864227295,-0.13990092277526855,-0.09926627659820042,0.02045103907585144,-0.09422695636749268,-0.09163045221589528,0.019567519426345825,-0.14238590002059937,-0.0457043358089777,0.006590455770492554,-0.15085476636886597,-0.08577385628245793,0.0003981590270996094,-0.102505624294281,-0.09007363849900685,0.001689910888671875,-0.06521689891815186,-0.08169648134730778,3
0.0,0.0,0.0,0.046401768922805786,0.014539122581481934,-0.03030321165982741,0.09224963188171387,0.006484508514404297,-0.046734301150479496,0.0982840359210968,-0.02490103244781494,-0.06326307520333785,0.08262026309967041,-0.063681960105896,-0.07736919239226836,0.128133624792099,-0.13961517810821533,-0.022859403640666187,0.16944357752799988,-0.20405679941177368,-0.04337383970681685,0.19157502055168152,-0.2444750964641571,-0.05521359831158179,0.20777711272239685,-0.2815532088279724,-0.06162192091409224,0.09192478656768799,-0.16638296842575073,-0.02616125322941798,0.10730931162834167,-0.2610473036766052,-0.05329891830746192,0.11727172136306763,-0.3234756588935852,-0.0708436460799362,0.1222643256187439,-0.37500032782554626,-0.0772128866619255,0.0544377863407135,-0.16527080535888672,-0.03264772310916442,0.07047504186630249,-0.1720372438430786,-0.07338352665368575,0.07583120465278625,-0.10865753889083862,-0.08526235982839125,0.0750209391117096,-0.06398928165435791,-0.0796746180957939,0.019567877054214478,-0.14724493026733398,-0.04122470855776328,0.037161439657211304,-0.12338602542877197,-0.07221127465430754,0.04605722427368164,-0.07388395071029663,-0.0768612118071701,0.04936918616294861,-0.03867495059967041,-0.07080457523528594,3
0.0,0.0,0.0,0.04964199662208557,0.009394943714141846,-0.02050212868698509,0.09451174736022949,-0.008326351642608643,-0.033562761780103756,0.11745390295982361,-0.03392118215560913,-0.04879371174820335,0.10151621699333191,-0.05795943737030029,-0.061273013290247036,0.11494067311286926,-0.1469590663909912,-0.020521507647117687,0.1508195698261261,-0.21941059827804565,-0.04057752439030082,0.17008495330810547,-0.2610325813293457,-0.05100277909286888,0.18375766277313232,-0.29962509870529175,-0.056777362760385586,0.07947641611099243,-0.17269659042358398,-0.028505156796654774,0.09323641657829285,-0.2655906677246094,-0.05611851909407051,0.10427799820899963,-0.322261780500412,-0.07247337424405487,0.11026573181152344,-0.3690175414085388,-0.07824796163686187,0.04519540071487427,-0.16957193613052368,-0.03848472335585029,0.07590240240097046,-0.15774160623550415,-0.07600013637193115,0.088992178440094,-0.09869736433029175,-0.08696797215588958,0.0922289490699768,-0.057977914810180664,-0.08223978155501754,0.01861441135406494,-0.14507514238357544,-0.050227665391048504,0.050234824419021606,-0.10002869367599487,-0.07631017738231094,0.06817829608917236,-0.05697911977767944,-0.08177471631415756,0.07832914590835571,-0.02658867835998535,-0.07805417948611648,3
0.0,0.0,0.0,0.05447223782539368,-0.0017386674880981445,-0.015485279791960238,0.10011938214302063,-0.025213003158569336,-0.027129917004117488,0.12830868363380432,-0.0419996976852417,-0.04229946673751783,0.13956782221794128,-0.05584961175918579,-0.05395365745664549,0.1084323525428772,-0.14897793531417847,-0.018312855222234248,0.1444021463394165,-0.21948474645614624,-0.03761868418098402,0.16304296255111694,-0.2624606490135193,-0.04703756288529348,0.1746402084827423,-0.3049306273460388,-0.05307481677175474,0.0745929479598999,-0.1745319962501526,-0.02938433417023134,0.09611549973487854,-0.2672310173511505,-0.06010553852559042,0.11061352491378784,-0.32616570591926575,-0.07783518970848036,0.11992442607879639,-0.3743695020675659,-0.08413991571308088,0.04265663027763367,-0.1697930097579956,-0.04168810189605665,0.09213221073150635,-0.15482598543167114,-0.0817708695018382,0.11266535520553589,-0.09127533435821533,-0.09071211011053038,0.12207147479057312,-0.04843461513519287,-0.08406348765731764,0.021501988172531128,-0.14196467399597168,-0.05536744237781477,0.06899416446685791,-0.09370851516723633,-0.08398707450271559,0.09856906533241272,-0.051818251609802246,-0.08933653921724272,0.11950704455375671,-0.02280181646347046,-0.08520981163621855,3
0.0,0.0,0.0,0.0633995532989502,-0.006840229034423828,-0.003019562523775221,0.10970228910446167,-0.03579634428024292,-0.01123528608303559,0.14056304097175598,-0.04746192693710327,-0.02622812573980582,0.16771933436393738,-0.046907007694244385,-0.0379718612618376,0.10829871892929077,-0.16362875699996948,-0.006601402603052975,0.13643154501914978,-0.2299342155456543,-0.02292030637335074,0.1504214107990265,-0.27140772342681885,-0.03196298663687003,0.15778502821922302,-0.31240493059158325,-0.0393223944790293,0.07860326766967773,-0.18135786056518555,-0.02472101298343432,0.10646998882293701,-0.2663381099700928,-0.05394334678720725,0.12442773580551147,-0.32584816217422485,-0.07300734852623236,0.13425034284591675,-0.37300872802734375,-0.08212831949066413,0.0491161048412323,-0.1701573133468628,-0.04306081642579329,0.11015456914901733,-0.16060149669647217,-0.07895750885080588,0.13378891348838806,-0.09695476293563843,-0.08338097815584433,0.1435505449771881,-0.05480945110321045,-0.07594327961277259,0.0326867401599884,-0.13693571090698242,-0.06212481816481841,0.09370574355125427,-0.09532696008682251,-0.08659094159673941,0.1269635260105133,-0.055530548095703125,-0.08823506866764319,0.1485666036605835,-0.027507305145263672,-0.08322440420459998,3
0.0,0.0,0.0,0.059680551290512085,-0.0004907846450805664,-0.0131199008241083,0.10780006647109985,-0.026025772094726562,-0.02413047313837069,0.1382574737071991,-0.040735065937042236,-0.039602050782718834,0.16048219799995422,-0.04726302623748779,-0.05162648692873972,0.12041705846786499,-0.1532641053199768,-0.01571539439407843,0.16269317269325256,-0.22155946493148804,-0.035708805771150764,0.18319976329803467,-0.2669227123260498,-0.045705514253654655,0.19726306200027466,-0.3097670078277588,-0.05219425097254771,0.08713880181312561,-0.17894554138183594,-0.029098410384335693,0.11668422818183899,-0.2685588002204895,-0.061237922163286385,0.13556453585624695,-0.32916784286499023,-0.08025802508143443,0.1479063630104065,-0.37773945927619934,-0.08743619009999293,0.05517193675041199,-0.17394107580184937,-0.043596675844469246,0.11007949709892273,-0.15611618757247925,-0.08540846243647593,0.1280733048915863,-0.0898628830909729,-0.0940871445849325,0.13414448499679565,-0.04629242420196533,-0.08686842605618494,0.03296467661857605,-0.14398962259292603,-0.059331858755626854,0.08406487107276917,-0.09347426891326904,-0.08905837521103876,0.110419362783432,-0.048845529556274414,-0.09368159458188074,0.1264822781085968,-0.018733978271484375,-0.08849061116723078,3
0.0,0.0,0.0,0.041576772928237915,0.010172665119171143,-0.031180635715202243,0.07545334100723267,0.0009362697601318359,-0.05263614530332461,0.06385821104049683,-0.004933536052703857,-0.0759053366876401,0.03799283504486084,-0.01784515380859375,-0.0983255791164197,0.10953161120414734,-0.13657480478286743,-0.03725841144688502,0.1617039144039154,-0.20724469423294067,-0.06841906780965701,0.19325357675552368,-0.24763420224189758,-0.08458787078626528,0.21682888269424438,-0.28626546263694763,-0.09215132767923251,0.06965085864067078,-0.162420392036438,-0.04329759503372088,0.07828330993652344,-0.25722527503967285,-0.08265842373140231,0.08293277025222778,-0.3233751356601715,-0.10465417678125277,0.08343291282653809,-0.3805508315563202,-0.11144585038192645,0.03030744194984436,-0.15977400541305542,-0.05198013285763636,0.01837119460105896,-0.1440422534942627,-0.10457699621684924,0.02281847596168518,-0.07146018743515015,-0.11978108311660662,0.026430785655975342,-0.02408045530319214,-0.1124491604662694,-0.004728376865386963,-0.13833832740783691,-0.06232199321158305,-0.008361905813217163,-0.09694480895996094,-0.0998691382504262,0.0011759400367736816,-0.038822174072265625,-0.10380521292455569,0.008264750242233276,0.0033317208290100098,-0.09508409226901904,3
0.0,0.0,0.0,0.03918665647506714,0.022202014923095703,-0.03649781429487575,0.06971180438995361,0.021295785903930664,-0.06162420072871555,0.04503738880157471,0.006172895431518555,-0.08608700865227092,0.01495257019996643,-0.010076165199279785,-0.11062155449110378,0.12148156762123108,-0.08681279420852661,-0.05003844359237064,0.18500125408172607,-0.13583886623382568,-0.08415006631332744,0.22276782989501953,-0.16354972124099731,-0.1007933893175732,0.25307685136795044,-0.1902608573436737,-0.10775200807768215,0.08738940954208374,-0.12964940071105957,-0.052190599677146565,0.11160773038864136,-0.22568726539611816,-0.09383475565630306,0.1312260925769806,-0.28692901134490967,-0.11679105245787014,0.14860734343528748,-0.3407208323478699,-0.12310403370577205,0.048539191484451294,-0.1415799856185913,-0.05642316275555004,0.02411380410194397,-0.12659233808517456,-0.11406499677616466,0.008983105421066284,-0.05093586444854736,-0.13063657813984264,0.001568138599395752,-0.001413881778717041,-0.12166927540022243,0.013730406761169434,-0.13407832384109497,-0.06155245908814777,-0.007794469594955444,-0.09773355722427368,-0.10459552490431179,-0.015345633029937744,-0.033570945262908936,-0.10768027388769497,-0.018053695559501648,0.013768374919891357,-0.09620212548691143,3
0.0,0.0,0.0,0.019264042377471924,0.050074875354766846,-0.040883477943737034,0.044106125831604004,0.06704562902450562,-0.06707001121600342,0.033909350633621216,0.014167428016662598,-0.09012280793746186,0.024963825941085815,-0.03951185941696167,-0.11288744600375367,0.13557925820350647,-0.0008729100227355957,-0.04988847689588738,0.21014931797981262,-0.008871018886566162,-0.08248656632264328,0.2527380585670471,-0.01244288682937622,-0.09905576350053025,0.28979212045669556,-0.016817927360534668,-0.10611568035443497,0.12599053978919983,-0.05981767177581787,-0.04686279984076691,0.1841491460800171,-0.12904691696166992,-0.08407144637664032,0.21891289949417114,-0.17354422807693481,-0.10489100606997681,0.25038617849349976,-0.20830753445625305,-0.11108643950780106,0.10385960340499878,-0.0957682728767395,-0.04650260152180863,0.09167814254760742,-0.10815882682800293,-0.09667843969424439,0.05392050743103027,-0.07283037900924683,-0.11022194864113999,0.029987186193466187,-0.04782456159591675,-0.10251368226369095,0.0780893862247467,-0.11210235953330994,-0.047763299363452916,0.05913865566253662,-0.10805436968803406,-0.08551224710305405,0.02589547634124756,-0.07074576616287231,-0.08731324614842606,0.003913223743438721,-0.04064631462097168,-0.07636317254861069,3
0.0,0.0,0.0,0.01497507095336914,0.05257439613342285,-0.03918447320643281,0.044479161500930786,0.07338827848434448,-0.06318263312164163,0.047923535108566284,0.01248633861541748,-0.08470449199262475,0.048565953969955444,-0.04820260405540466,-0.10531594951930856,0.14108404517173767,0.03765028715133667,-0.041915673514040463,0.20623156428337097,0.06054949760437012,-0.07261437525335168,0.24792256951332092,0.07530605792999268,-0.09038539578500604,0.2850690186023712,0.0871511697769165,-0.09912523974958276,0.14002373814582825,-0.019109487533569336,-0.04118735318365907,0.21055659651756287,-0.060458481311798096,-0.07581898172679757,0.2568279206752777,-0.08751723170280457,-0.09635761727872705,0.29806503653526306,-0.1087651252746582,-0.1032038365799508,0.12148475646972656,-0.056420981884002686,-0.04351797675076341,0.12260925769805908,-0.0836213231086731,-0.09329867710653161,0.07765009999275208,-0.05806457996368408,-0.10466046979013299,0.048271507024765015,-0.03763413429260254,-0.0954836343723855,0.09447196125984192,-0.07927235960960388,-0.047450907279880994,0.09300601482391357,-0.09202045202255249,-0.08514148344579553,0.05516546964645386,-0.06591922044754028,-0.08368484278503274,0.0275132954120636,-0.04251819849014282,-0.07064790626350259,3
0.0,0.0,0.0,0.01422455906867981,0.04207935929298401,-0.03935629688101017,0.04499205946922302,0.054942578077316284,-0.06129089184003078,0.05349010229110718,-0.004707753658294678,-0.08080074749784671,0.06436380743980408,-0.05941393971443176,-0.0992287900288602,0.13714599609375,0.055650800466537476,-0.03808796964483463,0.19457536935806274,0.10109618306159973,-0.06856512091951572,0.2310394048690796,0.12798991799354553,-0.08736620657043659,0.26321738958358765,0.15009066462516785,-0.09788586012916767,0.14121174812316895,0.002507448196411133,-0.03704346530037128,0.21573281288146973,-0.01118364930152893,-0.07046761177377903,0.26374852657318115,-0.022917717695236206,-0.0910965781648656,0.30715668201446533,-0.029737263917922974,-0.09967643581228458,0.12519434094429016,-0.03862449526786804,-0.039766637607385746,0.14316824078559875,-0.06719785928726196,-0.08788845501737796,0.09611508250236511,-0.058642953634262085,-0.10057172737913334,0.06504708528518677,-0.045563846826553345,-0.09452852420406543,0.09780633449554443,-0.06707143783569336,-0.044429602100422017,0.08854690194129944,-0.08875685930252075,-0.08527719788150989,0.054844796657562256,-0.07234644889831543,-0.09027589671211445,0.03450202941894531,-0.051582127809524536,-0.082964366300871,3
0.0,0.0,0.0,0.011514842510223389,0.0402316153049469,-0.04287157782829354,0.041192591190338135,0.05550330877304077,-0.0675364007941539,0.061370402574539185,0.0033715367317199707,-0.08929281139290879,0.08218926191329956,-0.04419955611228943,-0.10991608554041932,0.13196143507957458,0.08683592081069946,-0.04290935599721024,0.18590182065963745,0.14524710178375244,-0.07561951333201478,0.2206707000732422,0.1839161515235901,-0.09646941178954194,0.2501693367958069,0.2177860140800476,-0.10863184386408875,0.14132899045944214,0.03485417366027832,-0.04056751930630753,0.21581721305847168,0.03729400038719177,-0.07592168652928422,0.26385045051574707,0.03566122055053711,-0.09798027032530854,0.30639225244522095,0.0393158495426178,-0.10802750492013047,0.12965276837348938,-0.010809749364852905,-0.04215392300403664,0.15699243545532227,-0.03465738892555237,-0.09080367737925599,0.11398190259933472,-0.037764906883239746,-0.10387263649619172,0.08268910646438599,-0.032804012298583984,-0.09903788024104188,0.10492593050003052,-0.04555314779281616,-0.04615770482934067,0.10487937927246094,-0.06812676787376404,-0.08755532109654496,0.07228699326515198,-0.060682833194732666,-0.09337213838017533,0.0495876669883728,-0.04624071717262268,-0.08717760646260331,3
0.0,0.0,0.0,0.011258959770202637,0.040672749280929565,-0.04099767799982601,0.042413413524627686,0.05848759412765503,-0.06258705030688816,0.0654984712600708,0.0031097829341888428,-0.08130550901898914,0.08634522557258606,-0.04490199685096741,-0.09845451782950931,0.13104793429374695,0.0875667929649353,-0.03651902969488674,0.18207377195358276,0.14259517192840576,-0.0672571040273624,0.21559250354766846,0.17701250314712524,-0.08620522688636356,0.24292534589767456,0.20490145683288574,-0.09661713014850193,0.14172053337097168,0.03585505485534668,-0.03498786832699352,0.21958953142166138,0.0377964973449707,-0.06852030526408726,0.2686682343482971,0.038525551557540894,-0.0884254104972797,0.31107085943222046,0.042955875396728516,-0.09608122478732639,0.13078460097312927,-0.00974196195602417,-0.03787793736466938,0.1558510661125183,-0.03574538230895996,-0.08704736601123386,0.1104121208190918,-0.03572496771812439,-0.1002919055105167,0.0799800455570221,-0.027887433767318726,-0.09401415060767704,0.10667440295219421,-0.0463772714138031,-0.042796792048307,0.10733187198638916,-0.06977778673171997,-0.08390848110923343,0.07379162311553955,-0.06286609172821045,-0.08888476114282184,0.051989734172821045,-0.048106759786605835,-0.08145862590083652,3
0.0,0.0,0.0,0.011287510395050049,0.03807169198989868,-0.04409713030332796,0.04261183738708496,0.05324125289916992,-0.06695332855457536,0.06256350874900818,-0.003452390432357788,-0.08619256049865953,0.08119198679924011,-0.05344793200492859,-0.10381568700546495,0.13419222831726074,0.07560044527053833,-0.04121124849194757,0.18777191638946533,0.12691497802734375,-0.07168617576832048,0.22016167640686035,0.15928715467453003,-0.09057909727567903,0.24632596969604492,0.1859722137451172,-0.101045240764563,0.1430802047252655,0.02364090085029602,-0.03774818137759439,0.2200613021850586,0.02267637848854065,-0.07033943117136232,0.268718957901001,0.0196763277053833,-0.09057909727567903,0.3102998733520508,0.02095136046409607,-0.09912131458992235,0.1302832067012787,-0.020417481660842896,-0.03869090706581346,0.15453937649726868,-0.04921790957450867,-0.0858077752637314,0.11234992742538452,-0.051125168800354004,-0.10004479915374986,0.08256575465202332,-0.04432991147041321,-0.09581216902012102,0.10448992252349854,-0.05417519807815552,-0.04201929376000635,0.10219317674636841,-0.08013200759887695,-0.08234470814937822,0.07036519050598145,-0.07295191287994385,-0.08888604969257585,0.04909801483154297,-0.05830457806587219,-0.08334514976019136,3
0.0,0.0,0.0,0.020447462797164917,0.036800265312194824,-0.03735340787477526,0.05471166968345642,0.04181116819381714,-0.05722755967087778,0.07042497396469116,-0.01380196213722229,-0.07562600477046999,0.08652102947235107,-0.06335020065307617,-0.09214626653499636,0.1514216959476471,0.03325831890106201,-0.02947657583661112,0.20873716473579407,0.06664538383483887,-0.05730421496934923,0.24466633796691895,0.08839499950408936,-0.07447609706230196,0.27423936128616333,0.1053628921508789,-0.08432692690200838,0.15123525261878967,-0.018277734518051147,-0.029725719526481953,0.21909940242767334,-0.03984934091567993,-0.06148219509429964,0.26277226209640503,-0.056788504123687744,-0.08156716479368242,0.30190539360046387,-0.07027241587638855,-0.09015310211486849,0.13020673394203186,-0.05689588189125061,-0.03447865350551638,0.14618083834648132,-0.09270662069320679,-0.08103054417676958,0.10467129945755005,-0.0766805112361908,-0.09559596730775866,0.07734224200248718,-0.05775165557861328,-0.09153297944374117,0.09741884469985962,-0.0827992856502533,-0.04128224430985483,0.09238743782043457,-0.10340705513954163,-0.0802639390379909,0.06431680917739868,-0.08417448401451111,-0.08754665060348543,0.04673045873641968,-0.061174631118774414,-0.08271705760068926,3
0.0,0.0,0.0,0.025690019130706787,0.03605526685714722,-0.037075249557631196,0.06682559847831726,0.03538012504577637,-0.05367992267503041,0.07550066709518433,-0.025088965892791748,-0.06779980481161374,0.08236747980117798,-0.08059227466583252,-0.07978988260521191,0.15847080945968628,-0.00944828987121582,-0.027589682569043816,0.22134733200073242,0.002103447914123535,-0.05229948655261296,0.26298290491104126,0.012975335121154785,-0.06712931216253537,0.29669445753097534,0.0205308198928833,-0.0752147194792201,0.14964014291763306,-0.0606285035610199,-0.026288129468696297,0.21586871147155762,-0.10979816317558289,-0.055218121116297425,0.25639772415161133,-0.139346182346344,-0.07343987942232388,0.29029399156570435,-0.16345903277397156,-0.08022373736395139,0.12439626455307007,-0.09130793809890747,-0.029167324383990945,0.13377436995506287,-0.13392800092697144,-0.0737159681369235,0.09768694639205933,-0.10732156038284302,-0.0880330634166171,0.07366549968719482,-0.08352255821228027,-0.08330013424648541,0.09140875935554504,-0.10542064905166626,-0.034058010285036744,0.08736443519592285,-0.12320858240127563,-0.07107341111196774,0.06030276417732239,-0.0932454764842987,-0.07702901036037701,0.042984187602996826,-0.0652783215045929,-0.07119174123300809,3
0.0,0.0,0.0,0.02958083152770996,0.03253757953643799,-0.03791343849405848,0.07149320840835571,0.0258181095123291,-0.05451285522684657,0.07639262080192566,-0.034872472286224365,-0.06833227034911715,0.07897302508354187,-0.09109210968017578,-0.07977458890781008,0.16049009561538696,-0.03320205211639404,-0.026974745656104915,0.22477680444717407,-0.02948176860809326,-0.05036300104364955,0.26760512590408325,-0.026374518871307373,-0.0649076333294829,0.30204010009765625,-0.026399970054626465,-0.07332821246490084,0.14721783995628357,-0.08311399817466736,-0.02570561561987006,0.20986828207969666,-0.14176198840141296,-0.0526192305634936,0.2468908429145813,-0.17725348472595215,-0.07018560972318255,0.27767157554626465,-0.20777356624603271,-0.07711545434102618,0.11827793717384338,-0.10899320244789124,-0.028727353180499904,0.1287933886051178,-0.15321645140647888,-0.07324763443574511,0.09543350338935852,-0.12158486247062683,-0.08742965813979708,0.07276636362075806,-0.09550663828849792,-0.08299776967868411,0.08276328444480896,-0.1166917085647583,-0.033864308709951274,0.08197659254074097,-0.13264518976211548,-0.07272386607036196,0.05782404541969299,-0.0986570417881012,-0.079411984051319,0.04122722148895264,-0.06864690780639648,-0.07389227357015216,3
0.0,0.0,0.0,0.03569909930229187,0.022949814796447754,-0.037429942479491274,0.07667547464370728,0.003557860851287842,-0.05259169145500664,0.07152044773101807,-0.05833667516708374,-0.06564649819409851,0.0626305341720581,-0.11365044116973877,-0.07638779162442688,0.15152722597122192,-0.08977353572845459,-0.022743287226319353,0.21522435545921326,-0.1113399863243103,-0.04647741719162468,0.2571078836917877,-0.12269693613052368,-0.0604411016312838,0.29128727316856384,-0.13370630145072937,-0.06787738083875183,0.1283777356147766,-0.13488587737083435,-0.021937689473986666,0.17435166239738464,-0.21926194429397583,-0.050319495340943377,0.20140331983566284,-0.27156949043273926,-0.06787738083875183,0.22348275780677795,-0.312869668006897,-0.07357852785861496,0.09490463137626648,-0.1496787667274475,-0.025945019638299982,0.08926558494567871,-0.19310086965560913,-0.07316540061509613,0.06055569648742676,-0.14356175065040588,-0.08816190688884262,0.043023765087127686,-0.10408496856689453,-0.08241943894898895,0.05861663818359375,-0.1439884603023529,-0.03189404188668732,0.05031898617744446,-0.15719494223594666,-0.07143027215278153,0.032858699560165405,-0.11400100588798523,-0.07816423355615143,0.02316156029701233,-0.0768740177154541,-0.07167815296924118,3
0.0,0.0,0.0,0.04153624176979065,0.016771972179412842,-0.03602392909476748,0.07943263649940491,-0.006253600120544434,-0.05042500731894961,0.06937247514724731,-0.06230580806732178,-0.0629692145938634,0.053525567054748535,-0.11166676878929138,-0.07328516927907458,0.14572080969810486,-0.10966625809669495,-0.02107610677728644,0.20705759525299072,-0.14692431688308716,-0.04105811504075518,0.24504509568214417,-0.1663772463798523,-0.05310715672919741,0.27535662055015564,-0.1859857141971588,-0.06008074743101588,0.11683765053749084,-0.1504414975643158,-0.019776297112798602,0.1522943079471588,-0.2412433624267578,-0.04567966548154345,0.17133057117462158,-0.29717570543289185,-0.06276289311597338,0.18685269355773926,-0.34252437949180603,-0.06920004574010363,0.081605464220047,-0.15909621119499207,-0.022840134179091365,0.07583469152450562,-0.1992700695991516,-0.06552757260749331,0.052297443151474,-0.14543086290359497,-0.0799699195976018,0.03794845938682556,-0.10575532913208008,-0.07518330154368869,0.045007526874542236,-0.14716553688049316,-0.027853691330051333,0.04337167739868164,-0.1634806990623474,-0.0625153103227376,0.030906766653060913,-0.1197085976600647,-0.0675495037193059,0.023046761751174927,-0.08176732063293457,-0.06115360495994082,3
0.0,0.0,0.0,0.048953354358673096,0.010727941989898682,-0.028765485131884816,0.08752012252807617,-0.020369291305541992,-0.04165299467160821,0.07365059852600098,-0.07492727041244507,-0.05418995998218179,0.045757949352264404,-0.11674755811691284,-0.0649948441179049,0.1366051435470581,-0.13472750782966614,-0.017073937201644185,0.1939934492111206,-0.18282166123390198,-0.03792077160790086,0.2303234338760376,-0.20987197756767273,-0.050931999901081326,0.25842535495758057,-0.23597753047943115,-0.05889132104232431,0.10176727175712585,-0.17218318581581116,-0.019424619594360593,0.1290607452392578,-0.27222174406051636,-0.04507591060712457,0.14176154136657715,-0.3309395909309387,-0.061077038267399075,0.15134230256080627,-0.3785257339477539,-0.06701560548856378,0.06536316871643066,-0.17352208495140076,-0.025280701437736752,0.06104302406311035,-0.22186440229415894,-0.06581964574172616,0.04904133081436157,-0.15854069590568542,-0.07584097466781259,0.0434420108795166,-0.11013329029083252,-0.06878892562701822,0.02947595715522766,-0.15232354402542114,-0.03266266963794351,0.030545562505722046,-0.1702878177165985,-0.06536600224092126,0.027319788932800293,-0.1228838562965393,-0.06705685190274835,0.028144031763076782,-0.08128154277801514,-0.0586026408465159,3
0.0,0.0,0.0,0.01938772201538086,-0.02507120370864868,0.008081592226602652,0.03350263833999634,-0.050403058528900146,0.009198418425597765,0.042722880840301514,-0.07043832540512085,0.007267240507729866,0.049008965492248535,-0.08678704500198364,0.005177070459552624,0.04184591770172119,-0.057385802268981934,0.0031237400399675153,0.06038743257522583,-0.08563262224197388,-0.004959672150931738,0.05959206819534302,-0.10122251510620117,-0.009508408998868845,0.054763853549957275,-0.10537374019622803,-0.01119140295477905,0.03893691301345825,-0.05628359317779541,-0.004971305766872547,0.05765774846076965,-0.08728152513504028,-0.011214670186660669,0.05720141530036926,-0.10178923606872559,-0.01250212306322851,0.051471710205078125,-0.10343068838119507,-0.012401298081300638,0.03194427490234375,-0.05485367774963379,-0.013401788120887659,0.04949715733528137,-0.08535486459732056,-0.01867568532171049,0.04951280355453491,-0.10003238916397095,-0.018039714937827966,0.04534873366355896,-0.10319763422012329,-0.01673675181510248,0.02181193232536316,-0.05343574285507202,-0.021266101321003816,0.033068686723709106,-0.07831704616546631,-0.026229767521641634,0.03550684452056885,-0.09374082088470459,-0.026555508767984293,0.03362730145454407,-0.1017647385597229,-0.025748912637851618,3
0.0,0.0,0.0,0.05394263565540314,0.007386207580566406,-0.030964954388593924,0.09969905018806458,-0.02780604362487793,-0.04369861130163599,0.09262806177139282,-0.09460228681564331,-0.0553885238294356,0.0867747962474823,-0.15469908714294434,-0.06485178564236094,0.14050188660621643,-0.1659197211265564,-0.018915528995250952,0.19767031073570251,-0.224101722240448,-0.037969628912662756,0.23122522234916687,-0.2594680190086365,-0.04898690674946238,0.2558442950248718,-0.2915785312652588,-0.05436798055217196,0.10363534092903137,-0.19478696584701538,-0.020724682701086294,0.1419583261013031,-0.29875755310058594,-0.04209820423767496,0.16316178441047668,-0.35432928800582886,-0.05613074321792055,0.17852935194969177,-0.40096041560173035,-0.06137264762566019,0.061859577894210815,-0.1940823793411255,-0.02632609811172415,0.07761889696121216,-0.2335454821586609,-0.06485178564236094,0.0776304304599762,-0.18184667825698853,-0.07654170189545084,0.0734616219997406,-0.14506447315216064,-0.07185646389172007,0.01952439546585083,-0.17406439781188965,-0.0334931301002257,0.034638091921806335,-0.20846551656723022,-0.06652178112909723,0.0425092875957489,-0.1617329716682434,-0.06898036841795374,0.04522217810153961,-0.11674273014068604,-0.061326260310863745,3
0.0,0.0,0.0,0.04966500401496887,0.019550561904907227,-0.03005450619042449,0.09844538569450378,-0.007322430610656738,-0.041490929477220106,0.10089010000228882,-0.0705072283744812,-0.05195215558291011,0.10311919450759888,-0.12335604429244995,-0.059399130098825026,0.15626612305641174,-0.11307555437088013,-0.017886683620815802,0.2225610613822937,-0.15213817358016968,-0.038077732824092436,0.2627626359462738,-0.17232835292816162,-0.05057801147580676,0.2955475151538849,-0.19102519750595093,-0.05722709586501651,0.1298111081123352,-0.1582915186882019,-0.018019667171245146,0.18061897158622742,-0.24228435754776,-0.039983803682332564,0.21198919415473938,-0.2920173406600952,-0.05248407860875659,0.2372065782546997,-0.3353046178817749,-0.057049786947970915,0.09329810738563538,-0.17599767446517944,-0.021809643410449553,0.11169484257698059,-0.22698703408241272,-0.05775901889086299,0.0950649082660675,-0.1683739423751831,-0.06112789204001956,0.07799264788627625,-0.12339162826538086,-0.05124291618943744,0.050434410572052,-0.17494702339172363,-0.027749492131476927,0.06905925273895264,-0.19768166542053223,-0.05775901889086299,0.062229663133621216,-0.15074485540390015,-0.055276694052224684,0.05024793744087219,-0.11288964748382568,-0.044372199379211,3
0.0,0.0,0.0,0.03383314609527588,0.049524009227752686,-0.03430775178992462,0.08054304122924805,0.06425225734710693,-0.05335748194181633,0.09868815541267395,0.02338087558746338,-0.072122231111166,0.11040392518043518,-0.02777034044265747,-0.08913326261961174,0.17571032047271729,0.015516281127929688,-0.028082067132231714,0.24219828844070435,0.029603660106658936,-0.054760456070539476,0.2833476960659027,0.03896808624267578,-0.07334983347379875,0.3200612962245941,0.042807579040527344,-0.08531893788301659,0.1697590947151184,-0.041807353496551514,-0.03121683372580719,0.24560216069221497,-0.07428574562072754,-0.06032849846803856,0.29150402545928955,-0.09389722347259521,-0.07834792135679436,0.3323642313480377,-0.11634489893913269,-0.0875549167247982,0.1430615782737732,-0.0835796594619751,-0.038341302410003664,0.18210318684577942,-0.11794808506965637,-0.08303911237442207,0.13864555954933167,-0.07431250810623169,-0.09049239753210259,0.10614216327667236,-0.04372811317443848,-0.08295141904079628,0.10220465064048767,-0.1116781234741211,-0.047833282485839845,0.12400504946708679,-0.1204497218132019,-0.08628347514593315,0.09737607836723328,-0.08190953731536865,-0.08834409712278557,0.07524317502975464,-0.053814828395843506,-0.08071544019901467,3
0.0,0.0,0.0,0.018657371401786804,0.052857935428619385,-0.045879426675469404,0.05732297897338867,0.0760805606842041,-0.07272754542771054,0.08581316471099854,0.03958249092102051,-0.09765475176516247,0.11205995082855225,-0.01095011830329895,-0.12088441036883069,0.16859975457191467,0.08818936347961426,-0.04232796959820462,0.23244616389274597,0.14340567588806152,-0.07697142593804074,0.2758651077747345,0.1740657091140747,-0.1009605147713728,0.31413698196411133,0.19341635704040527,-0.11641716145220471,0.17628175020217896,0.0274735689163208,-0.04208226807656956,0.2583683729171753,0.029509127140045166,-0.08170669459047986,0.3118416666984558,0.028042972087860107,-0.10730399124565793,0.3630945086479187,0.02211087942123413,-0.12061637573185635,0.15913504362106323,-0.026548832654953003,-0.046638853179842954,0.1982835829257965,-0.04823017120361328,-0.1002457582229681,0.14598974585533142,-0.02519989013671875,-0.11400486462059689,0.1089521050453186,-0.007291972637176514,-0.10900155388060284,0.12649142742156982,-0.06954580545425415,-0.05400980569663716,0.1426580250263214,-0.07322365045547485,-0.0971186899417944,0.1094786524772644,-0.05066037178039551,-0.10301544450464917,0.08496132493019104,-0.031112611293792725,-0.09774410657826138,3
0.0,0.0,0.0,0.0120973140001297,0.0572434663772583,-0.04005921816053615,0.04657967388629913,0.08668527007102966,-0.06450236400189624,0.0763571560382843,0.0516684353351593,-0.0881913732511066,0.10510297119617462,0.004275858402252197,-0.1103720869642757,0.1465611606836319,0.11677166819572449,-0.03722008874240146,0.19729886949062347,0.18395516276359558,-0.0721768941504024,0.22766877710819244,0.22766408324241638,-0.09653132220330463,0.2563503533601761,0.26190248131752014,-0.11179165353598819,0.16471044719219208,0.06081777811050415,-0.039837414376165725,0.24679814279079437,0.0856996476650238,-0.07714537342610583,0.29931794106960297,0.09589561820030212,-0.100523849926617,0.3495466858148575,0.10129281878471375,-0.11285632660212741,0.15641818940639496,0.005152523517608643,-0.04689087902727351,0.2010827213525772,-0.010047048330307007,-0.09866066833558307,0.14481978118419647,-0.006832480430603027,-0.10921868493380771,0.10397808253765106,-0.0009359419345855713,-0.10238703151765094,0.1300741285085678,-0.04818478226661682,-0.05638422255935893,0.14746324717998505,-0.05752411484718323,-0.09795088132443652,0.11121685802936554,-0.0470806360244751,-0.10087874343219028,0.08345744013786316,-0.0351506769657135,-0.0935147385818027,3
0.0,0.0,0.0,0.007518947124481201,0.059571027755737305,-0.03791333543347264,0.03873349726200104,0.09296518564224243,-0.06191789912270451,0.07166008651256561,0.055287837982177734,-0.08532067196654225,0.10212446749210358,0.010385513305664062,-0.10787649261044407,0.13141946494579315,0.138869047164917,-0.039986146560181623,0.1775083690881729,0.21423524618148804,-0.0743993799595728,0.20387424528598785,0.26245802640914917,-0.09887200402306462,0.22991816699504852,0.3019236922264099,-0.11483046220826054,0.1558111160993576,0.08443310856819153,-0.04319567786740208,0.23651351034641266,0.12730330228805542,-0.07939196931408787,0.2865050882101059,0.14829009771347046,-0.10332967149304295,0.3343525379896164,0.16589957475662231,-0.11697014974640751,0.15442024171352386,0.027472972869873047,-0.050015913268794066,0.20503853261470795,0.026911556720733643,-0.09851538198279286,0.14897219836711884,0.014792084693908691,-0.10743072437333012,0.10635976493358612,0.009546905755996704,-0.10083336936520482,0.13450957834720612,-0.030643701553344727,-0.059154139777888304,0.15925075113773346,-0.03807288408279419,-0.09726723836945439,0.12368153035640717,-0.03654530644416809,-0.09789131390141392,0.09339897334575653,-0.030600428581237793,-0.08977834688710118,3
0.0,0.0,0.0,0.0033065974712371826,0.05716618895530701,-0.040083554291186374,0.030352219939231873,0.08807659149169922,-0.06825918024128441,0.056755825877189636,0.047247737646102905,-0.0956061190897799,0.08574084937572479,0.0008395016193389893,-0.12264774804657463,0.12291477620601654,0.13697567582130432,-0.04972258275097374,0.16566498577594757,0.21348866820335388,-0.0883223197395182,0.1905152052640915,0.2607048451900482,-0.11436080252474312,0.21532069146633148,0.30213668942451477,-0.1306730068261004,0.14866428077220917,0.08443030714988708,-0.05268843909448151,0.22821404039859772,0.1251833140850067,-0.09429766302650933,0.27805738151073456,0.1498069167137146,-0.12046697800701622,0.3271828144788742,0.17274758219718933,-0.13477286761349205,0.14998595416545868,0.0276944637298584,-0.05892546167319779,0.1970043033361435,0.021151214838027954,-0.11322680180614952,0.1351689249277115,0.009784400463104248,-0.12413068180626396,0.0906626433134079,0.0070043206214904785,-0.11732664769237999,0.13332299888134003,-0.029198437929153442,-0.0671687952215052,0.1561068743467331,-0.039605528116226196,-0.10877800797766213,0.11645303666591644,-0.0399647057056427,-0.11008647894209389,0.0853462666273117,-0.033945441246032715,-0.10179952596968178,3
0.0,0.0,0.0,0.00032275915145874023,0.05600506067276001,-0.04676644502768568,0.02592623233795166,0.0844455361366272,-0.07711113988051466,0.049544259905815125,0.035839617252349854,-0.1054667234290605,0.07837408781051636,-0.013850212097167969,-0.13331443815121702,0.1299155354499817,0.11926156282424927,-0.05408810822854093,0.1792730689048767,0.1833168864250183,-0.09556343405137113,0.2114766538143158,0.22464674711227417,-0.1231572255362039,0.2411857545375824,0.2585819959640503,-0.14008591322789243,0.1519586741924286,0.06333014369010925,-0.055992588387823616,0.23667359352111816,0.0874679684638977,-0.10030347107539228,0.29243215918540955,0.09652930498123169,-0.12840511648545316,0.34465256333351135,0.10442030429840088,-0.142625220106936,0.14723315834999084,0.008616089820861816,-0.06204459814915708,0.19152578711509705,-0.016680479049682617,-0.12146434931645445,0.13227888941764832,-0.0207253098487854,-0.1358537450302606,0.08880668878555298,-0.012932449579238892,-0.1295901313293939,0.12275180220603943,-0.04257109761238098,-0.07033966480383924,0.1380743384361267,-0.06600472331047058,-0.11697824298033765,0.09769248962402344,-0.058418214321136475,-0.12112578003296903,0.0666932463645935,-0.040418922901153564,-0.11333857475409559,3
0.0,0.0,0.0,0.022475913166999817,0.03633052110671997,-0.04486508439623549,0.05791205167770386,0.04030618071556091,-0.07288564886295035,0.07478465139865875,-0.02883005142211914,-0.09936071331941321,0.0947035402059555,-0.09279358386993408,-0.12480544443570807,0.1682955026626587,0.024434447288513184,-0.04636578779064848,0.23545727133750916,0.05403962731361389,-0.08565280731164648,0.28026655316352844,0.06777921319007874,-0.11020159866058066,0.3178376257419586,0.07966145873069763,-0.1240886911317034,0.16571205854415894,-0.042949020862579346,-0.0486056409343405,0.25013047456741333,-0.08384266495704651,-0.09326831396066382,0.30344778299331665,-0.11309406161308289,-0.12014654423438742,0.3513786792755127,-0.1372358500957489,-0.13107703025781348,0.1377750039100647,-0.09215053915977478,-0.05496682743870451,0.1585073471069336,-0.1364561915397644,-0.11674196417772009,0.10536572337150574,-0.09994485974311829,-0.13152500386678412,0.07263049483299255,-0.06677448749542236,-0.12337193782769873,0.09601220488548279,-0.1217639148235321,-0.0631198897524996,0.092106893658638,-0.14372172951698303,-0.11244145925485327,0.055654942989349365,-0.11013486981391907,-0.11593562509261801,0.033249884843826294,-0.07701641321182251,-0.1055427133604212,3
0.0,0.0,0.0,0.04292073845863342,0.025938332080841064,-0.0387373314633237,0.07450968027114868,0.01670306921005249,-0.06256106211088763,0.05443622171878815,-0.03999519348144531,-0.08532287640713321,0.03852969408035278,-0.09599524736404419,-0.10665342672012912,0.15837973356246948,-0.10748469829559326,-0.03963764844678508,0.2278190553188324,-0.14748051762580872,-0.07027145190380679,0.26884129643440247,-0.17298799753189087,-0.08864710940264331,0.3035360872745514,-0.198780357837677,-0.099358563257681,0.1277582347393036,-0.15953832864761353,-0.042084657533393965,0.17447292804718018,-0.2688997983932495,-0.07844354672573672,0.19674459099769592,-0.33662816882133484,-0.1019440786375867,0.21664071083068848,-0.39143484830856323,-0.11182446493052112,0.0864788293838501,-0.1775464415550232,-0.04783282516740428,0.08181047439575195,-0.21783390641212463,-0.0960343153610097,0.0634855329990387,-0.1696927845478058,-0.11284020258329974,0.05518177151679993,-0.13250082731246948,-0.11043936474464999,0.04365788400173187,-0.17030492424964905,-0.05582023872278796,0.03015027940273285,-0.1752781867980957,-0.09363347752235995,0.017095163464546204,-0.12224489450454712,-0.098619838191496,0.01300513744354248,-0.07462424039840698,-0.0923407198324071,3
0.0,0.0,0.0,0.05248457193374634,-0.004937648773193359,-0.04413409740453744,0.08807063102722168,-0.03750717639923096,-0.0725593699586966,0.06534981727600098,-0.07191139459609985,-0.10105758742218995,0.029154419898986816,-0.10516232252120972,-0.12848590151196504,0.10078170895576477,-0.2133367657661438,-0.04539852798706079,0.13877123594284058,-0.30402374267578125,-0.08734343037730241,0.16920244693756104,-0.3570175766944885,-0.11389637575274492,0.19450965523719788,-0.4086647033691406,-0.1295558048856833,0.05191308259963989,-0.23983794450759888,-0.051112758226452115,0.052891165018081665,-0.36713770031929016,-0.09799378947144533,0.054086118936538696,-0.4481189548969269,-0.12488715932494188,0.05489397048950195,-0.5207335352897644,-0.13636424974328065,0.005948662757873535,-0.22438210248947144,-0.06137406662827516,-0.006092697381973267,-0.2699905037879944,-0.12498441175347352,0.00377693772315979,-0.17959415912628174,-0.13743415311699891,0.013907074928283691,-0.11574363708496094,-0.12731873825913453,-0.036289215087890625,-0.18221837282180786,-0.07440737471705461,-0.04019919037818909,-0.18973922729492188,-0.12488715932494188,-0.02741101384162903,-0.1257806420326233,-0.1277077926767447,-0.014468669891357422,-0.07653963565826416,-0.11681427643424058,3
0.0,0.0,0.0,0.05778723955154419,-0.04502660036087036,-0.03848989472788844,0.09698188304901123,-0.10473811626434326,-0.06335244492692027,0.07799303531646729,-0.1328907012939453,-0.08960156307620082,0.03278389573097229,-0.13391882181167603,-0.11389036641520534,0.027058422565460205,-0.27699393033981323,-0.031580971340360975,0.029226869344711304,-0.3828815221786499,-0.06268306986493144,0.029713362455368042,-0.4476323127746582,-0.08204717353982005,0.02588498592376709,-0.5078003108501434,-0.09457408056658778,-0.027704566717147827,-0.2544206380844116,-0.03903974012536082,-0.08554702997207642,-0.3550555109977722,-0.08266873822611842,-0.12688705325126648,-0.4183506965637207,-0.109109112779322,-0.16294994950294495,-0.47231325507164,-0.12020162657898936,-0.06361818313598633,-0.203474223613739,-0.05044304371875796,-0.06943973898887634,-0.23946303129196167,-0.11446412072581325,-0.023588061332702637,-0.17524504661560059,-0.12957289979857478,0.006694167852401733,-0.12646347284317017,-0.12048851118487391,-0.08437073230743408,-0.13868314027786255,-0.06387838886183772,-0.06267347931861877,-0.14277535676956177,-0.115229116539183,-0.01891624927520752,-0.09940797090530396,-0.1224966363708404,0.01108059287071228,-0.06717753410339355,-0.11455974147719417,3
0.0,0.0,0.0,0.051491498947143555,-0.06836318969726562,-0.04228647564065113,0.07009494304656982,-0.15132421255111694,-0.06533983488094464,0.03302198648452759,-0.17141354084014893,-0.08898298580658093,-0.013307809829711914,-0.15119922161102295,-0.11047209192525997,-0.029201507568359375,-0.29219865798950195,-0.029593029511090663,-0.051209956407547,-0.39687222242355347,-0.06077532235991612,-0.06749066710472107,-0.46368497610092163,-0.08170027424108639,-0.08654749393463135,-0.5217143893241882,-0.09600925583850994,-0.0766618549823761,-0.2527347207069397,-0.03592693198930874,-0.15368729829788208,-0.33184248208999634,-0.0798539533139433,-0.20711815357208252,-0.3839014768600464,-0.10821548242580548,-0.25457823276519775,-0.42688947916030884,-0.12134486575138226,-0.10012143850326538,-0.1920737624168396,-0.04682535071384564,-0.12166732549667358,-0.22803646326065063,-0.11098496009122982,-0.06299600005149841,-0.18056577444076538,-0.1257555051566328,-0.02344149351119995,-0.14472520351409912,-0.11672906715881481,-0.10846066474914551,-0.11980938911437988,-0.06026245419394627,-0.10399198532104492,-0.14497655630111694,-0.11108753223430767,-0.055819928646087646,-0.11746227741241455,-0.11621619899284497,-0.020700037479400635,-0.094169020652771,-0.10729232568752423,3
0.0,0.0,0.0,0.04150724411010742,-0.06680917739868164,-0.04189573328937968,0.052294254302978516,-0.14364778995513916,-0.06474530052389582,0.02243351936340332,-0.15327030420303345,-0.08817429196085413,-0.018883347511291504,-0.13895857334136963,-0.10973903637375315,-0.04112124443054199,-0.280312180519104,-0.03254933383311709,-0.06654176115989685,-0.3815543055534363,-0.0651483769341894,-0.08396312594413757,-0.44537535309791565,-0.08620927583422144,-0.1041933000087738,-0.5020574331283569,-0.09930936347689112,-0.08877155184745789,-0.24222159385681152,-0.0378649431094118,-0.16396799683570862,-0.3178328275680542,-0.08056616138662775,-0.21980196237564087,-0.36620891094207764,-0.10822749238457163,-0.26942960917949677,-0.4087023138999939,-0.12042064320291956,-0.11228913068771362,-0.18254148960113525,-0.04751365359868487,-0.13075795769691467,-0.20677244663238525,-0.10963827472176035,-0.0739670991897583,-0.15971773862838745,-0.12404835324730357,-0.03566807508468628,-0.12545180320739746,-0.1143744448944517,-0.11966440081596375,-0.11215293407440186,-0.059757196418900094,-0.11571052670478821,-0.12608927488327026,-0.10812672328199824,-0.06778165698051453,-0.09936189651489258,-0.11185520242895564,-0.03131711483001709,-0.07774031162261963,-0.1014255295320936,3
0.0,0.0,0.0,0.04306894540786743,-0.048497915267944336,-0.04096065254310588,0.07190066576004028,-0.1031840443611145,-0.06961862535575847,0.05835306644439697,-0.1190219521522522,-0.09916196556190471,0.025519967079162598,-0.11022472381591797,-0.1272141689191244,-0.009351193904876709,-0.25834304094314575,-0.04361675472358684,-0.025875747203826904,-0.3603634834289551,-0.0798702591786764,-0.035042762756347656,-0.4227867126464844,-0.10083950103620509,-0.048814356327056885,-0.47883927822113037,-0.11239589543441753,-0.06199753284454346,-0.22973376512527466,-0.04920855702260951,-0.12578421831130981,-0.3072494864463806,-0.09440893472532252,-0.1750391721725464,-0.35490715503692627,-0.1201312074194334,-0.219801664352417,-0.39543962478637695,-0.12963727654317836,-0.0933663547039032,-0.1767750382423401,-0.058248633308210174,-0.08593502640724182,-0.18441694974899292,-0.1179876902828596,-0.03423577547073364,-0.13826751708984375,-0.131501203192272,0.0012466907501220703,-0.10263383388519287,-0.12162236662010173,-0.10761594772338867,-0.11522185802459717,-0.07013121039966563,-0.07790771126747131,-0.10471630096435547,-0.1136074417958639,-0.03185617923736572,-0.07338458299636841,-0.11705572695831279,0.0011000633239746094,-0.05218416452407837,-0.10661770196060161,3
0.0,0.0,0.0,0.051420509815216064,-0.04590862989425659,-0.04017206382843597,0.08555972576141357,-0.09261608123779297,-0.06934866783115012,0.07504475116729736,-0.10845398902893066,-0.0993138301083718,0.039574503898620605,-0.09782487154006958,-0.12734138694497688,0.011629998683929443,-0.25281351804733276,-0.0459623235175286,0.005187869071960449,-0.3552406430244446,-0.08183039453717811,0.0014019608497619629,-0.41628745198249817,-0.1014767262050782,-0.009021520614624023,-0.4716225564479828,-0.111750488252369,-0.043934762477874756,-0.2336742877960205,-0.05100908976885421,-0.09930658340454102,-0.312694787979126,-0.09661020067426307,-0.14362996816635132,-0.36543768644332886,-0.1209428134271775,-0.18490231037139893,-0.40781378746032715,-0.12842283871862037,-0.07962357997894287,-0.18881583213806152,-0.05921007794233901,-0.06309372186660767,-0.18497824668884277,-0.11769846555682761,-0.010366380214691162,-0.133442223072052,-0.1311264756033097,0.02476191520690918,-0.09510552883148193,-0.12103293565007789,-0.09786230325698853,-0.1322954297065735,-0.07024987515899284,-0.05916464328765869,-0.1055138111114502,-0.11129989203902824,-0.014326512813568115,-0.06933021545410156,-0.11553556200954063,0.017285943031311035,-0.04606515169143677,-0.10607287761661155,3
0.0,0.0,0.0,-0.04021191596984863,0.0250701904296875,-0.029511957942190747,-0.07940018177032471,0.014032959938049316,-0.04762042085701523,-0.08886110782623291,-0.039156973361968994,-0.0656152307527691,-0.09575825929641724,-0.08189934492111206,-0.08145066495114861,-0.1424938440322876,-0.06052267551422119,-0.025666752411666494,-0.19914603233337402,-0.0810086727142334,-0.05129515151554642,-0.23452302813529968,-0.09355854988098145,-0.06724423314506112,-0.2648279070854187,-0.10580796003341675,-0.07648788536960183,-0.12540513277053833,-0.10667699575424194,-0.028981584637108426,-0.18352854251861572,-0.16487658023834229,-0.05606851126128731,-0.21784669160842896,-0.19993877410888672,-0.07125991727286873,-0.24776485562324524,-0.23235666751861572,-0.07709402735406456,-0.09421288967132568,-0.13166338205337524,-0.0361037417786747,-0.11386090517044067,-0.16495442390441895,-0.0726616248028904,-0.08413130044937134,-0.11935657262802124,-0.07398755247766076,-0.06370800733566284,-0.08611613512039185,-0.06288759554797707,-0.055467307567596436,-0.1429898738861084,-0.04549892763668595,-0.07289993762969971,-0.17015773057937622,-0.06883535678559838,-0.05866837501525879,-0.13570410013198853,-0.06235722224289475,-0.047766029834747314,-0.10725033283233643,-0.05057535837465821,3
0.0,0.0,0.0,-0.0051381587982177734,0.051826417446136475,-0.035641590700436154,-0.023329317569732666,0.093777596950531,-0.06256191302924208,-0.04111456871032715,0.07664093375205994,-0.08857225497155241,-0.059289634227752686,0.042165935039520264,-0.11321762819676451,-0.10923886299133301,0.1228867769241333,-0.04864676167159132,-0.15391463041305542,0.1775885820388794,-0.08280902971415571,-0.18329939246177673,0.21512222290039062,-0.10328364242701582,-0.21133315563201904,0.2472630739212036,-0.11587174107222609,-0.12974631786346436,0.07555857300758362,-0.05251418669610075,-0.1995195746421814,0.10772693157196045,-0.0870556147852426,-0.24374240636825562,0.1288469433784485,-0.10487611462264113,-0.2855759859085083,0.14889633655548096,-0.11276262869029097,-0.12818396091461182,0.022641867399215698,-0.05945280437259726,-0.15079408884048462,0.028164446353912354,-0.10237365831522993,-0.09975731372833252,0.027637004852294922,-0.10449695457606367,-0.06331193447113037,0.029324471950531006,-0.09372882415442518,-0.11384385824203491,-0.030676841735839844,-0.06904553492455534,-0.12550926208496094,-0.02425438165664673,-0.09865789730935148,-0.0937240719795227,-0.01579803228378296,-0.09410798420100264,-0.07046085596084595,-0.010198056697845459,-0.08311235775141768,3
0.0,0.0,0.0,-0.00026363134384155273,0.04708939790725708,-0.04051774766980998,-0.011133074760437012,0.08577454090118408,-0.0716647694700896,-0.02392745018005371,0.07659658789634705,-0.10140443247496478,-0.03564399480819702,0.06002998352050781,-0.1299959908121764,-0.09681892395019531,0.1351391077041626,-0.05548016753732554,-0.13687700033187866,0.19722819328308105,-0.09214550656020037,-0.1627994179725647,0.2389005422592163,-0.11458914381205432,-0.1887146532535553,0.274033784866333,-0.12821828228175036,-0.11934512853622437,0.08847293257713318,-0.057554167031639736,-0.1857580542564392,0.13095974922180176,-0.09503429782330386,-0.2303304672241211,0.15669065713882446,-0.11510764461695544,-0.27203369140625,0.17859482765197754,-0.12421841573655001,-0.12176144123077393,0.034335047006607056,-0.06299841803252093,-0.13960975408554077,0.04915228486061096,-0.10770050090491168,-0.08857661485671997,0.04515087604522705,-0.11184849989354007,-0.05226755142211914,0.041934043169021606,-0.10251550775706164,-0.11334317922592163,-0.021585941314697266,-0.07136847478091113,-0.1188734769821167,-0.005845367908477783,-0.1019229332798659,-0.08382588624954224,0.0025741755962371826,-0.09866379600703112,-0.059316396713256836,0.006121695041656494,-0.08881230306565158,3
0.0,0.0,0.0,0.004103124141693115,0.047792136669158936,-0.03952885806307904,-0.0020105838775634766,0.09157112240791321,-0.07164097964511029,-0.015560150146484375,0.09624570608139038,-0.10296111196026914,-0.037008464336395264,0.08411112427711487,-0.13298523813233487,-0.08645075559616089,0.1445779800415039,-0.056196924445487184,-0.11990398168563843,0.2128804326057434,-0.09446508079514615,-0.14209353923797607,0.25768840312957764,-0.11793716639027707,-0.16601723432540894,0.29484760761260986,-0.13219321161255948,-0.11181217432022095,0.10092300176620483,-0.05961693465457074,-0.17172858119010925,0.15256822109222412,-0.10000910252080075,-0.21459072828292847,0.18471145629882812,-0.12211318701253049,-0.2558543384075165,0.21163910627365112,-0.13219321161255948,-0.11714315414428711,0.04510769248008728,-0.06606096416459195,-0.12123501300811768,0.06608489155769348,-0.11354515343651883,-0.06786268949508667,0.057121336460113525,-0.11692916244015805,-0.03028661012649536,0.04743295907974243,-0.10627312600360028,-0.11028546094894409,-0.012068331241607666,-0.0753130057428848,-0.1086428165435791,0.009962856769561768,-0.10692111789927594,-0.07152432203292847,0.018266230821609497,-0.10195310801015012,-0.04395359754562378,0.020069003105163574,-0.09050505995497815,3
0.0,0.0,0.0,0.0016845464706420898,0.049203455448150635,-0.04080319628610596,-0.006584286689758301,0.09289056062698364,-0.07474627569808945,-0.018065571784973145,0.09121936559677124,-0.10706290826692566,-0.03471750020980835,0.06600821018218994,-0.13838954493894562,-0.09190267324447632,0.12608790397644043,-0.06654336527481064,-0.13353639841079712,0.18867802619934082,-0.10833578035726532,-0.15865463018417358,0.23061871528625488,-0.13252021596326813,-0.18528610467910767,0.26644760370254517,-0.14680460319414124,-0.11603057384490967,0.0783124566078186,-0.0696194492329596,-0.18274426460266113,0.11679273843765259,-0.11342723146572098,-0.22791999578475952,0.13717728853225708,-0.13534879908456787,-0.27148300409317017,0.15725690126419067,-0.14447100684537872,-0.11942338943481445,0.023309260606765747,-0.07495842353000626,-0.12024378776550293,0.029216676950454712,-0.1238930173267363,-0.06296378374099731,0.028060615062713623,-0.1257316045512198,-0.023510992527008057,0.030836015939712524,-0.1139222331394194,-0.10905098915100098,-0.029782474040985107,-0.08330276087417587,-0.09821534156799316,-0.029703795909881592,-0.11611438766612991,-0.05405473709106445,-0.018488764762878418,-0.11045721397294983,-0.022516071796417236,-0.007951438426971436,-0.09822356924905762,3
0.0,0.0,0.0,-0.010908126831054688,0.0402216911315918,-0.02976165216523441,-0.026398777961730957,0.07128393650054932,-0.05825969081479343,-0.030461430549621582,0.050121426582336426,-0.08621165033537181,-0.038439273834228516,0.023479580879211426,-0.11406122025209697,-0.11201387643814087,0.07626503705978394,-0.06167262297230991,-0.17005860805511475,0.11865013837814331,-0.09726956363874706,-0.20445570349693298,0.14397263526916504,-0.11685982968765529,-0.23769813776016235,0.162031352519989,-0.128190784418166,-0.12172156572341919,0.01901930570602417,-0.06723571445900234,-0.19247543811798096,0.02385324239730835,-0.10505107667404445,-0.23975172638893127,0.01812148094177246,-0.1251191484566334,-0.2838529348373413,0.013014018535614014,-0.1336514937515858,-0.11212390661239624,-0.03276515007019043,-0.07317422207552227,-0.10847240686416626,-0.027500391006469727,-0.11153564479309352,-0.061962664127349854,-0.008337676525115967,-0.11235475417333873,-0.032359778881073,0.007436811923980713,-0.10259374853330883,-0.09147870540618896,-0.07567673921585083,-0.08122876163679393,-0.07406407594680786,-0.06391280889511108,-0.10573365416485103,-0.04014229774475098,-0.03919348120689392,-0.09829345222669872,-0.018021583557128906,-0.021306276321411133,-0.08621165033537181,3
0.0,0.0,0.0,-0.0329020619392395,0.02924370765686035,-0.026618503336294452,-0.07332676649093628,0.043741822242736816,-0.049559792805894176,-0.07380068302154541,0.018154621124267578,-0.0723028465401967,-0.056156814098358154,-0.02678978443145752,-0.0950098618161519,-0.1386326253414154,-0.04533743858337402,-0.04912727915166215,-0.2032737135887146,-0.07116854190826416,-0.0786463900697072,-0.24169009923934937,-0.08853286504745483,-0.09371231340287522,-0.27578306198120117,-0.10691618919372559,-0.10279511504290895,-0.11763519048690796,-0.09672343730926514,-0.0557591676008542,-0.1708129346370697,-0.16705143451690674,-0.08628748201249437,-0.1999034285545349,-0.21036821603775024,-0.10048837058661775,-0.23217755556106567,-0.25385046005249023,-0.10524602823375062,-0.08444756269454956,-0.12529903650283813,-0.06379673473952607,-0.07940870523452759,-0.11953401565551758,-0.09666782461522416,-0.0553932785987854,-0.06004291772842407,-0.09760495119212464,-0.048295557498931885,-0.03162926435470581,-0.08881048702119188,-0.04780977964401245,-0.13511496782302856,-0.07424915425895051,-0.03663754463195801,-0.10685861110687256,-0.09493776999829606,-0.02265787124633789,-0.057867467403411865,-0.08960342251180009,-0.01992213726043701,-0.03382152318954468,-0.08023228340266542,3
0.0,0.0,0.0,-0.04367333650588989,0.0037865042686462402,-0.023820305409060438,-0.0836724042892456,-0.00785207748413086,-0.045893341468797644,-0.08482193946838379,-0.03313589096069336,-0.06948992999099346,-0.0653107762336731,-0.06531530618667603,-0.09260344149373623,-0.1086890697479248,-0.1304168701171875,-0.04043082164429279,-0.1579655110836029,-0.1852167844772339,-0.0694527739455566,-0.1868450939655304,-0.22147244215011597,-0.08650920929216,-0.2102832794189453,-0.25768184661865234,-0.09683967770837398,-0.07410848140716553,-0.15529578924179077,-0.048234421925769766,-0.09887611865997314,-0.2502431273460388,-0.07781376333736034,-0.11487400531768799,-0.3109302520751953,-0.09312368573449703,-0.12789246439933777,-0.3644164204597473,-0.09981248171828838,-0.03623086214065552,-0.15430092811584473,-0.05785885469816776,-0.04694026708602905,-0.17532819509506226,-0.09483304263852688,-0.04349875450134277,-0.10829311609268188,-0.0969140047004089,-0.039501726627349854,-0.06308841705322266,-0.08740104378961178,0.000265657901763916,-0.13704019784927368,-0.0691926518251762,-0.010005414485931396,-0.1448836326599121,-0.09535328687928768,-0.01504659652709961,-0.09556007385253906,-0.09067112596534344,-0.01803576946258545,-0.05798119306564331,-0.08019200356505962,3
0.0,0.0,0.0,-0.0401383638381958,-0.009805262088775635,-0.02307013859314111,-0.0715700089931488,-0.035114586353302,-0.04514642683130887,-0.06140732765197754,-0.05151897668838501,-0.06802065921289113,-0.04435312747955322,-0.06784498691558838,-0.09064663452369359,-0.07370340824127197,-0.1632022261619568,-0.045394676451508076,-0.1007046103477478,-0.24133002758026123,-0.07177982730132726,-0.11452677845954895,-0.28943002223968506,-0.08596539748174337,-0.12373009324073792,-0.3349197506904602,-0.09468952072126058,-0.031146615743637085,-0.17680639028549194,-0.05206189182860044,-0.020527631044387817,-0.2709815502166748,-0.0792981783793607,-0.011995524168014526,-0.33397936820983887,-0.09334189695579198,-0.004841327667236328,-0.38943180441856384,-0.09929983568650869,0.006146430969238281,-0.16333085298538208,-0.05950931337935117,0.0017459392547607422,-0.1607745885848999,-0.08880251151782659,-0.014698982238769531,-0.09712916612625122,-0.08802230906945852,-0.024779587984085083,-0.05673873424530029,-0.07908539724809316,0.036536842584609985,-0.1347593069076538,-0.06887179118854192,0.025463789701461792,-0.11451303958892822,-0.08731302869779256,0.009429752826690674,-0.06952083110809326,-0.08000745875102666,-5.099177360534668e-05,-0.04169672727584839,-0.06936828297835973,3
0.0,0.0,0.0,-0.037903428077697754,-0.01732403039932251,-0.02319920131640174,-0.06900042295455933,-0.04921954870223999,-0.04478222572879531,-0.060639768838882446,-0.060669124126434326,-0.06715571203903892,-0.03362119197845459,-0.06813490390777588,-0.08935736188368537,-0.04194533824920654,-0.1763601303100586,-0.04588199848012664,-0.04786372184753418,-0.26258087158203125,-0.06952709773258903,-0.05069953203201294,-0.3151708245277405,-0.08069665053562858,-0.0502302348613739,-0.3621180057525635,-0.08818885752634742,0.0013781487941741943,-0.17806273698806763,-0.05217132413463332,0.03200733661651611,-0.2590522766113281,-0.07904700258450248,0.056492507457733154,-0.31421011686325073,-0.09224426069931724,0.07576519250869751,-0.3618825078010559,-0.09774311700539329,0.033488333225250244,-0.1540203094482422,-0.059147999376818916,0.025451987981796265,-0.145530104637146,-0.08949483254627921,-0.001715630292892456,-0.08856981992721558,-0.09135069766716697,-0.019520878791809082,-0.05120503902435303,-0.08447711983399131,0.054988980293273926,-0.11690294742584229,-0.06787743488030173,0.03650927543640137,-0.08830136060714722,-0.08970104226546027,0.00903293490409851,-0.04761838912963867,-0.08763895997481086,-0.010700881481170654,-0.020103871822357178,-0.08055918732361533,3
0.0,0.0,0.0,-0.03786143660545349,-0.02688652276992798,-0.020425094412985345,-0.06507110595703125,-0.0692833662033081,-0.040706182020130655,-0.05740383267402649,-0.07842743396759033,-0.06281149585765888,-0.03204265236854553,-0.08256393671035767,-0.0853460376433759,-0.022255390882492065,-0.19216078519821167,-0.03966887866181423,-0.012127310037612915,-0.2759588956832886,-0.06166688178700497,-0.003400355577468872,-0.32728081941604614,-0.07300569315475514,0.007331252098083496,-0.3728673458099365,-0.08105374326032688,0.019605576992034912,-0.18101656436920166,-0.04757385154289295,0.06500750780105591,-0.251594603061676,-0.07440068026107838,0.1015477180480957,-0.2963166832923889,-0.0877067913584142,0.13037753105163574,-0.3361160457134247,-0.09342985053581288,0.047238945960998535,-0.15098369121551514,-0.05622997333330204,0.040195971727371216,-0.1489657163619995,-0.08870832820457508,0.006308525800704956,-0.09148883819580078,-0.0904252474479108,-0.018185794353485107,-0.05443471670150757,-0.08319988300127079,0.06400376558303833,-0.11206018924713135,-0.06638840039295246,0.04682439565658569,-0.0936998724937439,-0.09006755252403309,0.01376226544380188,-0.050988852977752686,-0.08727757086080601,-0.012468039989471436,-0.021820545196533203,-0.07976605196517994,3
0.0,0.0,0.0,-0.035124748945236206,-0.02743321657180786,-0.023810488424032883,-0.05938565731048584,-0.07279413938522339,-0.045584409749835686,-0.05345088243484497,-0.08557695150375366,-0.06863060153159495,-0.028314828872680664,-0.09260529279708862,-0.09145868874225016,-0.010568618774414062,-0.19867831468582153,-0.03925943306717272,0.004463911056518555,-0.281451553106308,-0.062487370586723046,0.015730738639831543,-0.33203810453414917,-0.07466477460297938,0.028704553842544556,-0.3767531216144562,-0.08273457295331355,0.027849674224853516,-0.18370139598846436,-0.04583886197838183,0.07902926206588745,-0.25218677520751953,-0.07371966845425959,0.11796331405639648,-0.2931475043296814,-0.08666043288144465,0.14931625127792358,-0.33214300870895386,-0.09153139150771494,0.052081674337387085,-0.1515744924545288,-0.0538723163965642,0.0520457923412323,-0.15488970279693604,-0.08855065262946482,0.01493537425994873,-0.09728294610977173,-0.08884145624074336,-0.011031359434127808,-0.062419891357421875,-0.07946303046378489,0.06579434871673584,-0.11041492223739624,-0.06372329152259226,0.05610501766204834,-0.0996132493019104,-0.08913225240144129,0.022710561752319336,-0.0576707124710083,-0.08520641482505198,-0.003814190626144409,-0.031126558780670166,-0.07604609734448786,3
0.0,0.0,0.0,-0.03720542788505554,-0.02252018451690674,-0.02515365869339803,-0.06484091281890869,-0.06893479824066162,-0.04659531392690042,-0.05770611763000488,-0.0900048017501831,-0.06931147479053834,-0.029787331819534302,-0.10316425561904907,-0.09116547309395173,-0.02563658356666565,-0.20609605312347412,-0.03816110022899011,-0.015211611986160278,-0.29446643590927124,-0.061889370312655956,-0.008504629135131836,-0.34767255187034607,-0.0739596759581218,0.0009884536266326904,-0.39438045024871826,-0.08179412536856034,0.015924721956253052,-0.1941431760787964,-0.04453361906644204,0.06359338760375977,-0.2722335457801819,-0.07283510767456391,0.10004150867462158,-0.3216235041618347,-0.08591751508947709,0.12916427850723267,-0.3675786852836609,-0.09049074106451371,0.04407021403312683,-0.16246968507766724,-0.05263046674963334,0.04223939776420593,-0.17147040367126465,-0.08921623729702333,0.009363621473312378,-0.10836374759674072,-0.08899131916996339,-0.012676358222961426,-0.06846112012863159,-0.07827048503395417,0.06094193458557129,-0.11991000175476074,-0.06263907753464082,0.04786759614944458,-0.10915714502334595,-0.08921623729702333,0.015747815370559692,-0.06477975845336914,-0.08494289719101289,-0.008423984050750732,-0.03586077690124512,-0.07485931866403917,3
0.0,0.0,0.0,-0.038867443799972534,-0.02175229787826538,-0.027577251811123915,-0.06716647744178772,-0.06481033563613892,-0.0504965993208657,-0.05858731269836426,-0.08888411521911621,-0.07405098775456054,-0.030824869871139526,-0.10834747552871704,-0.09591192254850966,-0.03729620575904846,-0.20547980070114136,-0.03979705149362189,-0.035121530294418335,-0.2965901494026184,-0.06481396654675109,-0.03189167380332947,-0.3512881398200989,-0.07782276967594726,-0.026071220636367798,-0.39964139461517334,-0.08605910340378387,0.0029152631759643555,-0.19613182544708252,-0.04533926272819144,0.044359683990478516,-0.2822343111038208,-0.07455132404396636,0.07802999019622803,-0.3363970220088959,-0.08806046346256835,0.10512334108352661,-0.38632652163505554,-0.09321779260466201,0.031224459409713745,-0.16606324911117554,-0.05307526389191253,0.03454500436782837,-0.17537158727645874,-0.09013878801891906,0.006794750690460205,-0.111674964427948,-0.0902927393657933,-0.012616008520126343,-0.07223308086395264,-0.07967017093727691,0.04961800575256348,-0.1251676082611084,-0.06288959333727462,0.04600885510444641,-0.12114101648330688,-0.08913811544010741,0.018315136432647705,-0.07799464464187622,-0.08451960483620269,-0.004501700401306152,-0.049311161041259766,-0.07447435209581954,3
0.0,0.0,0.0,-0.043098002672195435,-0.000986933708190918,-0.0329255587124635,-0.0802392065525055,-0.02808922529220581,-0.058560063567142606,-0.06986573338508606,-0.05685847997665405,-0.08415495368478787,-0.044284969568252563,-0.09053397178649902,-0.10808577897785199,-0.10091322660446167,-0.16674083471298218,-0.04627769204614651,-0.1384824812412262,-0.24901342391967773,-0.07718173178670895,-0.15846198797225952,-0.3017284870147705,-0.0939016169571687,-0.17434799671173096,-0.35192686319351196,-0.1038067466282655,-0.060007721185684204,-0.1875740885734558,-0.05123026060698521,-0.05718764662742615,-0.2927670478820801,-0.08375874670980465,-0.050119370222091675,-0.36404949426651,-0.09881455960510266,-0.04753682017326355,-0.4248600900173187,-0.10420296105382931,-0.02218344807624817,-0.17768234014511108,-0.059075133379678846,-0.023634493350982666,-0.19110643863677979,-0.10079558702943814,-0.023331046104431152,-0.11754715442657471,-0.10206345232961667,-0.02316802740097046,-0.06884634494781494,-0.09049423548219693,0.011070191860198975,-0.1511847972869873,-0.0694161033892442,0.009284377098083496,-0.14221149682998657,-0.09929001095531476,0.001451730728149414,-0.08643513917922974,-0.09461477908132565,-0.005540370941162109,-0.046692490577697754,-0.08312482151029599,3
0.0,0.0,0.0,-0.043092042207717896,0.015123307704925537,-0.032597976302895404,-0.0851980447769165,0.00383150577545166,-0.05869911474565015,-0.07929646968841553,-0.02424567937850952,-0.08476111156323896,-0.05802643299102783,-0.061117589473724365,-0.10933609915355191,-0.13006609678268433,-0.12379211187362671,-0.049737854426894046,-0.18386965990066528,-0.18290084600448608,-0.08327409488538251,-0.21704351902008057,-0.2213975489139557,-0.10237058115581021,-0.2455611228942871,-0.2596991956233978,-0.11387543243745313,-0.09315711259841919,-0.1597844958305359,-0.055490276342425204,-0.113715261220932,-0.2634807825088501,-0.09000482273677335,-0.12397459149360657,-0.33417809009552,-0.10745774818042264,-0.13628625869750977,-0.398239403963089,-0.11442328107932553,-0.052485257387161255,-0.1633794903755188,-0.06355149907449231,-0.054116129875183105,-0.1736316680908203,-0.1053446219621037,-0.0401495099067688,-0.09691035747528076,-0.10518809271434293,-0.03167092800140381,-0.04797095060348511,-0.09235274655202375,-0.014471054077148438,-0.14793944358825684,-0.07419544321874127,-0.013872683048248291,-0.1367427110671997,-0.10252710295299039,-0.010893046855926514,-0.08196282386779785,-0.09563984585383878,-0.01028662919998169,-0.04566538333892822,-0.08249144864657865,3
0.0,0.0,0.0,-0.03865915536880493,0.025475025177001953,-0.03255299349461893,-0.08257618546485901,0.029539763927459717,-0.0591610061112533,-0.08341807126998901,0.000770270824432373,-0.08562844862376551,-0.07277828454971313,-0.04493898153305054,-0.11077050735389093,-0.15143802762031555,-0.07815653085708618,-0.05008415748511652,-0.21693050861358643,-0.11685937643051147,-0.0853874670449386,-0.25750455260276794,-0.14126938581466675,-0.10538866986667017,-0.29339683055877686,-0.16573268175125122,-0.11687529702817301,-0.1235765814781189,-0.1267816424369812,-0.05610861499940256,-0.16959747672080994,-0.21713435649871826,-0.0924561681333671,-0.19749468564987183,-0.27981358766555786,-0.11101148893271784,-0.2247198522090912,-0.3338753283023834,-0.1179998653117309,-0.08549970388412476,-0.14717185497283936,-0.06454285104905466,-0.08774739503860474,-0.15659230947494507,-0.1077181162420402,-0.06093430519104004,-0.08716905117034912,-0.10852137823735575,-0.044637858867645264,-0.040815651416778564,-0.09591018279229502,-0.04523575305938721,-0.14898884296417236,-0.07550736387406687,-0.041422486305236816,-0.1405317187309265,-0.10482638199960093,-0.027213871479034424,-0.08631032705307007,-0.09823964406882624,-0.01970851421356201,-0.047798871994018555,-0.08482518662844996,3
0.0,0.0,0.0,-0.0616699755191803,0.017720580101013184,-0.024844396769083232,-0.1253008246421814,-0.014262735843658447,-0.037285417228019924,-0.12276238203048706,-0.0983915627002716,-0.04957788056043455,-0.09376910328865051,-0.16544732451438904,-0.055631272404468746,-0.15882039070129395,-0.09011107683181763,-0.01005444480387041,-0.19006091356277466,-0.12975090742111206,-0.04864944508580038,-0.14856630563735962,-0.08033454418182373,-0.06625255560783216,-0.12937554717063904,-0.06835094094276428,-0.0739399901619322,-0.12491923570632935,-0.1306675672531128,-0.013777465469217987,-0.15370509028434753,-0.1729840636253357,-0.0528831071248419,-0.11471912264823914,-0.10552045702934265,-0.056485429315841884,-0.10484793782234192,-0.0997450053691864,-0.04909509411362478,-0.08753198385238647,-0.15781116485595703,-0.02488153605071375,-0.10499078035354614,-0.19064655900001526,-0.06164751937893698,-0.07745850086212158,-0.11716815829277039,-0.04939219346550772,-0.07538920640945435,-0.10882294178009033,-0.031529121010578365,-0.04525017738342285,-0.1762995719909668,-0.038956593631780834,-0.06294053792953491,-0.18853837251663208,-0.05782237267402479,-0.049459099769592285,-0.13175836205482483,-0.04664403191117117,-0.046473145484924316,-0.11826035380363464,-0.033218871711767406,0
0.0,0.0,0.0,-0.05081126093864441,0.007966697216033936,-0.042418379164502085,-0.09239748120307922,-0.03931701183319092,-0.06406060961560911,-0.06582459807395935,-0.11407309770584106,-0.07890099642352766,-0.03319099545478821,-0.16817444562911987,-0.0851463263996095,-0.139384925365448,-0.15442845225334167,-0.03274121118263906,-0.12371623516082764,-0.16417163610458374,-0.07135713455753034,-0.09730404615402222,-0.10714501142501831,-0.09145348874406523,-0.09104692935943604,-0.09163498878479004,-0.10326395539121336,-0.10401597619056702,-0.1918044090270996,-0.028242720118925035,-0.0771264135837555,-0.1961182951927185,-0.06634850410299009,-0.05350041389465332,-0.1255822479724884,-0.07160447893218702,-0.05872219800949097,-0.11837708950042725,-0.06869823095874494,-0.0633963942527771,-0.20425111055374146,-0.03134992328958219,-0.029678136110305786,-0.2010493278503418,-0.06678135303334898,-0.01958775520324707,-0.13478049635887146,-0.05963941273765272,-0.03648415207862854,-0.12809714674949646,-0.04909655807094282,-0.020140886306762695,-0.2016872763633728,-0.03935755027012533,0.008673369884490967,-0.18698006868362427,-0.06696685013847059,0.008391320705413818,-0.13474178314208984,-0.06789437291698164,-0.012025892734527588,-0.12354516983032227,-0.0630712470181436,0
0.0,0.0,0.0,-0.05730012059211731,0.01800018548965454,-0.04594691140803775,-0.11186015605926514,-0.018168509006500244,-0.07099448560032329,-0.0817829966545105,-0.06780135631561279,-0.08874321399483165,-0.032404541969299316,-0.10934576392173767,-0.09800342886003932,-0.13261860609054565,-0.17170625925064087,-0.039869901223511306,-0.1288297474384308,-0.13536691665649414,-0.07858271567377528,-0.10116332769393921,-0.07531726360321045,-0.10089724181446513,-0.09440878033638,-0.08352380990982056,-0.11697400031837901,-0.09417814016342163,-0.21386253833770752,-0.034532424493164626,-0.07993540167808533,-0.16696932911872864,-0.07144463477882823,-0.06266075372695923,-0.094870924949646,-0.07678211895975551,-0.0681128203868866,-0.1121872067451477,-0.07601043252500972,-0.05278685688972473,-0.2205754816532135,-0.03687962560209712,-0.023430585861206055,-0.15508094429969788,-0.06565700886997661,-0.022486388683319092,-0.09330111742019653,-0.05610742090496501,-0.039682477712631226,-0.11182153224945068,-0.047393817885250655,-0.00910574197769165,-0.2143973410129547,-0.04568968756350955,0.015636742115020752,-0.15299361944198608,-0.06687883703264674,0.011460959911346436,-0.10450330376625061,-0.06707176236662349,-0.0068569183349609375,-0.10899680852890015,-0.06427441207918605,0
0.0,0.0,0.0,-0.063039630651474,0.017248213291168213,-0.05152809879305664,-0.11540144681930542,-0.016963601112365723,-0.08124593159678284,-0.08494949340820312,-0.056688010692596436,-0.10279301813366715,-0.02620100975036621,-0.09607148170471191,-0.11551039925339524,-0.13321125507354736,-0.18216848373413086,-0.045103511573103106,-0.12989842891693115,-0.12336599826812744,-0.08592435231926743,-0.10767069458961487,-0.06869173049926758,-0.11004125586273972,-0.10227087140083313,-0.09004610776901245,-0.12756885847571198,-0.09162303805351257,-0.21898910403251648,-0.03811883440735642,-0.08128151297569275,-0.15138041973114014,-0.07630394658568207,-0.07068526744842529,-0.08676084876060486,-0.08243201187374893,-0.0756780207157135,-0.11538180708885193,-0.0827614839983255,-0.04857158660888672,-0.2202731966972351,-0.039271964491632616,-0.027748852968215942,-0.14219146966934204,-0.06984640917303864,-0.029586881399154663,-0.0874682366847992,-0.06022599971416298,-0.0406205952167511,-0.11257532238960266,-0.05077032631757561,-0.005165994167327881,-0.20791184902191162,-0.047409771741655504,0.012698054313659668,-0.14188697934150696,-0.06892390808584992,0.004862546920776367,-0.09695738554000854,-0.06892390808584992,-0.009815394878387451,-0.10391473770141602,-0.0657939713311464,0
0.0,0.0,0.0,-0.059604257345199585,0.014319419860839844,-0.05001396523095991,-0.11143338680267334,0.006304025650024414,-0.08427327708579924,-0.0988939106464386,-0.0023978352546691895,-0.10972834960796263,-0.04473048448562622,-0.027800559997558594,-0.12739861593820478,-0.12785938382148743,-0.1733836531639099,-0.0574280640599909,-0.12895318865776062,-0.08168759942054749,-0.09366445825673964,-0.1050710678100586,-0.03763604164123535,-0.11430036858894255,-0.09151113033294678,-0.06056773662567139,-0.12900499091722395,-0.07830244302749634,-0.19945299625396729,-0.04955058009602453,-0.07592201232910156,-0.09114837646484375,-0.08056622580863859,-0.0689694881439209,-0.04307514429092407,-0.08489111648179914,-0.06992277503013611,-0.07777798175811768,-0.0864975063619795,-0.03043466806411743,-0.19359204173088074,-0.04754260019637968,-0.024277478456497192,-0.09102874994277954,-0.07228714809991743,-0.028451144695281982,-0.0489046573638916,-0.06057905243017103,-0.030021339654922485,-0.06891477108001709,-0.05081716017105009,0.013318419456481934,-0.17343422770500183,-0.051929271083849926,0.017497241497039795,-0.0953526496887207,-0.07105146930791761,0.005832016468048096,-0.05843108892440796,-0.06802404509164717,-0.0027009248733520508,-0.062019288539886475,-0.06218544231035139,0
0.0,0.0,0.0,-0.0554729700088501,0.01719212532043457,-0.035816724353381346,-0.0996847152709961,0.036175310611724854,-0.06625959923202629,-0.09862405061721802,0.05726361274719238,-0.08994066616232033,-0.06173133850097656,0.04797792434692383,-0.10801151295835609,-0.11228790879249573,-0.1162676215171814,-0.06301157822544212,-0.12064319849014282,0.011589348316192627,-0.09330681612426872,-0.09685924649238586,0.028918564319610596,-0.11060994764501686,-0.0871354341506958,-0.00614166259765625,-0.12295244535143013,-0.06150025129318237,-0.12756910920143127,-0.06100369890863533,-0.06871163845062256,0.02692592144012451,-0.08326745679313774,-0.058090388774871826,0.02573460340499878,-0.08586587657863731,-0.05899852514266968,-0.021074652671813965,-0.08875957032377357,-0.010856568813323975,-0.11286816000938416,-0.0612399195664608,-0.021541088819503784,0.03166377544403076,-0.07535408338243599,-0.02311420440673828,0.02159857749938965,-0.05858244275385971,-0.026653021574020386,-0.022700905799865723,-0.047450563811608504,0.03173112869262695,-0.08346801996231079,-0.06655487319166298,0.013974130153656006,0.028570234775543213,-0.08108241757089729,0.008259177207946777,0.015795528888702393,-0.0747044747107708,0.004637598991394043,-0.02844315767288208,-0.0666139264934742,0
0.0,0.0,0.0,-0.057185351848602295,0.024105608463287354,-0.030712928426702035,-0.09783342480659485,0.05987656116485596,-0.06377714666469814,-0.11042478680610657,0.10405737161636353,-0.09111023488386394,-0.0902755856513977,0.1147347092628479,-0.11521038207157375,-0.14225062727928162,-0.07132905721664429,-0.0667749771748376,-0.145294189453125,0.06676918268203735,-0.09898686948164226,-0.12162187695503235,0.07255476713180542,-0.11867844852550746,-0.11883911490440369,0.0353245735168457,-0.13260949942215206,-0.09194868803024292,-0.0851341187953949,-0.06871474328382732,-0.09772413969039917,0.07702815532684326,-0.09069876911981822,-0.07943767309188843,0.06904178857803345,-0.09399049523218395,-0.08221849799156189,0.023704349994659424,-0.09939833524568797,-0.03814667463302612,-0.07377174496650696,-0.07224158736809017,-0.044374167919158936,0.0792769193649292,-0.08540849181755306,-0.04009944200515747,0.06532764434814453,-0.07194768431528331,-0.04545313119888306,0.022829413414001465,-0.065246669379313,0.00937950611114502,-0.046123385429382324,-0.0795892009411645,-0.0006211400032043457,0.06524533033370972,-0.08999340030296565,-0.004139304161071777,0.05030614137649536,-0.08276335689171077,-0.012331068515777588,0.010673999786376953,-0.0768852734838319,0
0.0,0.0,0.0,-0.0772409737110138,0.008616417646408081,-0.016083337175217594,-0.12744194269180298,0.08968201279640198,-0.045009987237421,-0.13325971364974976,0.1805509626865387,-0.07193563673135372,-0.11904054880142212,0.22977563738822937,-0.09959804806348416,-0.14493048191070557,0.07848820090293884,-0.08238439056512448,-0.13028547167778015,0.23322543501853943,-0.11640983614560696,-0.10847565531730652,0.21210512518882751,-0.12411244008180233,-0.10628542304039001,0.16609856486320496,-0.12632275912400814,-0.08882129192352295,0.0797700583934784,-0.09269919041034314,-0.07381033897399902,0.24236270785331726,-0.12732745501634213,-0.06371229887008667,0.2112804353237152,-0.12337566706773373,-0.0654679536819458,0.16409316658973694,-0.1206964978897247,-0.03248000144958496,0.08624395728111267,-0.10180835965510937,-0.0286942720413208,0.23425468802452087,-0.13141317460176083,-0.026572585105895996,0.1966100037097931,-0.11801733616229626,-0.03029841184616089,0.14625641703605652,-0.10797045174476239,0.016649901866912842,0.09336963295936584,-0.11085055563088986,0.011547446250915527,0.20419779419898987,-0.13375744018193814,0.009575486183166504,0.1699850857257843,-0.12605485114690396,0.006502807140350342,0.1203857958316803,-0.11841919812795254,0
0.0,0.0,0.0,-0.07279741764068604,0.019931137561798096,0.0033155850642572204,-0.11999049782752991,0.0989798903465271,-0.0068265871568371495,-0.11963459849357605,0.185036301612854,-0.01591148520398633,-0.09635031223297119,0.23926275968551636,-0.025948408195262118,-0.14265745878219604,0.12546473741531372,-0.0458117566494991,-0.1330508291721344,0.24300611019134521,-0.0589009031145622,-0.11654675006866455,0.22364813089370728,-0.058747812309746905,-0.1127820611000061,0.1867595911026001,-0.05698728109288709,-0.08857327699661255,0.13838857412338257,-0.05545638794589536,-0.08378979563713074,0.2531059980392456,-0.06559856528926389,-0.07369023561477661,0.22515934705734253,-0.05821200008082883,-0.07133662700653076,0.18422698974609375,-0.05472921500492589,-0.03550976514816284,0.14816057682037354,-0.06146514708686368,-0.03892624378204346,0.2530556917190552,-0.06934925461698072,-0.03397923707962036,0.21907365322113037,-0.054461310753112,-0.0325930118560791,0.1778775453567505,-0.0458883039145519,0.014497697353363037,0.1521793007850647,-0.06586647326636808,-2.008676528930664e-05,0.23037737607955933,-0.07252585435796277,0.0015793442726135254,0.20073378086090088,-0.05951325515795247,0.003992259502410889,0.16639167070388794,-0.04952417606997983,0
0.0,0.0,0.0,-0.08345937728881836,0.016721904277801514,0.013672493956377707,-0.13322550058364868,0.08247870206832886,0.017315711452951632,-0.14537206292152405,0.15174180269241333,0.019168020784249507,-0.12939488887786865,0.19827157258987427,0.02106126546799203,-0.15827077627182007,0.16496014595031738,-0.00010981579750080073,-0.15675538778305054,0.24204647541046143,0.0035026996390428167,-0.13873380422592163,0.22108083963394165,0.0064372290851082425,-0.12997514009475708,0.18952935934066772,0.008253720215847693,-0.11184930801391602,0.1961977481842041,-0.008064001240441598,-0.10925531387329102,0.2605147957801819,0.001315234554326139,-0.09739488363265991,0.23390114307403564,0.007905772514035903,-0.09121108055114746,0.19707047939300537,0.009845070167770587,-0.06160324811935425,0.21219265460968018,-0.013078541868040361,-0.06207478046417236,0.25200963020324707,-0.0010628341936040897,-0.05574291944503784,0.22237753868103027,0.007731799594452582,-0.05065202713012695,0.18773102760314941,0.009154290519049368,-0.01420062780380249,0.2144852876663208,-0.017192511261114873,-0.023014366626739502,0.2340887188911438,-0.0069996918557677645,-0.017960786819458008,0.20380836725234985,0.004062998201092682,-0.014096498489379883,0.17473262548446655,0.011247094347467623,0
0.0,0.0,0.0,-0.08470246195793152,0.02213233709335327,0.020623796784661863,-0.13158881664276123,0.08410322666168213,0.027398568743251417,-0.1496714949607849,0.15638697147369385,0.03186521975078449,-0.1414826214313507,0.20556193590164185,0.03624638093390331,-0.15269878506660461,0.1732501983642578,0.0005091843100899496,-0.15527060627937317,0.24894583225250244,0.012011071832262132,-0.13942879438400269,0.22549837827682495,0.0226540911731945,-0.12954598665237427,0.19341975450515747,0.02923652080573902,-0.10786435008049011,0.2031952142715454,-0.007896503268398192,-0.10666230320930481,0.2553313970565796,0.010317378842614744,-0.09661659598350525,0.22857463359832764,0.020826825105928037,-0.09005177021026611,0.19421422481536865,0.023145635777495954,-0.06028711795806885,0.2155550718307495,-0.011615149511612799,-0.06306850910186768,0.24321019649505615,0.008735885077499006,-0.05701422691345215,0.21667063236236572,0.01873241660871372,-0.04897791147232056,0.18551737070083618,0.018187442028306577,-0.015437543392181396,0.21766430139541626,-0.013773672117508795,-0.02571183443069458,0.23297202587127686,0.002249627772130225,-0.018442630767822266,0.20355409383773804,0.014810742044232938,-0.011350512504577637,0.17508947849273682,0.021735116073273275,0
0.0,0.0,0.0,-0.08526429533958435,0.013095974922180176,0.016933100193426753,-0.13277670741081238,0.07913851737976074,0.02096523147790208,-0.14822682738304138,0.15261036157608032,0.022923087596581126,-0.1407701075077057,0.20362621545791626,0.024912694364473964,-0.1636652648448944,0.1619889736175537,-0.0057727574485682,-0.16278505325317383,0.24601131677627563,0.0005410033163286698,-0.14407074451446533,0.22103238105773926,0.0077787939344204915,-0.13635358214378357,0.18783694505691528,0.012244827009425308,-0.11776211857795715,0.19157791137695312,-0.014244461536719655,-0.1135890781879425,0.2508595585823059,-0.0025555208440266597,-0.1002664864063263,0.2218833565711975,0.0064294593293823254,-0.09497123956680298,0.1854856014251709,0.009101671062097694,-0.06863147020339966,0.20711880922317505,-0.018583498999788617,-0.06685546040534973,0.2396424412727356,-0.0035053464698933112,-0.058486998081207275,0.21032869815826416,0.006842196814403678,-0.05276542901992798,0.17643427848815918,0.008085701509997989,-0.022227585315704346,0.21204352378845215,-0.02171606953473315,-0.02938777208328247,0.2263568639755249,-0.009582642570450162,-0.021077752113342285,0.19537979364395142,0.001988561486513163,-0.015667855739593506,0.16642749309539795,0.009159877791688587,0
0.0,0.0,0.0,-0.06785178184509277,0.025278329849243164,0.0010184837376527867,-0.10966998338699341,0.10396397113800049,-0.013180653251538388,-0.11352092027664185,0.18602347373962402,-0.026107404999265782,-0.09824201464653015,0.23762118816375732,-0.0390146008355714,-0.13613110780715942,0.12473231554031372,-0.0599203488452531,-0.11303186416625977,0.250083327293396,-0.0780686407013036,-0.09933611750602722,0.21961617469787598,-0.07697348730994236,-0.10062950849533081,0.18156981468200684,-0.07435293930006992,-0.08307954668998718,0.12533825635910034,-0.07102835612727176,-0.06030970811843872,0.25204575061798096,-0.08839440035058033,-0.05496892333030701,0.21762287616729736,-0.07877267586422931,-0.059218794107437134,0.17729425430297852,-0.07337511765194904,-0.03121662139892578,0.1276688575744629,-0.07865532921982776,-0.01799100637435913,0.2427627444267273,-0.09261856662465107,-0.01728975772857666,0.2051258087158203,-0.07486139672232639,-0.02222299575805664,0.1651386022567749,-0.06402717965079319,0.016654670238494873,0.1281120777130127,-0.08503070908022892,0.017302870750427246,0.2117442488670349,-0.0966862930579282,0.01660865545272827,0.17966395616531372,-0.0845613597555257,0.013819575309753418,0.14600175619125366,-0.0750960751099683,0
0.0,0.0,0.0,-0.06144365668296814,0.050041377544403076,-0.021320646121765208,-0.09807223081588745,0.09036380052566528,-0.04778591306474311,-0.08090618252754211,0.12372726202011108,-0.07070230083134277,-0.03296089172363281,0.11988526582717896,-0.09326105700399978,-0.13518521189689636,-0.032033681869506836,-0.05975305424597366,-0.11547023057937622,0.08182793855667114,-0.0796157656755696,-0.09095129370689392,0.08950871229171753,-0.08990475670960052,-0.08783900737762451,0.06523793935775757,-0.09826799617674453,-0.09796786308288574,-0.056389033794403076,-0.06272421167757614,-0.06832912564277649,0.07813185453414917,-0.07664460824396713,-0.059189558029174805,0.07326143980026245,-0.07647954808142288,-0.0655733048915863,0.045458316802978516,-0.08077120916512115,-0.05394095182418823,-0.061139047145843506,-0.06536523388292892,-0.02956444025039673,0.06572788953781128,-0.07224290208485229,-0.030535876750946045,0.06149697303771973,-0.0634945123043309,-0.038089752197265625,0.03544801473617554,-0.0612386329617749,-0.012607336044311523,-0.05252581834793091,-0.07048221813109024,0.0005827546119689941,0.04423564672470093,-0.07488393174078567,-0.004723787307739258,0.03869694471359253,-0.06745604561236007,-0.012686610221862793,0.01071774959564209,-0.0634945123043309,0
0.0,0.0,0.0,-0.04539915919303894,0.010802924633026123,-0.024925589509791735,-0.07879644632339478,0.023921489715576172,-0.04599544400770128,-0.07443419098854065,0.045426130294799805,-0.0630716680963701,-0.037948012351989746,0.05068409442901611,-0.07642968738872469,-0.08428013324737549,-0.08955317735671997,-0.04411339009601534,-0.09494420886039734,0.0007401108741760254,-0.06532095367509783,-0.07546234130859375,0.021617472171783447,-0.07473123068410814,-0.06430590152740479,0.003838062286376953,-0.08111187065441072,-0.048444151878356934,-0.10032397508621216,-0.0438838675101465,-0.058580219745635986,0.01864945888519287,-0.062153592654055956,-0.04619237780570984,0.029832124710083008,-0.06247492129404009,-0.040374159812927246,0.005863547325134277,-0.06261263037521303,-0.011066913604736328,-0.0894937515258789,-0.04569707060653627,-0.020566046237945557,0.023865342140197754,-0.05857309321362436,-0.0203477144241333,0.026570677757263184,-0.0491169057269758,-0.019816815853118896,0.0024461746215820312,-0.04188705230552614,0.021420300006866455,-0.06704378128051758,-0.05104486639100969,0.00916743278503418,0.014104843139648438,-0.06050105387765825,0.005276918411254883,0.011359214782714844,-0.056553326495475176,0.0045133233070373535,-0.012466073036193848,-0.051503904112166765,0
0.0,0.0,0.0,-0.050885140895843506,-0.00022274255752563477,-0.0042845485848204135,-0.09688198566436768,3.910064697265625e-05,-0.01811187482670107,-0.12673541903495789,0.017463624477386475,-0.033005721413047695,-0.12698814272880554,0.03352046012878418,-0.04540478765264311,-0.11663568019866943,-0.10486006736755371,-0.015280298434646511,-0.1615491509437561,-0.028104066848754883,-0.03457743629112997,-0.14052817225456238,-0.007622480392456055,-0.04528004258170881,-0.12549960613250732,-0.022252559661865234,-0.05204090803161421,-0.0996464192867279,-0.09571099281311035,-0.02401203430488863,-0.14449357986450195,-0.005578398704528809,-0.04208672746315756,-0.12176334857940674,0.006907403469085693,-0.04325927376046934,-0.10814708471298218,-0.010054826736450195,-0.04378317996159353,-0.0813872218132019,-0.07194995880126953,-0.03395374073878088,-0.12011924386024475,0.01216733455657959,-0.04670207157030859,-0.09869998693466187,0.019311487674713135,-0.038444343500287914,-0.08701038360595703,0.0004494190216064453,-0.033030669682176494,-0.06325095891952515,-0.039510905742645264,-0.04505551933542051,-0.09152886271476746,0.02344536781311035,-0.052190593921096706,-0.07577592134475708,0.026545703411102295,-0.04742556019917288,-0.0649293065071106,0.007813870906829834,-0.04328422575488844,0
0.0,0.0,0.0,-0.05451047420501709,0.0010551214218139648,-0.004235532218331173,-0.10751500725746155,-0.0019807815551757812,-0.015438205646091774,-0.14268067479133606,0.004525125026702881,-0.027727703647428825,-0.15643209218978882,0.004607677459716797,-0.03656165403288014,-0.1266104280948639,-0.11375021934509277,-0.010366347701960876,-0.18027377128601074,-0.030682027339935303,-0.031183254988604858,-0.1587660312652588,-0.008745253086090088,-0.044308775188142135,-0.14242807030677795,-0.024099290370941162,-0.05286405337017186,-0.11431118845939636,-0.10341024398803711,-0.019047026606017425,-0.1681864857673645,-0.0046776533126831055,-0.038623836906367615,-0.14344331622123718,0.010560870170593262,-0.04135483604829915,-0.12713190913200378,-0.007530272006988525,-0.042915408583098724,-0.09967651963233948,-0.07757383584976196,-0.02962268431645043,-0.1450965702533722,0.016234934329986572,-0.04375143078129895,-0.12186425924301147,0.028276562690734863,-0.035725631834679916,-0.10876813530921936,0.010189294815063477,-0.030570174650961235,-0.08231505751609802,-0.04260605573654175,-0.041744981975966766,-0.11112964153289795,0.02908802032470703,-0.05278045040529378,-0.09257814288139343,0.03183567523956299,-0.05080186677139409,-0.08072161674499512,0.009363949298858643,-0.048210204662495926,0
0.0,0.0,0.0,-0.0629814863204956,0.01808220148086548,-0.014511839796298887,-0.11679694056510925,0.04583555459976196,-0.0389812759426178,-0.14129593968391418,0.09070742130279541,-0.06193736412792816,-0.1240546703338623,0.10380345582962036,-0.08147197061448708,-0.15847888588905334,-0.08309069275856018,-0.04760808342366829,-0.18701472878456116,0.03572601079940796,-0.07088585042625084,-0.1573229730129242,0.05279409885406494,-0.07638361149697914,-0.14293035864830017,0.02869337797164917,-0.08053617769151344,-0.12151739001274109,-0.08519908785820007,-0.05702446990876808,-0.15047630667686462,0.06573253870010376,-0.08234926902919426,-0.11895918846130371,0.06367188692092896,-0.07983434044986382,-0.10882985591888428,0.029940664768218994,-0.0780212416616024,-0.0800485610961914,-0.06797260046005249,-0.0671426936355175,-0.10403582453727722,0.0751197338104248,-0.08574151092439308,-0.07987040281295776,0.06501054763793945,-0.0724065064755024,-0.07345551252365112,0.02921229600906372,-0.06404289447932854,-0.03993254899978638,-0.03871166706085205,-0.07878158086209908,-0.06415608525276184,0.06887030601501465,-0.0915901943412365,-0.04991978406906128,0.058743059635162354,-0.08521512740522041,-0.044607311487197876,0.023793041706085205,-0.07989282005696907,0
0.0,0.0,0.0,-0.08595159649848938,0.02330493927001953,-0.016399073369058215,-0.15195778012275696,0.06665557622909546,-0.05416160351708754,-0.18503651022911072,0.13858330249786377,-0.09050344950631484,-0.1949869990348816,0.209821879863739,-0.12747670984938964,-0.2144758403301239,-0.0939500629901886,-0.10348267383054122,-0.25399723649024963,0.04342198371887207,-0.1570132104225479,-0.247670978307724,0.11372661590576172,-0.17792028463557585,-0.24112625420093536,0.1493651270866394,-0.1874617812700592,-0.15614989399909973,-0.10984575748443604,-0.12284627086594924,-0.19196298718452454,0.10180807113647461,-0.16487090564444884,-0.17129307985305786,0.14473885297775269,-0.15939858830645903,-0.16458594799041748,0.13788676261901855,-0.1528037366934143,-0.0855129063129425,-0.08052462339401245,-0.14157845354750975,-0.1193922758102417,0.1359407901763916,-0.17637680745795592,-0.10277688503265381,0.15183603763580322,-0.15126025951579436,-0.09601554274559021,0.12215113639831543,-0.1314055500097595,-0.02191755175590515,-0.02587386965751648,-0.1616436419554077,-0.057652831077575684,0.1401769518852234,-0.19658230519965514,-0.05970463156700134,0.1492944359779358,-0.186198937661203,-0.05919256806373596,0.1164926290512085,-0.1717463908262573,0
0.0,0.0,0.0,-0.12356442213058472,0.044344186782836914,-0.029204567367386858,-0.198749378323555,0.083446204662323,-0.08177319675142769,-0.2210855484008789,0.15435612201690674,-0.1291207200234652,-0.195471853017807,0.19500136375427246,-0.17441794037277703,-0.26328933238983154,-0.10827222466468811,-0.12654591857845787,-0.2772105932235718,0.11174488067626953,-0.1728921508734942,-0.23504188656806946,0.13752663135528564,-0.1867197132056475,-0.2285543978214264,0.0884472131729126,-0.1966374343579531,-0.18724334239959717,-0.13176339864730835,-0.1439972794001818,-0.20139023661613464,0.12944412231445312,-0.17775562166626457,-0.17320501804351807,0.13949120044708252,-0.16745649039204125,-0.17268705368041992,0.09336209297180176,-0.16640749334747795,-0.1008526086807251,-0.11276751756668091,-0.16011357068474297,-0.1179007887840271,0.13852250576019287,-0.18080724536831383,-0.09691685438156128,0.1405797004699707,-0.14828859030659203,-0.09025254845619202,0.08893781900405884,-0.13293520867283348,-0.02150517702102661,-0.07034409046173096,-0.17994898318703179,-0.046924710273742676,0.11828577518463135,-0.19644668459351067,-0.04327911138534546,0.11530888080596924,-0.1782324439233065,-0.041535019874572754,0.06545388698577881,-0.16612140595371727,0
0.0,0.0,0.0,-0.09676355123519897,0.031897008419036865,-0.030831011251137852,-0.15900972485542297,0.059058189392089844,-0.06837886968307316,-0.18341782689094543,0.1074947714805603,-0.10147601762466252,-0.1631692349910736,0.12992072105407715,-0.13076983043603718,-0.19986769556999207,-0.1315893530845642,-0.07991027483396351,-0.22340625524520874,0.04616600275039673,-0.1171749199336034,-0.19917193055152893,0.07434195280075073,-0.13109351345948994,-0.19351863861083984,0.047705650329589844,-0.14023770043306172,-0.1373731791973114,-0.1475968360900879,-0.08949954459123433,-0.1607484519481659,0.06827050447463989,-0.12122101733140767,-0.13322073221206665,0.07146400213241577,-0.11855058768443882,-0.12796252965927124,0.027355194091796875,-0.11757951626233876,-0.07028687000274658,-0.1294671893119812,-0.100909557432459,-0.0926855206489563,0.07590335607528687,-0.12445789971999943,-0.07838016748428345,0.06631380319595337,-0.10487474152498066,-0.07854163646697998,0.01685386896133423,-0.09233182320051014,-0.00953066349029541,-0.08962565660476685,-0.11604200699977696,-0.03762263059616089,0.06021678447723389,-0.13489685604028523,-0.036085158586502075,0.053304970264434814,-0.12421513745240986,-0.039367616176605225,0.01019960641860962,-0.11409987160615742,0
0.0,0.0,0.0,-0.072243332862854,0.018084049224853516,-0.02698691025770472,-0.12465885281562805,0.03500884771347046,-0.056422993768222796,-0.14136585593223572,0.058834969997406006,-0.0817390235552864,-0.11612188816070557,0.05090397596359253,-0.10238895588017272,-0.15311065316200256,-0.13242822885513306,-0.051061954576738344,-0.1785772740840912,-0.004344046115875244,-0.08564397715426253,-0.14909321069717407,0.006160080432891846,-0.10927227907276915,-0.13820791244506836,-0.028558075428009033,-0.12522301845646666,-0.1084635853767395,-0.14420080184936523,-0.0555294903407173,-0.13318833708763123,0.019512951374053955,-0.07909159385062026,-0.10963809490203857,0.013136446475982666,-0.08504830323553847,-0.10545605421066284,-0.027550697326660156,-0.0909388365635948,-0.058966636657714844,-0.12896960973739624,-0.06261135660506056,-0.08194512128829956,0.02799457311630249,-0.07518664025164412,-0.0702783465385437,0.019017398357391357,-0.06254517309761809,-0.06834405660629272,-0.0176999568939209,-0.055794235546358095,-0.013186872005462646,-0.09623709321022034,-0.07412766687966155,-0.04056590795516968,0.02571868896484375,-0.08299654744959639,-0.04018199443817139,0.018215537071228027,-0.07538519822455214,-0.04224139451980591,-0.015772223472595215,-0.06863424949742125,0
0.0,0.0,0.0,-0.05610787868499756,0.017639875411987305,-0.03466405745439971,-0.09490299224853516,0.04863053560256958,-0.06779636841111625,-0.09633702039718628,0.08827388286590576,-0.09434760015302146,-0.0629727840423584,0.09265398979187012,-0.11709770958714927,-0.1124199628829956,-0.0854080319404602,-0.0714840407281443,-0.12290751934051514,0.03849297761917114,-0.10319802563481772,-0.10073292255401611,0.04757428169250488,-0.12016131382279838,-0.09721571207046509,0.014006078243255615,-0.13162145417027915,-0.06390351057052612,-0.09575092792510986,-0.07097343753867591,-0.0765753984451294,0.057293713092803955,-0.0951986054688021,-0.06390523910522461,0.049326419830322266,-0.09712753843360389,-0.0668724775314331,0.004246890544891357,-0.09996421288543189,-0.013935625553131104,-0.08064466714859009,-0.07233503859334434,-0.025039494037628174,0.06412851810455322,-0.0873694012671038,-0.027439892292022705,0.04901719093322754,-0.07210810880952323,-0.03318864107131958,0.0058515071868896484,-0.06252016525559867,0.02727484703063965,-0.05150258541107178,-0.07817858856015647,0.011168479919433594,0.05807960033416748,-0.09026280443959678,0.002411484718322754,0.04309988021850586,-0.08283071618371451,-0.005157113075256348,0.0019526481628417969,-0.07585251729779685,0
0.0,0.0,0.0,-0.057342708110809326,0.025085926055908203,-0.028846486146921535,-0.09612089395523071,0.05633670091629028,-0.060901301588291545,-0.11271977424621582,0.09379512071609497,-0.08746824660467567,-0.10284668207168579,0.09229028224945068,-0.11009516813921394,-0.13010451197624207,-0.0849882960319519,-0.06444730856584968,-0.14588814973831177,0.04430335760116577,-0.09641769775318565,-0.12371954321861267,0.04697483777999878,-0.11583633222746315,-0.119341641664505,0.01176685094833374,-0.129007230188126,-0.08739221096038818,-0.09258043766021729,-0.06602331497835578,-0.10273784399032593,0.061634361743927,-0.08729937919544639,-0.08450788259506226,0.049256742000579834,-0.08983224877285423,-0.08455806970596313,0.008007407188415527,-0.09484169134067955,-0.04005187749862671,-0.07761865854263306,-0.06911904611753883,-0.05098986625671387,0.06883132457733154,-0.08031993606256904,-0.04446768760681152,0.05246388912200928,-0.0655730316894001,-0.04694473743438721,0.014142990112304688,-0.05887501188682975,0.002881646156311035,-0.04909592866897583,-0.07604220756458702,-0.010305643081665039,0.060540616512298584,-0.08577966191935005,-0.01132112741470337,0.042334139347076416,-0.0788002187864727,-0.016350984573364258,0.00022274255752563477,-0.07356562712358894,0
0.0,0.0,0.0,-0.07918208837509155,0.01796656847000122,-0.03870275017912661,-0.12750375270843506,0.052635788917541504,-0.07578076941068446,-0.14137396216392517,0.09912127256393433,-0.10731924099023615,-0.12981915473937988,0.13049817085266113,-0.14003949386174952,-0.1417614221572876,-0.08545619249343872,-0.08767232817704951,-0.1482144594192505,0.09953087568283081,-0.12290383649165904,-0.13949263095855713,0.13840270042419434,-0.14232916158731257,-0.14043313264846802,0.11650872230529785,-0.15628882271344935,-0.07003834843635559,-0.09235560894012451,-0.09291642678077494,-0.07700297236442566,0.11025279760360718,-0.1209096066385058,-0.08695194125175476,0.1562926173210144,-0.1285172305732516,-0.10665261745452881,0.14941447973251343,-0.13752823096807276,-0.0004451870918273926,-0.07235345244407654,-0.0986775584250239,-0.011611402034759521,0.12219434976577759,-0.12253453356321131,-0.03502553701400757,0.1559411883354187,-0.11145543080861842,-0.05807700753211975,0.1455642580986023,-0.10576817167098795,0.05647403001785278,-0.035059332847595215,-0.10894418281610285,0.04766702651977539,0.10381197929382324,-0.13110235852296626,0.030493438243865967,0.11941206455230713,-0.1237901575594691,0.01447916030883789,0.10323476791381836,-0.11655182165200983,0
0.0,0.0,0.0,-0.113811194896698,0.023264646530151367,-0.023528459470156804,-0.2074124813079834,0.058737218379974365,-0.06486625502574839,-0.2637653052806854,0.1150127649307251,-0.10018102357852854,-0.2819986045360565,0.15211349725723267,-0.13137935380208887,-0.2455003261566162,-0.07609111070632935,-0.11881336848009028,-0.27746154367923737,0.15096509456634521,-0.16231771091688074,-0.23003268241882324,0.16893702745437622,-0.16942398528325953,-0.21146675944328308,0.11214041709899902,-0.17401708940732874,-0.17916560173034668,-0.08449095487594604,-0.1351925013469497,-0.2016707956790924,0.18409043550491333,-0.17193718532789148,-0.16403824090957642,0.17502272129058838,-0.1585045633720199,-0.1537124514579773,0.11553174257278442,-0.15295820216405787,-0.10330775380134583,-0.05591690540313721,-0.1499250260995666,-0.1235966682434082,0.19414454698562622,-0.1729771373676101,-0.099061518907547,0.17659443616867065,-0.13657908419835962,-0.09278902411460876,0.1160021424293518,-0.11768675873744883,-0.029273182153701782,-0.01255810260772705,-0.1675174264119903,-0.049705564975738525,0.18515413999557495,-0.19082951823938288,-0.04477706551551819,0.16414237022399902,-0.17705026547182,-0.04839608073234558,0.10207045078277588,-0.16639080921876825,0
0.0,0.0,0.0,-0.07856330275535583,0.052957355976104736,-0.055633234255765274,-0.13606369495391846,0.11147153377532959,-0.103299441211675,-0.15470784902572632,0.15474629402160645,-0.14119151460454304,-0.1187412440776825,0.13458561897277832,-0.1734322034053548,-0.16101041436195374,-0.10895103216171265,-0.10255826490447362,-0.14632552862167358,0.06662005186080933,-0.15017813669965108,-0.11972469091415405,0.10148042440414429,-0.17269103454873402,-0.12425240874290466,0.06477230787277222,-0.18705111967847188,-0.09638845920562744,-0.12917840480804443,-0.10079800563380559,-0.09398007392883301,0.07039964199066162,-0.1405429862670644,-0.08329454064369202,0.10329931974411011,-0.14174737262055714,-0.0941607654094696,0.06360316276550293,-0.14276647793576558,-0.03201901912689209,-0.11739164590835571,-0.10283620136306126,-0.04036879539489746,0.07055604457855225,-0.13850477563664754,-0.044165611267089844,0.09896731376647949,-0.12034623550698598,-0.054036229848861694,0.06299448013305664,-0.10515234100148518,0.022730916738510132,-0.08802270889282227,-0.1108963810138448,0.012635678052902222,0.05761373043060303,-0.1374856852226003,0.0005876421928405762,0.0740002989768982,-0.1293328725032552,-0.013383090496063232,0.04270428419113159,-0.11914184170291264,0
0.0,0.0,0.0,-0.04841417074203491,0.03381890058517456,-0.03623865371051238,-0.08296474814414978,0.06761324405670166,-0.06395451923313544,-0.08287543058395386,0.08934038877487183,-0.08554638375940726,-0.06142917275428772,0.07608556747436523,-0.10284512688818381,-0.10628488659858704,-0.07613065838813782,-0.0589669292182009,-0.08623775839805603,0.047665953636169434,-0.086935335895447,-0.0662451982498169,0.06770139932632446,-0.10366586049499915,-0.0632047951221466,0.04019045829772949,-0.11521940877142356,-0.05964946746826172,-0.09420335292816162,-0.05606275995674537,-0.04249221086502075,0.04710584878921509,-0.07651820232572959,-0.03822124004364014,0.06394827365875244,-0.08024312009516166,-0.04306155443191528,0.03412538766860962,-0.08434683283272193,-0.01451653242111206,-0.0896589457988739,-0.0555576850980799,-0.0026602745056152344,0.04258006811141968,-0.07260389824810431,-0.008552193641662598,0.053685784339904785,-0.06348101248445914,-0.016429126262664795,0.025458037853240967,-0.057230742773441534,0.022991478443145752,-0.06998023390769958,-0.059535132846264105,0.030772149562835693,0.03017944097518921,-0.07323523064556525,0.02263200283050537,0.03633713722229004,-0.06875270803871558,0.014492213726043701,0.010290443897247314,-0.06332317938509391,0
0.0,0.0,0.0,-0.037952959537506104,0.021478354930877686,-0.02726255480958173,-0.06904128193855286,0.04365885257720947,-0.0490417679102535,-0.0622897744178772,0.06372016668319702,-0.06580180053425977,-0.03228789567947388,0.05735504627227783,-0.07880298917008588,-0.08280682563781738,-0.060881227254867554,-0.04837843899441907,-0.07683658599853516,0.029748082160949707,-0.07199284558011243,-0.06227254867553711,0.0422976016998291,-0.08437493567181775,-0.05868023633956909,0.018309950828552246,-0.09260017548514554,-0.047853052616119385,-0.07631289958953857,-0.04674223561598012,-0.037608563899993896,0.04107677936553955,-0.06549224381161878,-0.033398568630218506,0.04361456632614136,-0.06650935237122724,-0.036732017993927,0.012736141681671143,-0.06695157413197705,-0.010027468204498291,-0.07396793365478516,-0.0471402307303066,-0.002939164638519287,0.03748875856399536,-0.06067208324385831,-0.007998049259185791,0.031997621059417725,-0.04837843899441907,-0.01370769739151001,0.0012183785438537598,-0.038760208830368015,0.02314990758895874,-0.05999046564102173,-0.05142973487092206,0.022559762001037598,0.023603618144989014,-0.06451936934901426,0.016190052032470703,0.014683902263641357,-0.060318307325374576,0.01091545820236206,-0.017034828662872314,-0.053906151399147006,0
0.0,0.0,0.0,-0.043527841567993164,0.027191162109375,-0.014225563703249122,-0.07419997453689575,0.042723894119262695,-0.03094345956868949,-0.086478590965271,0.05547994375228882,-0.04536923646755042,-0.07996749877929688,0.046904146671295166,-0.05744832262224975,-0.10297799110412598,-0.05293530225753784,-0.031780260352562095,-0.10954511165618896,0.02341562509536743,-0.05104495838112655,-0.09051960706710815,0.029776573181152344,-0.06301489725537124,-0.08505445718765259,0.00962752103805542,-0.07171038791365447,-0.07687950134277344,-0.06288987398147583,-0.03529120117254081,-0.08274763822555542,0.031758129596710205,-0.0499534669501287,-0.06581860780715942,0.029429495334625244,-0.05257303148336234,-0.06327390670776367,0.005009293556213379,-0.05573833986944976,-0.04636180400848389,-0.056933462619781494,-0.039911816565464164,-0.049517691135406494,0.0346912145614624,-0.04871645822949233,-0.03854632377624512,0.030927300453186035,-0.04082139089531722,-0.037548184394836426,0.006838381290435791,-0.0373286406678659,-0.01668030023574829,-0.04023939371109009,-0.04653348654336753,-0.02254849672317505,0.02909022569656372,-0.0534826020879251,-0.01855647563934326,0.02199476957321167,-0.04944410800762,-0.019924819469451904,-0.00293123722076416,-0.04635157316751304,0
0.0,0.0,0.0,-0.04797178506851196,0.020646274089813232,-0.008302777019665086,-0.08344846963882446,0.027774810791015625,-0.020058871192262018,-0.09595537185668945,0.033921658992767334,-0.03138817375652536,-0.08046591281890869,0.03104466199874878,-0.04023434495680078,-0.10408133268356323,-0.07241743803024292,-0.01965148089580282,-0.1206367015838623,0.00034803152084350586,-0.036509643254206026,-0.0977010726928711,0.013348698616027832,-0.04520061886064752,-0.08644038438796997,-0.004035830497741699,-0.05109805887691721,-0.08180791139602661,-0.07989239692687988,-0.025626526159570062,-0.09723842144012451,0.008837521076202393,-0.0400015515660499,-0.07840240001678467,0.014911234378814697,-0.040855131057426775,-0.07158660888671875,-0.004679381847381592,-0.0412043211435531,-0.05574852228164673,-0.07085084915161133,-0.0329207358335708,-0.06807291507720947,0.015113353729248047,-0.04372625699393495,-0.05387914180755615,0.017184853553771973,-0.03711102431766733,-0.04857677221298218,-0.0037083029747009277,-0.03249394795052751,-0.028697729110717773,-0.050807952880859375,-0.041747505721971834,-0.03990280628204346,0.01532435417175293,-0.048537327853367174,-0.03215700387954712,0.013231456279754639,-0.04489022767297968,-0.028436660766601562,-0.007818043231964111,-0.04104912182442888,0
0.0,0.0,0.0,-0.04790717363357544,0.013027727603912354,-0.008009113062442452,-0.08385413885116577,0.010701775550842285,-0.019590044085205705,-0.10444715619087219,0.006939530372619629,-0.03163079327744356,-0.09276843070983887,-0.001869499683380127,-0.04089125773710123,-0.09683844447135925,-0.10276800394058228,-0.008623982470751912,-0.1267816722393036,-0.04341548681259155,-0.026604903552950532,-0.10554605722427368,-0.026710867881774902,-0.03986469439071527,-0.09430819749832153,-0.04195064306259155,-0.04884713298481813,-0.07907044887542725,-0.1069534420967102,-0.014168501522661359,-0.11038607358932495,-0.034133315086364746,-0.029770144883812577,-0.09149479866027832,-0.022954165935516357,-0.03284983864826074,-0.08208721876144409,-0.03916722536087036,-0.034282752935112626,-0.060036659240722656,-0.09584861993789673,-0.021963976014674813,-0.08913648128509521,-0.025893330574035645,-0.0338764019946467,-0.07291442155838013,-0.016082465648651123,-0.027888109598578126,-0.06385880708694458,-0.03136700391769409,-0.0230760850648295,-0.0420418381690979,-0.07394784688949585,-0.03156663260263315,-0.06371569633483887,-0.017550647258758545,-0.03864564901989809,-0.05121719837188721,-0.012589514255523682,-0.03539486012262216,-0.04174894094467163,-0.028483688831329346,-0.03156663260263315,0
0.0,0.0,0.0,-0.04926019906997681,0.005666792392730713,-0.005189560477901978,-0.08716151118278503,-0.012665212154388428,-0.0127618300107315,-0.10888007283210754,-0.026678860187530518,-0.02208154614390878,-0.10118460655212402,-0.03037041425704956,-0.028231717304606718,-0.07496380805969238,-0.12557095289230347,0.002007506197969633,-0.11624372005462646,-0.07356643676757812,-0.014682447196264548,-0.09681075811386108,-0.04879450798034668,-0.027140220285673422,-0.0818668007850647,-0.057768940925598145,-0.03580923530580549,-0.06511330604553223,-0.1281309723854065,-0.004961290055234713,-0.10945525765419006,-0.06280303001403809,-0.02176668833317308,-0.08919593691825867,-0.041225969791412354,-0.02554495412232427,-0.07482719421386719,-0.05499380826950073,-0.0266574431520894,-0.055956363677978516,-0.11531436443328857,-0.01462996996315269,-0.09826382994651794,-0.05275636911392212,-0.027979835526366514,-0.07886159420013428,-0.03301948308944702,-0.021934613243956846,-0.06483614444732666,-0.04607158899307251,-0.016645043746848387,-0.0486026406288147,-0.09179890155792236,-0.026216646314878744,-0.08021634817123413,-0.04123413562774658,-0.03557834181310682,-0.06521713733673096,-0.028613150119781494,-0.03364722955348043,-0.05099046230316162,-0.04119110107421875,-0.030372734771390242,0
0.0,0.0,0.0,-0.03356218338012695,-0.019620656967163086,1.3067576531966552e-05,-0.05238687992095947,-0.04642206430435181,-0.005344630628911773,-0.07058519124984741,-0.059562087059020996,-0.012922717202542344,-0.08653828501701355,-0.07133948802947998,-0.017855029497383157,-0.011765122413635254,-0.13980606198310852,0.008631867412390193,-0.06839549541473389,-0.12460750341415405,-0.0066262548231463825,-0.06550896167755127,-0.09283065795898438,-0.019826011676428834,-0.050207555294036865,-0.08019214868545532,-0.02745749982082657,-0.017400622367858887,-0.1400938332080841,0.0021254411525148953,-0.07837578654289246,-0.11964398622512817,-0.011087665278552095,-0.07105648517608643,-0.08745169639587402,-0.0169714856334906,-0.054802536964416504,-0.08192592859268188,-0.019641535300849,-0.02751469612121582,-0.13075843453407288,-0.006291284170089284,-0.0844273567199707,-0.10776054859161377,-0.0156413148530703,-0.074133962392807,-0.07501077651977539,-0.012874172013340512,-0.05756646394729614,-0.0724591612815857,-0.010573074165819207,-0.03986126184463501,-0.11423856019973755,-0.015922883469698945,-0.0811150074005127,-0.08928179740905762,-0.023049488607881585,-0.0728285014629364,-0.06325781345367432,-0.022039724458096543,-0.058046042919158936,-0.06086766719818115,-0.019651243407366792,0
0.0,0.0,0.0,0.012629806995391846,-0.0437968373298645,0.002639140058505518,0.012067735195159912,-0.08397907018661499,-0.0007565373110480778,-0.003633260726928711,-0.10939827561378479,-0.005807028095972555,-0.0229453444480896,-0.1200438141822815,-0.009619718827110546,0.028720080852508545,-0.12573081254959106,0.002729603145468218,-0.02145707607269287,-0.13840627670288086,-0.00945203047226073,-0.028393149375915527,-0.11152225732803345,-0.01812766719589831,-0.02051687240600586,-0.09244483709335327,-0.022964135221940296,0.01579064130783081,-0.1287361979484558,-0.0031902160866081886,-0.03951376676559448,-0.1345725655555725,-0.012629272825819271,-0.040005505084991455,-0.1052824854850769,-0.015021029338043945,-0.028455078601837158,-0.09125655889511108,-0.016300753168565052,-0.001626729965209961,-0.12318152189254761,-0.009955093674165028,-0.054128289222717285,-0.12551477551460266,-0.01747456792722346,-0.05141341686248779,-0.09308212995529175,-0.014191416501802223,-0.0377998948097229,-0.08032959699630737,-0.012135035767954605,-0.02060014009475708,-0.11128482222557068,-0.017077411003214138,-0.060756802558898926,-0.1072455644607544,-0.02527646016309859,-0.057161808013916016,-0.0812574028968811,-0.024658663607937115,-0.04437685012817383,-0.0718533992767334,-0.022699363939267414,0
0.0,0.0,0.0,-0.026417016983032227,-0.0510595440864563,-0.00472737344770735,-0.02345186471939087,-0.09864985942840576,-0.008490379982134755,-0.019520819187164307,-0.12663120031356812,-0.013908563264152463,-0.008030831813812256,-0.148797869682312,-0.01471328929855531,0.06140637397766113,-0.1142662763595581,0.01327836412147576,0.01934981346130371,-0.15898868441581726,-0.007507334545692856,0.0034769773483276367,-0.12646347284317017,-0.024086513638934548,0.009644389152526855,-0.09969156980514526,-0.033633486450156624,0.06741142272949219,-0.1163485050201416,0.007581272545763795,0.01695495843887329,-0.16761156916618347,-0.014887034975430424,0.000783085823059082,-0.12812122702598572,-0.023976779625257905,0.013214647769927979,-0.10152429342269897,-0.025513074443182404,0.06649810075759888,-0.11928224563598633,-0.001806813607430513,0.01461029052734375,-0.1672624945640564,-0.02009946395500606,-0.0015151500701904297,-0.12711292505264282,-0.01702687431915706,0.011655330657958984,-0.10182774066925049,-0.011165179394623692,0.05875295400619507,-0.1212494969367981,-0.013094691642066891,0.012212514877319336,-0.15055745840072632,-0.027927248821100648,0.0011487603187561035,-0.1188008189201355,-0.028603951529106553,0.013256609439849854,-0.09620910882949829,-0.02494610761149829,0
0.0,0.0,0.0,-0.045092254877090454,-0.03746384382247925,-0.0005537928316243779,-0.06771749258041382,-0.08461540937423706,-0.0015178828268744837,-0.05910328030586243,-0.1257305145263672,-0.00713995555429392,-0.03355306386947632,-0.14521753787994385,-0.011426335573332835,-0.041522860527038574,-0.11700701713562012,0.02139351293430991,-0.05347698926925659,-0.15627843141555786,0.005149513576043319,-0.05551034212112427,-0.12524652481079102,-0.005807028990375329,-0.04634237289428711,-0.10086137056350708,-0.01060777567340665,-0.022184014320373535,-0.12315088510513306,0.01506626289324231,-0.03305453062057495,-0.16505131125450134,-0.004523880221086074,-0.03655964136123657,-0.12385615706443787,-0.011935170181232024,-0.027408897876739502,-0.09918874502182007,-0.010430788993971873,0.0007513165473937988,-0.1265375018119812,0.005166106019032668,-0.014563381671905518,-0.16427892446517944,-0.014003695361452628,-0.019125640392303467,-0.11855784058570862,-0.011658629775183726,-0.00951927900314331,-0.0920417308807373,-0.003260089457171489,0.028382837772369385,-0.12307009100914001,-0.005265009496497441,0.005495965480804443,-0.1531086564064026,-0.016935026645796825,-0.0016527175903320312,-0.11855873465538025,-0.013306812755899955,0.006144165992736816,-0.09498506784439087,-0.006260555610197116,0
0.0,0.0,0.0,-0.04063898324966431,0.011033356189727783,-0.02691486035513435,-0.08480578660964966,-0.023780882358551025,-0.037062335061307294,-0.07615435123443604,-0.08489125967025757,-0.04479504306840454,-0.050000160932540894,-0.12280875444412231,-0.04620592226314102,-0.11936348676681519,-0.06568539142608643,-0.013138436945553167,-0.12736549973487854,-0.10333624482154846,-0.040481004165883405,-0.09760585427284241,-0.06747257709503174,-0.050981204258675916,-0.09169059991836548,-0.059118032455444336,-0.05551229720043693,-0.09610176086425781,-0.09787040948867798,-0.010784710059340341,-0.098224937915802,-0.1322442591190338,-0.040101154940600736,-0.06883928179740906,-0.08284139633178711,-0.04145777155684982,-0.0713026225566864,-0.07909911870956421,-0.03529873793053184,-0.06929907202720642,-0.12099486589431763,-0.014610364335055692,-0.06362801790237427,-0.14392375946044922,-0.04267872427629982,-0.04327958822250366,-0.09270590543746948,-0.035271606641288145,-0.05128633975982666,-0.08742541074752808,-0.023658984573955877,-0.04094672203063965,-0.13781529664993286,-0.021420569392319067,-0.036086201667785645,-0.14349377155303955,-0.03757785190867935,-0.026724517345428467,-0.1055910587310791,-0.034077785211081846,-0.03400778770446777,-0.09879431128501892,-0.027810226427789075,0
0.0,0.0,0.0,-0.011560559272766113,0.031541526317596436,-0.0460934751378943,-0.021257102489471436,0.01760762929916382,-0.06972216448659196,-0.0015922784805297852,-0.04285234212875366,-0.0827000477063109,0.012142181396484375,-0.09504595398902893,-0.08739893517369524,-0.10323834419250488,-0.06529492139816284,-0.05392495176667467,-0.04120278358459473,-0.07968765497207642,-0.07504757127637163,-0.02645421028137207,-0.04202163219451904,-0.08287905535573259,-0.03710240125656128,-0.030487477779388428,-0.09017351648682848,-0.09317746758460999,-0.10623583197593689,-0.04061143851751581,-0.020414292812347412,-0.09932082891464233,-0.06215919933194414,-0.014911890029907227,-0.04942840337753296,-0.06309897831553712,-0.03682708740234375,-0.03953707218170166,-0.06435200950974718,-0.07381546497344971,-0.12873804569244385,-0.031191291351859718,-0.00616377592086792,-0.1222989559173584,-0.04868905625218645,-0.005671799182891846,-0.08067244291305542,-0.04177497706288591,-0.025883138179779053,-0.07062238454818726,-0.03763548291200891,-0.05110359191894531,-0.1359153389930725,-0.026895167370383888,-0.0008181929588317871,-0.13175109028816223,-0.045735467289631515,0.0013641715049743652,-0.1051647961139679,-0.04944982386106744,-0.01140207052230835,-0.09432530403137207,-0.04971833160990968,0
0.0,0.0,0.0,-0.02466195821762085,0.036037445068359375,-0.03500144167666974,-0.04457083344459534,0.06346368789672852,-0.058640763003879215,-0.023648500442504883,0.06816506385803223,-0.07523721813088002,0.0069716572761535645,0.04129040241241455,-0.08800372837906423,-0.08784842491149902,-0.042886823415756226,-0.05400226621752324,-0.04559224843978882,0.0312080979347229,-0.07621599345331731,-0.041833698749542236,0.04538148641586304,-0.09055703489904943,-0.05184909701347351,0.027714848518371582,-0.10230221955900731,-0.055661916732788086,-0.07756844162940979,-0.04740622996216359,-0.008422672748565674,0.018326163291931152,-0.06553467719679418,-0.015276551246643066,0.02462589740753174,-0.06834330766325536,-0.029931068420410156,0.00035566091537475586,-0.07183281688814702,-0.01994749903678894,-0.09209263324737549,-0.04308689369683805,0.0184476375579834,0.002978980541229248,-0.05613001792555394,0.00729215145111084,0.005375325679779053,-0.04438482581501546,-0.006758987903594971,-0.016191840171813965,-0.0362142583621079,0.012870371341705322,-0.09263956546783447,-0.04361883907442632,0.033543527126312256,-0.016022682189941406,-0.060002524246030475,0.020452916622161865,-0.013669371604919434,-0.058768428702407505,0.005881667137145996,-0.03273111581802368,-0.054555475552135135,0
0.0,0.0,0.0,0.03628839552402496,0.008999049663543701,-0.015384344046950105,0.0780186653137207,0.006977856159210205,-0.03405894957298017,0.10576343536376953,0.008213698863983154,-0.053187838418423894,0.12595322728157043,-0.003432154655456543,-0.06900171063655591,0.08986073732376099,-0.11907154321670532,-0.04407767452114797,0.1299608051776886,-0.12157964706420898,-0.07725242398494458,0.13056281208992004,-0.06920188665390015,-0.08918648831361509,0.11826649308204651,-0.040331125259399414,-0.09277162574046827,0.056311964988708496,-0.13567602634429932,-0.0542682880889771,0.10567876696586609,-0.11632722616195679,-0.08987405024284101,0.10452920198440552,-0.05081707239151001,-0.09674963973277784,0.09483304619789124,-0.024482667446136475,-0.09650409094804502,0.021184042096138,-0.12321901321411133,-0.06615324936622358,0.062438756227493286,-0.08245635032653809,-0.09999099992030835,0.061980754137039185,-0.020476698875427246,-0.094981631858289,0.050064146518707275,-0.005996525287628174,-0.0862398134898541,-0.013522505760192871,-0.09455662965774536,-0.0789713176321385,0.022370487451553345,-0.0376591682434082,-0.10166078679078794,0.028805583715438843,0.00565338134765625,-0.09743720166200376,0.02218538522720337,0.011332273483276367,-0.09095450363868451,0
0.0,0.0,0.0,0.07770225405693054,0.028631091117858887,-0.03440712339994434,0.14031511545181274,0.07450824975967407,-0.0747822331618977,0.17441433668136597,0.1320798397064209,-0.11142719857213024,0.1636958122253418,0.14823168516159058,-0.1450283633899403,0.15503418445587158,-0.04496988654136658,-0.09328376821991924,0.17517989873886108,0.0996936559677124,-0.1283173071574879,0.14938274025917053,0.12574553489685059,-0.13571792416092876,0.13472092151641846,0.09727156162261963,-0.1402537780236912,0.09967777132987976,-0.04318273067474365,-0.09955041430708889,0.1274266541004181,0.1259179711341858,-0.13046586088654522,0.09910020232200623,0.13636386394500732,-0.12234907172438625,0.09482765197753906,0.09731137752532959,-0.11912621877905849,0.0462723970413208,-0.019140124320983887,-0.1065929266047192,0.06908440589904785,0.1453467607498169,-0.12879475526329998,0.055083274841308594,0.13818705081939697,-0.10850276373145107,0.05431252717971802,0.09591299295425415,-0.09764057718035701,-0.0010161399841308594,0.010739684104919434,-0.1178132104110432,0.01792091131210327,0.1449534296989441,-0.13333062402722362,0.01856139302253723,0.14496839046478271,-0.12509445421216014,0.018574506044387817,0.11786097288131714,-0.12061827949997905,0
0.0,0.0,0.0,0.08071404695510864,0.05381578207015991,-0.06037311567411052,0.11974090337753296,0.11988115310668945,-0.12403856529340374,0.10464093089103699,0.19357234239578247,-0.18080431534394847,0.04677429795265198,0.20234841108322144,-0.2347474725399934,0.14537346363067627,-0.06090599298477173,-0.13054624511346447,0.158827543258667,0.11580407619476318,-0.18158838464364635,0.1437678337097168,0.13514763116836548,-0.2032283426676713,0.1305445432662964,0.10016340017318726,-0.21655732704743968,0.07345232367515564,-0.06477424502372742,-0.1289781214152299,0.09221181273460388,0.1393904685974121,-0.171082008019539,0.08679023385047913,0.14045202732086182,-0.16543679250821697,0.09017464518547058,0.10207664966583252,-0.1638686837111436,0.00734904408454895,-0.03764224052429199,-0.13023262037381755,0.028270184993743896,0.15989893674850464,-0.1543815763150178,0.038243651390075684,0.1454525589942932,-0.12639074339017498,0.0466480553150177,0.0987328290939331,-0.10961190922603237,-0.04562896490097046,-0.0006099939346313477,-0.13979812277898418,-0.02809104323387146,0.1576748490333557,-0.15838028802022563,-0.0032474398612976074,0.1473066806793213,-0.14889316572293865,0.012672901153564453,0.10652315616607666,-0.14222869588479625,0
0.0,0.0,0.0,0.06800875067710876,0.025790035724639893,-0.051279869849096826,0.10895270109176636,0.05766582489013672,-0.09563735964358955,0.08297103643417358,0.10507571697235107,-0.13406724574626594,0.024697154760360718,0.1300622820854187,-0.17138324024737983,0.12557938694953918,-0.13336223363876343,-0.1031164610630384,0.11814957857131958,0.04146939516067505,-0.15801631751121192,0.1039283275604248,0.05877000093460083,-0.1919110054022184,0.1003824770450592,0.01860642433166504,-0.21578050496638923,0.056741952896118164,-0.14049425721168518,-0.10423037501634269,0.061305731534957886,0.061324894428253174,-0.14472896697581916,0.05816304683685303,0.05761164426803589,-0.14958242418826728,0.05564230680465698,-0.000977933406829834,-0.1566636944061628,-0.008437931537628174,-0.1095859706401825,-0.10908383967937141,0.0015309453010559082,0.0787624716758728,-0.1405915850645414,0.008234649896621704,0.0707864761352539,-0.12276902141631751,0.012923598289489746,0.013949811458587646,-0.110675142133843,-0.06538468599319458,-0.06760209798812866,-0.12125728371204048,-0.04962560534477234,0.08075004816055298,-0.14934372248710304,-0.03268936276435852,0.08332425355911255,-0.14568374397815376,-0.022947221994400024,0.050665199756622314,-0.14003462436259895,0
0.0,0.0,0.0,0.07249167561531067,0.010878682136535645,-0.03260900084486451,0.1288924515247345,0.04286813735961914,-0.06949803237429109,0.14749926328659058,0.09641551971435547,-0.10548024628868546,0.11791643500328064,0.13234931230545044,-0.14022920284977403,0.12158593535423279,-0.11251550912857056,-0.07051365826836076,0.16486838459968567,0.03873080015182495,-0.11541888867130723,0.1436011791229248,0.053813397884368896,-0.14392899726143327,0.12811723351478577,0.02022022008895874,-0.16453171525707688,0.0683157742023468,-0.10207819938659668,-0.0795092136096045,0.12067791819572449,0.07399475574493408,-0.11338763688316789,0.10011619329452515,0.0626949667930603,-0.11636196826210465,0.08709791302680969,0.0144273042678833,-0.12209300701132264,0.01890823245048523,-0.06597015261650085,-0.09184182439556565,0.06852203607559204,0.10280370712280273,-0.11614433680286851,0.05544734001159668,0.08078581094741821,-0.10192555193415131,0.04678654670715332,0.028528332710266113,-0.09394562993755784,-0.02306455373764038,-0.02296668291091919,-0.11012312029114213,0.016269266605377197,0.11270111799240112,-0.13145130131950822,0.01742658019065857,0.09386545419692993,-0.12992785130253282,0.012800455093383789,0.04709434509277344,-0.12833186243286576,0
0.0,0.0,0.0,0.0660254955291748,-0.03622785210609436,-0.02436387004716778,0.1371954083442688,-0.02387303113937378,-0.06143241214020634,0.17916333675384521,0.04339301586151123,-0.09460458742840672,0.16416704654693604,0.10257065296173096,-0.12377427356703663,0.13102903962135315,-0.1364184319972992,-0.09290656285746479,0.2032996416091919,-0.022740542888641357,-0.11813438522084141,0.1800156831741333,0.011639058589935303,-0.11752796011431599,0.1522623598575592,-0.005563676357269287,-0.11764923321469212,0.09332656860351562,-0.09678757190704346,-0.10163926916582966,0.17520257830619812,0.03224456310272217,-0.1249264909551897,0.14560449123382568,0.05325073003768921,-0.11207000749571705,0.12369215488433838,0.028224170207977295,-0.1063088460491457,0.06175607442855835,-0.04029625654220581,-0.1091591029094019,0.13505396246910095,0.083004891872406,-0.12092400925619984,0.10753375291824341,0.07932603359222412,-0.10163926916582966,0.08664503693580627,0.044972240924835205,-0.09363427596552754,0.03800845146179199,0.02184140682220459,-0.11965048896534825,0.09938511252403259,0.11568230390548706,-0.12280395465357685,0.08421671390533447,0.10710257291793823,-0.11207000749571705,0.06667524576187134,0.07641482353210449,-0.10885588663084889,0
0.0,0.0,0.0,0.04948216676712036,-0.044015586376190186,-0.0017721260560961127,0.11319419741630554,-0.05717635154724121,-0.01676414556692407,0.16730013489723206,-0.017247378826141357,-0.03283308282385633,0.19503673911094666,0.023037970066070557,-0.044908100961549735,0.12933379411697388,-0.14934074878692627,-0.024777416362269378,0.19418171048164368,-0.0638132095336914,-0.04422973304878042,0.17066946625709534,-0.03889364004135132,-0.054032204895122504,0.15011009573936462,-0.04926186800003052,-0.06224050581346319,0.12454620003700256,-0.12096971273422241,-0.037954790740116096,0.18634101748466492,-0.02267169952392578,-0.05121696203838155,0.16038379073143005,-0.009195566177368164,-0.052166683821781135,0.142342209815979,-0.027990996837615967,-0.05559246078024671,0.11881107091903687,-0.07648813724517822,-0.05118303954492376,0.16112318634986877,0.024832427501678467,-0.055558545737369514,0.13376611471176147,0.029418468475341797,-0.04751983493457601,0.11869928240776062,0.0028311610221862793,-0.04663795441280172,0.11284047365188599,-0.024255812168121338,-0.06607330426464841,0.1347997486591339,0.05196183919906616,-0.06356333032141492,0.10848537087440491,0.05524766445159912,-0.056202998607261634,0.0965515673160553,0.032466769218444824,-0.05430355504046247,0
0.0,0.0,0.0,0.04599699378013611,-0.053444087505340576,0.0060456265940302956,0.10382652282714844,-0.07247602939605713,-0.001010989187008704,0.14592313766479492,-0.04210168123245239,-0.01096086704517063,0.17058658599853516,-0.006231248378753662,-0.018485308972842063,0.13821622729301453,-0.1288241147994995,-0.009477947255319918,0.19053077697753906,-0.03870874643325806,-0.02319298812533077,0.1734304428100586,-0.010063886642456055,-0.03064681531274971,0.15686041116714478,-0.008379340171813965,-0.03659418353224453,0.13906556367874146,-0.10530725121498108,-0.021608070818430747,0.17618024349212646,0.001788496971130371,-0.030238814068681563,0.14808118343353271,0.01611638069152832,-0.0301917413004702,0.12836548686027527,0.005328118801116943,-0.03161973634148296,0.13370710611343384,-0.06746584177017212,-0.03358126932168659,0.15616774559020996,0.03307175636291504,-0.035621260640866126,0.1256619095802307,0.0383952260017395,-0.029218820271736945,0.1077578067779541,0.02147698402404785,-0.02749267162168678,0.12471041083335876,-0.021567046642303467,-0.046480310497528876,0.13361191749572754,0.05296206474304199,-0.04368708783174213,0.10818752646446228,0.057348549365997314,-0.03819479548717197,0.09438225626945496,0.041214823722839355,-0.0355271113791531,0
0.0,0.0,0.0,0.05726802349090576,-0.0279538631439209,0.016075288803392596,0.11662450432777405,-0.035054922103881836,0.013355139569455332,0.1561158299446106,-0.004027426242828369,0.005293830224388785,0.17927104234695435,0.024428844451904297,-0.00014646393611883468,0.14507418870925903,-0.12467670440673828,0.01175318837266559,0.18914204835891724,-0.02815878391265869,0.005222455990576691,0.16493374109268188,-0.007075011730194092,-0.0010098925129682357,0.14777183532714844,-0.014753401279449463,-0.007791425174957567,0.14788693189620972,-0.10713106393814087,-0.00515454782072311,0.18087756633758545,0.004117190837860107,-0.00657806552845841,0.15155810117721558,0.014736533164978027,-0.006823910008108669,0.13088878989219666,0.0019040703773498535,-0.010047640724963003,0.1434004306793213,-0.07298547029495239,-0.0216499008973301,0.16406935453414917,0.03306692838668823,-0.01587652794916039,0.13120830059051514,0.03732246160507202,-0.01024590160596972,0.11266189813613892,0.01923471689224243,-0.011855783945804887,0.1358107328414917,-0.028083980083465576,-0.03873210780221825,0.1392500400543213,0.0518190860748291,-0.02996102169055348,0.10960221290588379,0.054035484790802,-0.024980692266410642,0.09432032704353333,0.03572314977645874,-0.0250758603950203,0
0.0,0.0,0.0,0.06017550826072693,0.01065438985824585,0.014863346828349222,0.11577987670898438,0.02800649404525757,0.007973679466374506,0.15558966994285583,0.060328662395477295,-0.003819856434859048,0.17629775404930115,0.07395666837692261,-0.013263780498675715,0.15223559737205505,-0.10200178623199463,0.0009807414693909777,0.19384440779685974,0.002491295337677002,-0.008458445654980551,0.1656474769115448,0.021607577800750732,-0.014643229419164072,0.14985141158103943,0.006956696510314941,-0.021313096271626364,0.14822039008140564,-0.09436967968940735,-0.01738696998523892,0.17634549736976624,0.028774023056030273,-0.021222143308989416,0.14718469977378845,0.039023756980895996,-0.0205551561580819,0.131687730550766,0.024898231029510498,-0.024390329481832396,0.13581499457359314,-0.06505727767944336,-0.03501663623916329,0.15118423104286194,0.05800396203994751,-0.0332582172619027,0.11878785490989685,0.06114530563354492,-0.027588832067124258,0.10239163041114807,0.040699779987335205,-0.029892968820206534,0.122393399477005,-0.023727238178253174,-0.052934321449868094,0.12558016180992126,0.07831758260726929,-0.04714366315471352,0.09792321920394897,0.08529305458068848,-0.042838572399489294,0.08599188923835754,0.0702972412109375,-0.04408159001337708,0
0.0,0.0,0.0,0.06392484903335571,0.03590470552444458,-0.014959307576853043,0.11429363489151001,0.07140171527862549,-0.041047303195434814,0.13778170943260193,0.11967116594314575,-0.06782877650423647,0.13160547614097595,0.1405491828918457,-0.0917372724072516,0.17544853687286377,-0.06689473986625671,-0.0514494759993136,0.19302207231521606,0.059046268463134766,-0.08440621402426363,0.1610860824584961,0.07391059398651123,-0.10045528617067934,0.15009480714797974,0.05263489484786987,-0.11247558351917863,0.134608656167984,-0.07510942220687866,-0.06475765463276506,0.14882469177246094,0.07887530326843262,-0.0951055904881537,0.11553606390953064,0.07499325275421143,-0.09853995796604753,0.10917648673057556,0.04174894094467163,-0.10342733767195345,0.08699369430541992,-0.061768293380737305,-0.07905652579231859,0.09588015079498291,0.08894950151443481,-0.10131387617750764,0.0717824399471283,0.078033447265625,-0.09167123046084047,0.06770801544189453,0.042886316776275635,-0.08698198404474855,0.04050552845001221,-0.03965723514556885,-0.09609628673954607,0.052243947982788086,0.08003348112106323,-0.10890910979672075,0.04017454385757446,0.07330572605133057,-0.10441802647276521,0.037525326013565063,0.040001630783081055,-0.10223850813074709,0
0.0,0.0,0.0,0.040866583585739136,0.05719959735870361,-0.058948948643148924,0.05965045094490051,0.10107523202896118,-0.10636816885227063,0.01990330219268799,0.10982418060302734,-0.14393164183849194,-0.026376187801361084,0.08637630939483643,-0.1801313903545747,0.11512336134910583,-0.05440568923950195,-0.12006705965751507,0.05707782506942749,0.06526690721511841,-0.17405678298229077,0.05308380722999573,0.0696251392364502,-0.2067853507017503,0.06511101126670837,0.04025375843048096,-0.22848041321987012,0.05774626135826111,-0.09936842322349548,-0.11145102199071744,0.0034733712673187256,0.057521939277648926,-0.1527336385464082,0.012587308883666992,0.05489283800125122,-0.1585603054975877,0.029259413480758667,0.006976962089538574,-0.1652548011755357,-0.0002866685390472412,-0.10859879851341248,-0.1053144108867059,-0.04067176580429077,0.03808903694152832,-0.1361214068149934,-0.022817939519882202,0.0394517183303833,-0.11851740594858029,-0.0014828145503997803,0.00016009807586669922,-0.10630618747228482,-0.05315360426902771,-0.10485461354255676,-0.1061202209805856,-0.07327178120613098,0.010510921478271484,-0.13327005471938946,-0.053174883127212524,0.01964467763900757,-0.12967488136047223,-0.029942095279693604,-0.002817094326019287,-0.1236002590870271,0
0.0,0.0,0.0,0.03825801610946655,0.0613933801651001,-0.06818832656703933,0.05191197991371155,0.08341825008392334,-0.11085894903503402,-0.017625629901885986,0.06537407636642456,-0.13722504875026686,-0.07597789168357849,0.025150418281555176,-0.15686322948299392,0.08528187870979309,-0.07835763692855835,-0.1258300562795256,0.010188370943069458,0.011739671230316162,-0.18062302669845565,0.017313271760940552,0.049341022968292236,-0.20826193889938338,0.041789472103118896,0.03706550598144531,-0.22450588843189223,0.04104551672935486,-0.13635510206222534,-0.11098018488250716,-0.029983341693878174,-0.004271090030670166,-0.15262040695510848,-0.00962725281715393,0.03993093967437744,-0.15686322948299392,0.019495338201522827,0.021341264247894287,-0.1607423891719435,-0.005470395088195801,-0.15472328662872314,-0.10031252554021819,-0.06428393721580505,-0.016795575618743896,-0.13055776259265883,-0.036457955837249756,0.022307515144348145,-0.11613217940889342,-0.005308568477630615,0.002858102321624756,-0.1070404221709822,-0.04843148589134216,-0.14777886867523193,-0.09710011085830672,-0.0770513117313385,-0.04438120126724243,-0.11879909238182051,-0.05528092384338379,-0.0009028315544128418,-0.1135258769091223,-0.03458982706069946,0.000887751579284668,-0.10782837322317107,0
0.0,0.0,0.0,-0.029470175504684448,0.01057976484298706,-0.06042351491612408,-0.045459359884262085,0.01556086540222168,-0.09023794077199909,-0.05406537652015686,0.030356228351593018,-0.1064229115085027,-0.05089336633682251,0.01743549108505249,-0.11755363188547108,-0.017227351665496826,-0.13575616478919983,-0.08807993225616428,-0.07707145810127258,-0.035680532455444336,-0.12891149811309788,-0.09999936819076538,0.004949390888214111,-0.15548892609638187,-0.10627180337905884,0.01354306936264038,-0.17195785336059544,0.0053358376026153564,-0.14171671867370605,-0.06769255839151356,-0.05932736396789551,-1.9669532775878906e-06,-0.09955139748615238,-0.07342642545700073,0.018900573253631592,-0.10682043723625156,-0.07468751072883606,0.0031942129135131836,-0.11193148337167713,0.016515135765075684,-0.11957445740699768,-0.0513372115032098,-0.04119881987571716,0.017786145210266113,-0.07405297003549549,-0.05522546172142029,0.03245812654495239,-0.06241114355486843,-0.05769103765487671,0.012329697608947754,-0.053807552082957955,0.022512316703796387,-0.08383017778396606,-0.04185338608783695,-0.02571636438369751,0.022642791271209717,-0.06826044909519169,-0.042631953954696655,0.034312546253204346,-0.06911228887599918,-0.04745665192604065,0.01762336492538452,-0.0637740894393346,0
0.0,0.0,0.0,-0.006199538707733154,-0.016703486442565918,-0.029506247090751003,-0.041289836168289185,-0.01394563913345337,-0.051401054086738895,-0.09156784415245056,0.012686491012573242,-0.06574969884997017,-0.12408968806266785,0.03399777412414551,-0.07799854275828011,-0.04695487022399902,-0.10771158337593079,-0.06461230811720498,-0.1088721752166748,-0.015036284923553467,-0.09370330867415078,-0.12851634621620178,0.03404033184051514,-0.10367737111693032,-0.12992635369300842,0.04138779640197754,-0.10752700415497429,-0.061712026596069336,-0.09833207726478577,-0.06071892526989586,-0.12403589487075806,-0.0010342001914978027,-0.08731641021614678,-0.13072305917739868,0.04549771547317505,-0.08596029278879769,-0.12308746576309204,0.051489055156707764,-0.0823293864453376,-0.07752197980880737,-0.07082176208496094,-0.057744202735477757,-0.1313561201095581,0.0144270658493042,-0.08355426934605248,-0.13309812545776367,0.04835379123687744,-0.0744551211321891,-0.12427288293838501,0.045125722885131836,-0.06448106613999016,-0.08917233347892761,-0.035442054271698,-0.05660681200271256,-0.13462087512016296,0.02261871099472046,-0.08127948042994149,-0.13924655318260193,0.04109388589859009,-0.07882971462851174,-0.13384544849395752,0.037057697772979736,-0.07073673007135994,0
0.0,0.0,0.0,0.053234487771987915,0.014073312282562256,-0.07344799474778085,0.0612393319606781,0.0181313157081604,-0.12041374281945139,-0.0007090866565704346,0.048873186111450195,-0.14970654235186487,-0.06158891320228577,0.0691913366317749,-0.17024393365683466,0.048649758100509644,-0.12245258688926697,-0.13424946353735834,-6.526708602905273e-05,-0.0012387633323669434,-0.1792155353814593,0.014203757047653198,0.03464162349700928,-0.19078131006064325,0.030171334743499756,0.015374839305877686,-0.196293979743146,-0.0069096386432647705,-0.1479625701904297,-0.11176642761530786,-0.045149773359298706,0.013500571250915527,-0.1556515841275683,-0.014571785926818848,0.034761130809783936,-0.1548949329644671,0.0031060874462127686,-0.0012353062629699707,-0.15284121022524744,-0.05280497670173645,-0.14525240659713745,-0.09139117584528833,-0.0741112232208252,0.016813993453979492,-0.11965710655751138,-0.03687649965286255,0.029681503772735596,-0.10301101193728357,-0.01824963092803955,-0.0005229711532592773,-0.09285041675867944,-0.09146913886070251,-0.12261500954627991,-0.07804188863339334,-0.09337612986564636,-0.002522706985473633,-0.10268674776854425,-0.06570962071418762,0.019847571849822998,-0.10225437567534357,-0.05213499069213867,7.510185241699219e-05,-0.09847117201390176,0
0.0,0.0,0.0,0.053820520639419556,0.021656155586242676,-0.042825213943331164,0.07712918519973755,0.06278121471405029,-0.08050381330093614,0.05609044432640076,0.12428915500640869,-0.11083048519930117,0.015418529510498047,0.1679668426513672,-0.14115716454824678,0.07737118005752563,-0.03993159532546997,-0.1047038876756119,0.06774404644966125,0.09952801465988159,-0.15095972952684633,0.06315603852272034,0.09324705600738525,-0.17754918274721376,0.062146395444869995,0.06371617317199707,-0.19421353874048464,0.017667055130004883,-0.04660406708717346,-0.09986387876114122,0.01767212152481079,0.12195950746536255,-0.13172219631513826,0.022553682327270508,0.10485011339187622,-0.1271885180219101,0.020978868007659912,0.06038743257522583,-0.12620824513277284,-0.03421139717102051,-0.029577910900115967,-0.09661677417597048,-0.02378132939338684,0.11932843923568726,-0.11897886482319109,-0.008404701948165894,0.09740227460861206,-0.09318587866863481,0.0001805126667022705,0.053779780864715576,-0.07431594965299837,-0.07306450605392456,-0.006783634424209595,-0.09974133161148302,-0.05100640654563904,0.10115790367126465,-0.12283863065084688,-0.03144943714141846,0.09224313497543335,-0.11358746824106447,-0.019207656383514404,0.06443357467651367,-0.10249831465324633,0
0.0,0.0,0.0,0.05819833278656006,0.0019295215606689453,-0.014743604768767682,0.10676419734954834,0.06458631157875061,-0.03594168375875029,0.10893231630325317,0.14873787760734558,-0.054523625482573834,0.09208634495735168,0.20138224959373474,-0.07158966835285696,0.12837284803390503,0.03891715407371521,-0.059560307373061505,0.13622009754180908,0.15976735949516296,-0.0812229412391332,0.11654853820800781,0.16063031554222107,-0.09163859959389242,0.10822907090187073,0.13673469424247742,-0.09936476971651587,0.0856524407863617,0.052636176347732544,-0.06537938590790304,0.09373408555984497,0.17748746275901794,-0.08474372055079016,0.08345657587051392,0.19335970282554626,-0.08513492073561224,0.08259901404380798,0.19724604487419128,-0.0882645147636083,0.044400185346603394,0.07205554842948914,-0.06968257303978476,0.05581182241439819,0.18438562750816345,-0.07525715704704794,0.045517414808273315,0.15672454237937927,-0.05995150383259329,0.0413060188293457,0.12174984812736511,-0.05290992658282789,0.007581502199172974,0.09215006232261658,-0.07638185199047598,0.02647995948791504,0.1760713756084442,-0.07237206127192053,0.02123972773551941,0.15584787726402283,-0.05745761569286856,0.015230953693389893,0.12738141417503357,-0.049731441844954816,0
0.0,0.0,0.0,0.054187923669815063,-0.05931413173675537,0.012665629810186374,0.10824236273765564,-0.06946703791618347,0.011521709574850547,0.1442340910434723,-0.04739364981651306,0.007608516565056789,0.1584094762802124,-0.015222907066345215,0.006246512247713554,0.16420626640319824,-0.0901167094707489,0.0008499266272394834,0.19020408391952515,-0.013320744037628174,0.0012552362908593295,0.16956132650375366,0.004806876182556152,0.004473024936856973,0.1523859202861786,-0.004246771335601807,0.005888522560240972,0.16314706206321716,-0.04294058680534363,-0.010393816554454816,0.1800559163093567,0.027070999145507812,-0.004608381116298688,0.15912657976150513,0.03325307369232178,0.0007228815969995139,0.1414942443370819,0.018009603023529053,0.002152266869785535,0.15088826417922974,0.007101118564605713,-0.01991550768306638,0.15907251834869385,0.05671018362045288,-0.011636491441635144,0.1380102038383484,0.056006669998168945,-0.0031640793154963376,0.12103202939033508,0.038809776306152344,-0.000984768309166384,0.1317349374294281,0.05194765329360962,-0.02914916122844602,0.134606271982193,0.07757049798965454,-0.018500009128359807,0.1152799129486084,0.07240676879882812,-0.00804425454279567,0.10123825073242188,0.0563926100730896,-0.0020695375702359797,0
0.0,0.0,0.0,0.030241280794143677,-0.08134549856185913,0.017100890792249857,0.07843172550201416,-0.11802241206169128,0.019519913635491548,0.11903101205825806,-0.1189630925655365,0.018716362930177866,0.143719881772995,-0.10025611519813538,0.019837986371754823,0.1341516673564911,-0.15963584184646606,0.006621245920001684,0.1693798005580902,-0.10562103986740112,0.014506089194952665,0.15203255414962769,-0.07941895723342896,0.021846864066361604,0.13248586654663086,-0.08270272612571716,0.024776477060555635,0.150424063205719,-0.11441269516944885,-0.00543620467996675,0.17515921592712402,-0.06373685598373413,0.007521055332659898,0.15714812278747559,-0.04699075222015381,0.014246609687148748,0.1354472041130066,-0.05177104473114014,0.014815793066560445,0.15486803650856018,-0.060056328773498535,-0.01477330022370893,0.1716919243335724,-0.02445375919342041,-0.0018652156728364844,0.15158766508102417,-0.01137852668762207,0.007098354558735309,0.12930983304977417,-0.016168832778930664,0.007989793709754167,0.14947295188903809,-0.008762240409851074,-0.02335288219964582,0.1612861156463623,0.014257967472076416,-0.011165690914452853,0.1412038803100586,0.023035764694213867,0.00018551347548623198,0.12087178230285645,0.016634464263916016,0.006395246993093906,0
0.0,0.0,0.0,-0.027304768562316895,-0.09063392877578735,0.023957177123008933,-0.009318947792053223,-0.1625584363937378,0.04145908827143785,0.02111545205116272,-0.2023593783378601,0.05571752885538217,0.04619109630584717,-0.20915469527244568,0.07071457529622194,0.03404548764228821,-0.20614296197891235,0.035807096457062926,0.055555760860443115,-0.2414170205593109,0.05931424820977327,0.041161805391311646,-0.2205764651298523,0.07257716084080812,0.030141830444335938,-0.19874778389930725,0.08009174192505952,0.06879600882530212,-0.17436987161636353,0.03203374991375085,0.0771864652633667,-0.20788151025772095,0.06117683375435945,0.059032827615737915,-0.19324994087219238,0.06955848360615846,0.045469850301742554,-0.17112690210342407,0.0708430233057129,0.0922752320766449,-0.1345757246017456,0.031198795011221137,0.09241414070129395,-0.16745322942733765,0.05748377094226953,0.07785260677337646,-0.1558176875114441,0.06075935537177202,0.06603887677192688,-0.13272333145141602,0.056745157634793486,0.10780826210975647,-0.09972524642944336,0.03261179203349229,0.10649335384368896,-0.12961065769195557,0.056070772057353224,0.09412643313407898,-0.12094223499298096,0.06609021598654863,0.08489319682121277,-0.1001177430152893,0.06987962598162767,0
0.0,0.0,0.0,-0.04882770776748657,-0.07396161556243896,0.014333292939170406,-0.04905197024345398,-0.15033036470413208,0.026112103000684783,-0.024192869663238525,-0.19198954105377197,0.036804250538750694,0.006048470735549927,-0.1932152509689331,0.048257856727047965,-0.003548741340637207,-0.1920236349105835,0.013397334240778491,-0.003629058599472046,-0.24566182494163513,0.0306491284672461,-0.015803664922714233,-0.21809092164039612,0.0438477425877295,-0.018664032220840454,-0.18884235620498657,0.05184305375854592,0.035972774028778076,-0.17718803882598877,0.013072127573593662,0.025128066539764404,-0.21974167227745056,0.03499578601162057,0.009053677320480347,-0.19930517673492432,0.04527547499577622,0.005379438400268555,-0.1754046082496643,0.048828951180382774,0.06331649422645569,-0.15160512924194336,0.015507207349344299,0.048216015100479126,-0.18733638525009155,0.033663234770699546,0.034150898456573486,-0.17328572273254395,0.03851753389875512,0.029639065265655518,-0.15075194835662842,0.0373118883971415,0.07928869128227234,-0.1288907527923584,0.019814209178491637,0.06582799553871155,-0.16347229480743408,0.03471023878495316,0.05413404107093811,-0.15165650844573975,0.04327664813439469,0.050550878047943115,-0.13028192520141602,0.047559849083825156,0
0.0,0.0,0.0,-0.05397087335586548,-0.06098979711532593,0.0020804540808398997,-0.06444147229194641,-0.13414382934570312,0.003309923745234755,-0.039692074060440063,-0.17976778745651245,0.005901827532341031,-0.009321153163909912,-0.1884343922138214,0.00990898773028448,-0.020591139793395996,-0.16731220483779907,-0.014447257332960817,-0.03718659281730652,-0.2287360429763794,-0.0065276533742348875,-0.04565507173538208,-0.19484180212020874,0.0032680302946914708,-0.040476858615875244,-0.16686344146728516,0.008750553763945845,0.019312024116516113,-0.16279536485671997,-0.01247282087848589,-0.004043459892272949,-0.21949493885040283,-0.002642530194009396,-0.017992228269577026,-0.19306820631027222,0.006604902036031035,-0.017201781272888184,-0.167353093624115,0.010462703704376963,0.04671591520309448,-0.1496565341949463,-0.007642372455904933,0.020417600870132446,-0.1915680170059204,0.0023864552467216527,0.007578849792480469,-0.17172014713287354,0.0100474167238076,0.006956428289413452,-0.14888238906860352,0.01151185069187477,0.06314840912818909,-0.1349039077758789,-0.002015955923582169,0.042597681283950806,-0.17306315898895264,0.006765187773396519,0.031562477350234985,-0.15628886222839355,0.015795869342525748,0.031976282596588135,-0.13540351390838623,0.02067731838627651,0
0.0,0.0,0.0,-0.03726530075073242,-0.06681907176971436,0.02434582797695839,-0.03710508346557617,-0.12832707166671753,0.03846763795127117,-0.019949406385421753,-0.16433089971542358,0.04923390945305073,0.0021014809608459473,-0.17376333475112915,0.060314316059248085,-0.006540060043334961,-0.17946678400039673,0.021147358919279213,0.007819801568984985,-0.21548351645469666,0.03621157234420025,0.0032144486904144287,-0.19509750604629517,0.04837717836608135,-0.0023260414600372314,-0.17347323894500732,0.05640190442909443,0.026015907526016235,-0.16242140531539917,0.012829916308419342,0.042926013469696045,-0.20048141479492188,0.03032867772390091,0.03187006711959839,-0.18060320615768433,0.04060946753133976,0.022492408752441406,-0.15827977657318115,0.04586409380544865,0.05158644914627075,-0.1332213282585144,0.007632405253843899,0.06760269403457642,-0.17214572429656982,0.022960778082506295,0.05449199676513672,-0.15469050407409668,0.031528103853361245,0.044467657804489136,-0.13179659843444824,0.034326761717693444,0.0692209005355835,-0.09846627712249756,0.004883721693204279,0.0808594822883606,-0.13559484481811523,0.020876062790648575,0.06932532787322998,-0.12479943037033081,0.03372704958428585,0.05945008993148804,-0.10410326719284058,0.0413519737671777,0
0.0,0.0,0.0,-0.026402443647384644,-0.05772167444229126,0.009541912120170082,-0.02452060580253601,-0.11250674724578857,0.01254978787559935,-0.0053937435150146484,-0.13965624570846558,0.013105184886939014,0.016661792993545532,-0.14330846071243286,0.013754188198930706,0.009061336517333984,-0.17135965824127197,0.006596439633852924,0.01829427480697632,-0.18223559856414795,0.007426413823253597,0.015726923942565918,-0.16061580181121826,0.005435723927206482,0.010463088750839233,-0.14423567056655884,0.0034543935902036083,0.03832685947418213,-0.15597271919250488,-0.0008468074380800772,0.045977264642715454,-0.16180294752120972,0.006381145328617777,0.038211435079574585,-0.144605815410614,0.007532500777728046,0.028932154178619385,-0.12887299060821533,0.0061845724697775495,0.06042194366455078,-0.12925446033477783,-0.007144939504229342,0.06103783845901489,-0.13212120532989502,-0.00012994058548088105,0.052669644355773926,-0.11714828014373779,0.00293332000669011,0.04379713535308838,-0.10292190313339233,0.002441887393928255,0.07377076148986816,-0.09934020042419434,-0.013166933204644238,0.07133668661117554,-0.10270708799362183,-0.006043507136070048,0.06384792923927307,-0.09105426073074341,0.0009356091607912731,0.05596402287483215,-0.07910913228988647,0.005282833822406019,0
0.0,0.0,0.0,-0.011219263076782227,-0.04833298921585083,0.008862491219616686,-0.0012873411178588867,-0.0848802924156189,0.007767004414773737,0.017224282026290894,-0.09800201654434204,0.0041094198705025065,0.03318381309509277,-0.09490835666656494,0.0007223529273971963,0.010153889656066895,-0.13604360818862915,0.003883615124351536,0.02567654848098755,-0.12508654594421387,0.00037246784179956194,0.022414296865463257,-0.10388690233230591,-0.004721546557419742,0.01410454511642456,-0.09324020147323608,-0.00916609402062818,0.03373527526855469,-0.12739050388336182,-0.005472737841927255,0.043787986040115356,-0.11138826608657837,-0.0036908947049312246,0.03720438480377197,-0.09288054704666138,-0.00477967459025308,0.02850523591041565,-0.08135801553726196,-0.007145032298438991,0.054890334606170654,-0.10531175136566162,-0.013887866877638544,0.058347463607788086,-0.0891072154045105,-0.011884689808510984,0.049066632986068726,-0.07062375545501709,-0.009631116420649732,0.040020883083343506,-0.06117057800292969,-0.009979884617649759,0.07256433367729187,-0.07570135593414307,-0.022142024256908144,0.0714244544506073,-0.05584287643432617,-0.019316115894042696,0.06040459871292114,-0.04290330410003662,-0.01495205472471639,0.050279051065444946,-0.03823345899581909,-0.012135087058567251,0
0.0,0.0,0.0,0.050070345401763916,-0.006272017955780029,-0.004627322020652969,0.08117496967315674,-0.030265629291534424,-0.011713231156292636,0.09835118055343628,-0.04848814010620117,-0.019706830556216914,0.10127627849578857,-0.06829136610031128,-0.02449507469934531,0.0506439208984375,-0.14034658670425415,-0.004107936459305961,0.0996701717376709,-0.11077278852462769,-0.020498275930705745,0.08718016743659973,-0.08315038681030273,-0.03098492714268275,0.07189491391181946,-0.08400869369506836,-0.03826622309786387,0.04094541072845459,-0.13846081495285034,-0.010991037997129638,0.09500262141227722,-0.09425938129425049,-0.025108445609632213,0.08095946907997131,-0.06828105449676514,-0.028551232243600566,0.068341463804245,-0.07144719362258911,-0.03070792200666972,0.03476232290267944,-0.12029939889907837,-0.01984533498686858,0.08406481146812439,-0.06635677814483643,-0.030668348247829158,0.07011350989341736,-0.04341977834701538,-0.02861058915657111,0.056646764278411865,-0.04967319965362549,-0.027740001852336604,0.0327487587928772,-0.09192228317260742,-0.030134121129933078,0.06826958060264587,-0.040674030780792236,-0.03640633093816348,0.056301653385162354,-0.022771716117858887,-0.03705927374464579,0.04365691542625427,-0.030405700206756592,-0.03796943294507571,0
0.0,0.0,0.0,0.03439268469810486,0.012775242328643799,-0.017807931491944373,0.06382665038108826,0.00902467966079712,-0.032076178902599395,0.06592348217964172,-0.012479662895202637,-0.0446140420081349,0.04819530248641968,-0.03751325607299805,-0.054343744033786834,0.09038245677947998,-0.09080731868743896,-0.015919343421074927,0.09125369787216187,-0.046123385429382324,-0.03725743930957037,0.07685351371765137,-0.025500357151031494,-0.05379002060911375,0.06841707229614258,-0.03074491024017334,-0.06514133777639586,0.06621000170707703,-0.10814690589904785,-0.01765961464664656,0.0649152398109436,-0.05550944805145264,-0.03442950066349226,0.055972129106521606,-0.033347129821777344,-0.0426364642026158,0.05228188633918762,-0.038603246212005615,-0.04849009853026587,0.03956899046897888,-0.10740697383880615,-0.022168497407648147,0.038778215646743774,-0.04721057415008545,-0.03559627276084143,0.03545188903808594,-0.02703636884689331,-0.03571493070742804,0.034373968839645386,-0.03780025243759155,-0.0360313382389279,0.014905601739883423,-0.09511220455169678,-0.02914935801348406,0.015160232782363892,-0.03861403465270996,-0.03848354410550314,0.012420177459716797,-0.024702072143554688,-0.03965031247756201,0.010754942893981934,-0.03921085596084595,-0.04000627886674124,0
0.0,0.0,0.0,0.030350208282470703,0.01331561803817749,-0.014338722744213328,0.06562742590904236,0.009504318237304688,-0.025193911337481723,0.06881564855575562,-0.017262816429138184,-0.03445161721967338,0.05153566598892212,-0.04566812515258789,-0.0406875780906546,0.09213685989379883,-0.08152937889099121,-0.011134132103251204,0.09661352634429932,-0.054757654666900635,-0.029890129634367213,0.08044731616973877,-0.0281144380569458,-0.042573763349281535,0.07186657190322876,-0.024345219135284424,-0.05054193205498336,0.07054388523101807,-0.10546606779098511,-0.013578473882006392,0.0710572600364685,-0.07817411422729492,-0.02963992051147102,0.05950632691383362,-0.048392534255981445,-0.035259982862697825,0.055062711238861084,-0.04398202896118164,-0.037261648395286784,0.04580935835838318,-0.11186832189559937,-0.01873661234341739,0.04100370407104492,-0.06715935468673706,-0.032007271715627894,0.035377442836761475,-0.042716383934020996,-0.031237405085192904,0.03564074635505676,-0.048639118671417236,-0.029659165361152873,0.02222442626953125,-0.10500150918960571,-0.025829054706917987,0.018570423126220703,-0.05306243896484375,-0.03375873185061096,0.014818370342254639,-0.03320568799972534,-0.03362400300167678,0.015431344509124756,-0.04284447431564331,-0.03244995168708442,0
0.0,0.0,0.0,0.02824312448501587,0.014959931373596191,-0.015455782894868264,0.06731748580932617,0.009272873401641846,-0.026558551487404713,0.08446604013442993,-0.015384674072265625,-0.03739503726072968,0.07170259952545166,-0.0424036979675293,-0.04584657355852784,0.08447438478469849,-0.08128857612609863,-0.015641022023636708,0.10897713899612427,-0.1233949065208435,-0.03748765915342034,0.099609375,-0.09050434827804565,-0.04876409053512276,0.0833207368850708,-0.06720614433288574,-0.05191314920492829,0.06219300627708435,-0.09923726320266724,-0.017586033341366658,0.08629065752029419,-0.1526554822921753,-0.036005746123272786,0.07677388191223145,-0.1097223162651062,-0.03961790680595101,0.06632000207901001,-0.08645391464233398,-0.0371171790332383,0.03651154041290283,-0.10782688856124878,-0.022135966938812146,0.05305704474449158,-0.14195102453231812,-0.03920112132735909,0.04711487889289856,-0.10068464279174805,-0.03366710200615586,0.03888848423957825,-0.08124411106109619,-0.02498401842721165,0.007548153400421143,-0.11015564203262329,-0.028086775463897595,0.019876033067703247,-0.1345476508140564,-0.03674670263834656,0.02250814437866211,-0.10561007261276245,-0.0293371374876088,0.02043113112449646,-0.08868873119354248,-0.02111715405889214,0
0.0,0.0,0.0,0.03617537021636963,0.01380014419555664,-0.015571263808883629,0.07633483409881592,0.010800182819366455,-0.028690342981494865,0.09369540214538574,-0.0071086883544921875,-0.04321260117379566,0.08230897784233093,-0.03638744354248047,-0.05710820220796009,0.08723101019859314,-0.09367239475250244,-0.019344871122516594,0.11273440718650818,-0.14868837594985962,-0.0447383943983688,0.11886397004127502,-0.12592142820358276,-0.06228499599186321,0.10977301001548767,-0.09304875135421753,-0.06866062172142406,0.06420332193374634,-0.1130988597869873,-0.02296862677124878,0.08756178617477417,-0.17861336469650269,-0.04539230578032871,0.09433373808860779,-0.14750412106513977,-0.05825254433242222,0.08500722050666809,-0.1070566177368164,-0.061849051345266304,0.03891703486442566,-0.12263244390487671,-0.029017296809829674,0.056055039167404175,-0.18621966242790222,-0.044166219610847435,0.06552290916442871,-0.16159647703170776,-0.049261273075021705,0.060785651206970215,-0.12595677375793457,-0.04866185896483799,0.010535269975662231,-0.12462085485458374,-0.03686422594276806,0.015555500984191895,-0.17914754152297974,-0.0469453420528545,0.028625309467315674,-0.1714276671409607,-0.049288523573554954,0.03428611159324646,-0.14531293511390686,-0.04784447439400097,0
0.0,0.0,0.0,-0.061394572257995605,0.013710379600524902,-0.028533377830996187,-0.12363627552986145,0.0019071698188781738,-0.04653057563783136,-0.1614665389060974,-0.018525779247283936,-0.06368918824674097,-0.18178144097328186,-0.051230430603027344,-0.07736448306323496,-0.12749198079109192,-0.17214173078536987,-0.013277690072669657,-0.16007113456726074,-0.2421472668647766,-0.04315475854755846,-0.18012678623199463,-0.2592775225639343,-0.06988177556277719,-0.19028723239898682,-0.23847419023513794,-0.08342805612565485,-0.0904758870601654,-0.2064562439918518,-0.014299036149992617,-0.10743114352226257,-0.2972932457923889,-0.03496248382808176,-0.1312083899974823,-0.33105576038360596,-0.05285216975690332,-0.14707711338996887,-0.3121732771396637,-0.062356067036404283,-0.04988795518875122,-0.21811112761497498,-0.021986010630740793,-0.0598943829536438,-0.30148327350616455,-0.041456096951975496,-0.08254802227020264,-0.3320765495300293,-0.054099288915409716,-0.10312935709953308,-0.3115198612213135,-0.05882973704220262,-0.008185029029846191,-0.2128453552722931,-0.033177816455378206,-0.006460964679718018,-0.2803891599178314,-0.05272315550328699,-0.024731755256652832,-0.3020808696746826,-0.06227006498457399,-0.046600341796875,-0.2843458652496338,-0.06424824256183115,1
0.0,0.0,0.0,-0.06143045425415039,0.015707015991210938,-0.03396582123616554,-0.12238740921020508,0.006678640842437744,-0.057962334573062435,-0.16395986080169678,-0.009045064449310303,-0.08151773256042816,-0.17675650119781494,-0.0518261194229126,-0.10136778545358993,-0.13232046365737915,-0.16926264762878418,-0.020015642836483494,-0.1649979054927826,-0.23968571424484253,-0.0559773285386882,-0.18362188339233398,-0.24977385997772217,-0.08791386228779174,-0.1876395344734192,-0.22122955322265625,-0.10454380404928543,-0.09649604558944702,-0.20545437932014465,-0.020478810041936413,-0.10916993021965027,-0.3061003088951111,-0.04874308672526695,-0.13565075397491455,-0.32453539967536926,-0.07181325447538711,-0.1473691165447235,-0.28432705998420715,-0.08292929720857956,-0.0540584921836853,-0.2152317762374878,-0.027702026858719364,-0.06457442045211792,-0.30371493101119995,-0.04790497091391899,-0.09018129110336304,-0.31955116987228394,-0.059726784795316235,-0.10688856244087219,-0.2818669080734253,-0.06321157407739975,-0.00845259428024292,-0.20637640357017517,-0.03936944794634201,-0.005009710788726807,-0.27693936228752136,-0.056903666674884334,-0.025010228157043457,-0.29142487049102783,-0.06484369081238128,-0.044527530670166016,-0.26337361335754395,-0.0655053545234523,1
0.0,0.0,0.0,-0.06168413162231445,0.020644962787628174,-0.03300812887687243,-0.1219189465045929,0.020029067993164062,-0.057834808255620374,-0.16385477781295776,0.012370288372039795,-0.08259620564717807,-0.16162580251693726,-0.03224492073059082,-0.10339752631921328,-0.13877764344215393,-0.15643775463104248,-0.022977367515750302,-0.17766249179840088,-0.22305336594581604,-0.05927088158864535,-0.19745370745658875,-0.23137038946151733,-0.09034231352347888,-0.19994613528251648,-0.20008844137191772,-0.1063567106677965,-0.1044447124004364,-0.19467002153396606,-0.023651889066286458,-0.12134954333305359,-0.2939256429672241,-0.05191644328374423,-0.1480240523815155,-0.31021803617477417,-0.07437142031926669,-0.1577758491039276,-0.2661950886249542,-0.08485911833781756,-0.06152874231338501,-0.2073836624622345,-0.030549396301694287,-0.07466837763786316,-0.29293838143348694,-0.04908780800838031,-0.09994608163833618,-0.30883121490478516,-0.05887922691840686,-0.11415821313858032,-0.268471896648407,-0.06075047748822726,-0.015710115432739258,-0.20220062136650085,-0.04195095645923175,-0.013601481914520264,-0.2709181010723114,-0.05774777429837741,-0.03354084491729736,-0.2863391637802124,-0.06471055793304004,-0.0513383150100708,-0.25803735852241516,-0.06427538442153491,1
0.0,0.0,0.0,-0.06017792224884033,0.024792850017547607,-0.030709040978692315,-0.11894333362579346,0.02718675136566162,-0.05411136119975879,-0.16056513786315918,0.02130722999572754,-0.0789964717568381,-0.1503945291042328,-0.017055094242095947,-0.10022832422866657,-0.13842740654945374,-0.1510196328163147,-0.018674792418025277,-0.18239980936050415,-0.20730966329574585,-0.05724886401905849,-0.20407944917678833,-0.21304315328598022,-0.0906868797482474,-0.20404019951820374,-0.1824914515018463,-0.10830846398486926,-0.10498303174972534,-0.19001853466033936,-0.02197346619679763,-0.12204110622406006,-0.2893529534339905,-0.054154339873932145,-0.14992153644561768,-0.30562126636505127,-0.07843773781671359,-0.15642696619033813,-0.26220741868019104,-0.0888817456306441,-0.062438011169433594,-0.20126014947891235,-0.031611609900139115,-0.07555070519447327,-0.2901129424571991,-0.05295091464533641,-0.09858301281929016,-0.30135780572891235,-0.05862420394434764,-0.1082448959350586,-0.2596174478530884,-0.05570159822120502,-0.017320752143859863,-0.19586855173110962,-0.04603122144355609,-0.017738759517669678,-0.2680507004261017,-0.06339492618455722,-0.03584319353103638,-0.28028640151023865,-0.0673060563148482,-0.04923325777053833,-0.2483292818069458,-0.06305108189000919,1
0.0,0.0,0.0,-0.05496141314506531,0.025298357009887695,-0.03241032657984988,-0.10764873027801514,0.03797191381454468,-0.06001568509105937,-0.1385122835636139,0.03805553913116455,-0.08759958965544001,-0.13232094049453735,0.01845616102218628,-0.11299566102985636,-0.1411658227443695,-0.14618152379989624,-0.03150945452813403,-0.17595914006233215,-0.20862868428230286,-0.06876703275207774,-0.1871112585067749,-0.22655609250068665,-0.1016703910923411,-0.18160855770111084,-0.20404785871505737,-0.1196878768301417,-0.10204976797103882,-0.18960464000701904,-0.03500569907788531,-0.11981651186943054,-0.2889673113822937,-0.0663647047973086,-0.1350974440574646,-0.30854588747024536,-0.09360542071823374,-0.13386347889900208,-0.2664940357208252,-0.10759041381840007,-0.05431869626045227,-0.20357868075370789,-0.04341385809544818,-0.0674881637096405,-0.2935931980609894,-0.06632180435423152,-0.0818307101726532,-0.31363028287887573,-0.08176535291437403,-0.08804619312286377,-0.27340131998062134,-0.08742799533371226,-0.005749404430389404,-0.19798710942268372,-0.055597107092182796,8.547306060791016e-05,-0.270001083612442,-0.07567373586658732,-0.012963950634002686,-0.28767096996307373,-0.08566914422277705,-0.025564372539520264,-0.25913000106811523,-0.08751379621986644,1
0.0,0.0,0.0,-0.05548536777496338,0.024300873279571533,-0.030840292418645276,-0.10857689380645752,0.03181493282318115,-0.05614770560924853,-0.14240670204162598,0.03276503086090088,-0.081822518104957,-0.14667010307312012,0.010534167289733887,-0.10486070423786487,-0.13856855034828186,-0.15199249982833862,-0.026625990713284864,-0.17679506540298462,-0.21507826447486877,-0.06608913450901355,-0.19372773170471191,-0.22954586148262024,-0.10001965969269122,-0.19430354237556458,-0.2027047872543335,-0.11739553868238772,-0.10051444172859192,-0.19232586026191711,-0.03010549194578971,-0.11806753277778625,-0.2907463610172272,-0.0629338136262163,-0.13974425196647644,-0.3124806582927704,-0.08847895621721591,-0.1441771388053894,-0.2690454125404358,-0.09958741425936068,-0.05406385660171509,-0.2030329406261444,-0.03922566756074275,-0.06690481305122375,-0.29234305024147034,-0.06263124554817523,-0.08531752228736877,-0.31401365995407104,-0.0747770702785715,-0.0960700511932373,-0.2763441205024719,-0.07680859028761233,-0.0062604546546936035,-0.194402813911438,-0.05230080693428363,0.003266572952270508,-0.2635437548160553,-0.07326424478952731,-0.011608421802520752,-0.28178495168685913,-0.08225476353828753,-0.027491450309753418,-0.2562271058559418,-0.08199541627828921,1
0.0,0.0,0.0,-0.059325844049453735,0.023770451545715332,-0.027643450402308645,-0.11801788210868835,0.028738558292388916,-0.04897309174447173,-0.1567009687423706,0.028822660446166992,-0.07081464012770766,-0.16597408056259155,0.0063748955726623535,-0.09018195500283355,-0.1358145773410797,-0.15544098615646362,-0.022694975935507955,-0.17597198486328125,-0.21550175547599792,-0.058486112259913625,-0.1970348060131073,-0.2318444848060608,-0.08932876666693801,-0.2024674415588379,-0.21012291312217712,-0.10562461694388503,-0.09942060708999634,-0.19181281328201294,-0.02706755218713397,-0.11521753668785095,-0.2876874804496765,-0.05656644409208411,-0.14024695754051208,-0.3125472962856293,-0.07917586048750991,-0.14917495846748352,-0.2755742371082306,-0.08932876666693801,-0.055109620094299316,-0.1984761655330658,-0.037007165007878484,-0.0646587610244751,-0.2852953374385834,-0.05929663857131118,-0.08636823296546936,-0.30636534094810486,-0.06957752337365264,-0.10147947072982788,-0.2722894251346588,-0.07094261875062102,-0.009140431880950928,-0.18514251708984375,-0.05067946096568221,-0.0005582571029663086,-0.251997709274292,-0.07209441890626067,-0.016710340976715088,-0.27136385440826416,-0.08071158906130904,-0.03467947244644165,-0.2497258186340332,-0.08041297724156493,1
0.0,0.0,0.0,-0.0585077702999115,0.01644653081893921,-0.026209654550910955,-0.12058082222938538,0.010211527347564697,-0.045669166635633474,-0.16272324323654175,0.00496363639831543,-0.0652354753426323,-0.17044508457183838,-0.03183180093765259,-0.0822812414578209,-0.12544742226600647,-0.1715492606163025,-0.015454586859704023,-0.16530361771583557,-0.23698210716247559,-0.04938590739286042,-0.18862026929855347,-0.2535552978515625,-0.08014518235242463,-0.19851580262184143,-0.23238566517829895,-0.09663557473933793,-0.0897858738899231,-0.20388299226760864,-0.018882964070797925,-0.10737690329551697,-0.29490897059440613,-0.04242235262310601,-0.13647544384002686,-0.3291848301887512,-0.06267220739638901,-0.15894198417663574,-0.31003057956695557,-0.07369428340709305,-0.04850739240646362,-0.20794743299484253,-0.028580678891302114,-0.05728745460510254,-0.2900976538658142,-0.04831788156545258,-0.08000209927558899,-0.321209192276001,-0.0598098880461464,-0.10451579093933105,-0.3055171072483063,-0.06421017114436722,-0.006406068801879883,-0.18903857469558716,-0.04167473156368828,9.98377799987793e-05,-0.24942713975906372,-0.06173233900582886,-0.01569831371307373,-0.2694987952709198,-0.07044746194398499,-0.03900223970413208,-0.25818774104118347,-0.07202815477168656,1
0.0,0.0,0.0,-0.061611711978912354,0.012963175773620605,-0.025239137997488115,-0.12410739064216614,0.002606809139251709,-0.04280402704105768,-0.16641277074813843,-0.003657996654510498,-0.0593457129500905,-0.1968260109424591,-0.028227806091308594,-0.07507736801133547,-0.12648487091064453,-0.17286014556884766,-0.01857769868300352,-0.1641063094139099,-0.23141419887542725,-0.04303850798831377,-0.18943756818771362,-0.25140783190727234,-0.06578332751021776,-0.21551015973091125,-0.2532406449317932,-0.08096074878201875,-0.08843186497688293,-0.20393157005310059,-0.023874877085546586,-0.11090090870857239,-0.2892228364944458,-0.04350747360811624,-0.13708171248435974,-0.3248763978481293,-0.06173317699656877,-0.16781401634216309,-0.33519381284713745,-0.07379837899432573,-0.04745227098464966,-0.20737558603286743,-0.03444791777954492,-0.05768531560897827,-0.28491562604904175,-0.05636139034257326,-0.07949617505073547,-0.32249394059181213,-0.07384100376592073,-0.10895192623138428,-0.3443337082862854,-0.08492564975247774,-0.005353033542633057,-0.18768328428268433,-0.047237882455448243,0.007982432842254639,-0.2481757402420044,-0.06915135501847658,0.003307819366455078,-0.28413063287734985,-0.0819413196943799,-0.012335896492004395,-0.3105009198188782,-0.0896152910493413,1
0.0,0.0,0.0,-0.06062757968902588,0.011393249034881592,-0.0226480499978976,-0.12288668751716614,0.0011532306671142578,-0.03818297061583564,-0.16652339696884155,-0.007311701774597168,-0.053456068518372035,-0.19829925894737244,-0.023598015308380127,-0.0685546142186837,-0.12306180596351624,-0.16626542806625366,-0.016222438323111987,-0.16108638048171997,-0.22065794467926025,-0.04051756906768844,-0.18690556287765503,-0.23795685172080994,-0.06288175705334709,-0.2130175232887268,-0.23870205879211426,-0.07776210877558754,-0.08698824048042297,-0.2030879259109497,-0.023149878266067958,-0.11117273569107056,-0.28372329473495483,-0.04370310205480621,-0.13644859194755554,-0.3151785731315613,-0.06305630180499122,-0.16579434275627136,-0.32689136266708374,-0.07588570240399406,-0.04617571830749512,-0.2127232551574707,-0.03495380330345199,-0.05737793445587158,-0.289306640625,-0.058474373551817393,-0.0771225094795227,-0.3317093253135681,-0.07771847072503135,-0.10148763656616211,-0.36550286412239075,-0.09015513631960914,-0.0046994686126708984,-0.1988825798034668,-0.04865595373770759,0.013919293880462646,-0.26304611563682556,-0.07174014720580146,0.019629955291748047,-0.30948370695114136,-0.08552957001587913,0.018886148929595947,-0.35365211963653564,-0.09425706091782615,1
0.0,0.0,0.0,-0.06489378213882446,0.010671675205230713,-0.022296446195070985,-0.13088908791542053,-0.00507432222366333,-0.036530985316460374,-0.18083801865577698,-0.022328615188598633,-0.05127226450127864,-0.2221810221672058,-0.033515989780426025,-0.06688880064172054,-0.11628857254981995,-0.15635806322097778,-0.014349976374035123,-0.15536004304885864,-0.19952738285064697,-0.03431979828161502,-0.18293321132659912,-0.22136950492858887,-0.05293065198344493,-0.20794907212257385,-0.24007725715637207,-0.06684273370188976,-0.0836009681224823,-0.1975584626197815,-0.02149028219861293,-0.11313354969024658,-0.27833303809165955,-0.03632369153780246,-0.1391763687133789,-0.3268113434314728,-0.05237785988134647,-0.16501498222351074,-0.367380291223526,-0.06550679989737773,-0.04542797803878784,-0.21323353052139282,-0.033260269841377976,-0.061574459075927734,-0.2973211705684662,-0.05491151549500728,-0.08107390999794006,-0.3499535918235779,-0.07379877456111217,-0.10310742259025574,-0.3974436819553375,-0.08780297525805736,-0.004939854145050049,-0.20479345321655273,-0.04698808007520938,0.017508506774902344,-0.27147677540779114,-0.06933032610101009,0.029253721237182617,-0.3212427496910095,-0.08250534423274303,0.03585803508758545,-0.367939829826355,-0.09199502952975536,1
0.0,0.0,0.0,-0.06276965141296387,0.004945874214172363,-0.019955791190838568,-0.12539145350456238,-0.015839815139770508,-0.03512206080613112,-0.17102622985839844,-0.02926182746887207,-0.05104220810589766,-0.21129578351974487,-0.035750508308410645,-0.06762754696664786,-0.11163905262947083,-0.17621982097625732,-0.012417004101550333,-0.14708536863327026,-0.22814857959747314,-0.0366298199003694,-0.17143356800079346,-0.2444695234298706,-0.06000006350932097,-0.19540944695472717,-0.25005149841308594,-0.0759645529395101,-0.07541251182556152,-0.20919585227966309,-0.02054337377903437,-0.09522441029548645,-0.291472852230072,-0.0380488835578916,-0.11827549338340759,-0.33304619789123535,-0.05592024478373503,-0.14405912160873413,-0.35669437050819397,-0.06935702788887,-0.035473525524139404,-0.21272778511047363,-0.033525610000467054,-0.040171682834625244,-0.28996413946151733,-0.053614264011955015,-0.05648273229598999,-0.3306894898414612,-0.0693126820331571,-0.08058059215545654,-0.35861116647720337,-0.08039913851079916,0.005551040172576904,-0.19309771060943604,-0.04860318604168867,0.01946014165878296,-0.2515006959438324,-0.06687365996894812,0.014820337295532227,-0.2837145924568176,-0.07569848525581335,-0.0009012818336486816,-0.3049893379211426,-0.08172950673160528,1
0.0,0.0,0.0,-0.05918467044830322,0.0060233473777771,-0.03007974734568819,-0.11815044283866882,-0.015393316745758057,-0.050440073740126934,-0.1568211019039154,-0.03069436550140381,-0.07021388484204039,-0.17571452260017395,-0.06845104694366455,-0.08739029688799604,-0.10562101006507874,-0.18598681688308716,-0.01960633022749647,-0.12752625346183777,-0.2576885521411896,-0.05228339580857977,-0.15082252025604248,-0.26537084579467773,-0.08148329032623991,-0.16520386934280396,-0.2396233081817627,-0.09694205297196135,-0.06712892651557922,-0.20959919691085815,-0.022496995311620083,-0.07708650827407837,-0.3046541213989258,-0.04687911344731077,-0.10160577297210693,-0.321865439414978,-0.06594073845112547,-0.11766842007637024,-0.29455244541168213,-0.07578574938738569,-0.025147974491119385,-0.20695793628692627,-0.0315669745024465,-0.031544387340545654,-0.2978462874889374,-0.05488080231511816,-0.05250823497772217,-0.29752418398857117,-0.06472581697666868,-0.06524044275283813,-0.26317888498306274,-0.06702996863091215,0.01803523302078247,-0.18414324522018433,-0.04398844836318716,0.01648765802383423,-0.25756943225860596,-0.06468392236197218,0.00045108795166015625,-0.25114598870277405,-0.06845435572827085,-0.011444687843322754,-0.21514242887496948,-0.06652724815571531,1
0.0,0.0,0.0,-0.061530888080596924,-0.0005654096603393555,-0.026684666553137504,-0.1219453513622284,-0.022358298301696777,-0.05244722826182624,-0.1641903519630432,-0.03421908617019653,-0.07902731982767364,-0.1785520613193512,-0.07020378112792969,-0.10321772334873458,-0.10215282440185547,-0.18277615308761597,-0.032470239827034675,-0.12281382083892822,-0.2715461850166321,-0.0770149478107669,-0.14779257774353027,-0.2529509663581848,-0.10690706459581634,-0.15884670615196228,-0.212113618850708,-0.1214129277855136,-0.06296032667160034,-0.1942541003227234,-0.03932488200962325,-0.08529385924339294,-0.2896561324596405,-0.0796142616659381,-0.10437250137329102,-0.2392287254333496,-0.09483283249437591,-0.10660597681999207,-0.19036149978637695,-0.09718059984743377,-0.02066636085510254,-0.18727856874465942,-0.05139911783635398,-0.0412830114364624,-0.2667471766471863,-0.08602869746982833,-0.058674633502960205,-0.20231258869171143,-0.0835132398992755,-0.059437453746795654,-0.15019667148590088,-0.07412215558588287,0.024803996086120605,-0.163446307182312,-0.0661145993858554,0.004245102405548096,-0.20700156688690186,-0.08955035594999572,-0.01350480318069458,-0.15926867723464966,-0.08435172078907271,-0.01588737964630127,-0.12003219127655029,-0.07496065137684127,1
0.0,0.0,0.0,-0.06117880344390869,-0.009639739990234375,-0.022608281872493308,-0.1212158203125,-0.03104698657989502,-0.04867586662552981,-0.1630549132823944,-0.038947999477386475,-0.07643128355525164,-0.1901697814464569,-0.060843825340270996,-0.1021029593565288,-0.09636309742927551,-0.18334037065505981,-0.03902815451405672,-0.1322672963142395,-0.26787906885147095,-0.08793352713368563,-0.1575312614440918,-0.21969342231750488,-0.11918962915919451,-0.16200029850006104,-0.16057217121124268,-0.13360910286687044,-0.05696368217468262,-0.19581931829452515,-0.050342859528285544,-0.07586872577667236,-0.30712324380874634,-0.09626849164746432,-0.1082518994808197,-0.2567802667617798,-0.11460540612719683,-0.11631262302398682,-0.20184671878814697,-0.11743928661130099,-0.015045344829559326,-0.18507951498031616,-0.0658875646211925,-0.037992894649505615,-0.2607440650463104,-0.10393664409897951,-0.06665220856666565,-0.19264358282089233,-0.1052702458717647,-0.07192492485046387,-0.13942420482635498,-0.09735202958367495,0.02930629253387451,-0.15703046321868896,-0.08330762555382876,0.004945933818817139,-0.18004578351974487,-0.10743732919476656,-0.02107018232345581,-0.13337093591690063,-0.10343655367873339,-0.0274469256401062,-0.09876292943954468,-0.09435144235871462,1
0.0,0.0,0.0,-0.06017506122589111,-0.007614791393280029,-0.023668608517340317,-0.12133413553237915,-0.028142213821411133,-0.051285811589053765,-0.16676825284957886,-0.030722200870513916,-0.080469493643335,-0.19355636835098267,-0.04265254735946655,-0.10789356090216984,-0.09592214226722717,-0.17584854364395142,-0.040041510836175576,-0.1315341591835022,-0.26267769932746887,-0.08716456301598896,-0.16017866134643555,-0.21862047910690308,-0.11930952675729145,-0.1674378514289856,-0.1618698239326477,-0.13544638164430012,-0.058096349239349365,-0.18989551067352295,-0.051114139036229744,-0.07461431622505188,-0.31321436166763306,-0.09493257559924473,-0.10843420028686523,-0.2788013219833374,-0.11476031400351872,-0.12011909484863281,-0.22972938418388367,-0.12033954717307438,-0.017106056213378906,-0.17857015132904053,-0.06634974189191212,-0.02970176935195923,-0.2779177129268646,-0.10300101049332966,-0.061617255210876465,-0.22515973448753357,-0.1079793915906464,-0.07479965686798096,-0.17468011379241943,-0.10411685414700855,0.027220726013183594,-0.14809679985046387,-0.0835595250883614,0.01822984218597412,-0.20075547695159912,-0.10823689110665669,-0.008585989475250244,-0.16817420721054077,-0.10694938607602467,-0.023667752742767334,-0.13505339622497559,-0.10119848407893528,1
0.0,0.0,0.0,-0.05366384983062744,0.008482038974761963,-0.027463218990817495,-0.10501480102539062,0.003347456455230713,-0.05384745341922326,-0.13632529973983765,0.018093407154083252,-0.08171496060873551,-0.15521010756492615,0.03963810205459595,-0.10904310164238495,-0.11251688003540039,-0.1675606369972229,-0.03225013879324479,-0.15941867232322693,-0.20740419626235962,-0.07321986821676774,-0.17179334163665771,-0.18158698081970215,-0.1047281351425795,-0.16742676496505737,-0.1284152865409851,-0.12001031157757325,-0.07254490256309509,-0.21114104986190796,-0.04072276023413224,-0.08686557412147522,-0.2995679974555969,-0.07515261587883515,-0.10872691869735718,-0.3210841417312622,-0.0978960942962317,-0.1227920651435852,-0.2946646213531494,-0.10751488325382752,-0.02852410078048706,-0.21546930074691772,-0.05483630565191788,-0.0264548659324646,-0.2984446883201599,-0.08315328029181046,-0.04117101430892944,-0.3314484655857086,-0.09798599300171418,-0.055108726024627686,-0.3371210992336273,-0.10311001804853959,0.015238940715789795,-0.1899433732032776,-0.07173659918095154,0.04708665609359741,-0.2559857964515686,-0.09403060642267747,0.059490203857421875,-0.30119797587394714,-0.10328980055834336,0.06632006168365479,-0.335874080657959,-0.10544728753353638,1
0.0,0.0,0.0,-0.04917335510253906,0.01719611883163452,-0.024432036413259084,-0.09959489107131958,0.02035588026046753,-0.048947383968538816,-0.1343730092048645,0.04850959777832031,-0.07545159509629684,-0.16283050179481506,0.08395874500274658,-0.10224890461415725,-0.11570146679878235,-0.15716582536697388,-0.027279249711341436,-0.16206353902816772,-0.19005024433135986,-0.06242977952808815,-0.18141239881515503,-0.1943492889404297,-0.0923673932835527,-0.18813103437423706,-0.16511982679367065,-0.10827829441279846,-0.07934695482254028,-0.19869738817214966,-0.035904632268852765,-0.09611284732818604,-0.28191763162612915,-0.06448144963235336,-0.11970603466033936,-0.31760793924331665,-0.08843154212684112,-0.13356006145477295,-0.2911818325519562,-0.10090902945250946,-0.03671407699584961,-0.2016899585723877,-0.04915673783273178,-0.033747315406799316,-0.2885298728942871,-0.07356741031856018,-0.04906308650970459,-0.3161677122116089,-0.08826405307502228,-0.06886383891105652,-0.29336947202682495,-0.09379100552052932,0.007673025131225586,-0.17851150035858154,-0.0649420221731134,0.037524521350860596,-0.237482488155365,-0.0873429005429216,0.03689306974411011,-0.2600020170211792,-0.09680569669455963,0.02255427837371826,-0.24643009901046753,-0.09822930148095566,1
0.0,0.0,0.0,-0.06504830718040466,0.002929210662841797,-0.027901613289287752,-0.12821102142333984,-0.016121983528137207,-0.052091728100350565,-0.18064716458320618,-0.020048677921295166,-0.0779809534044773,-0.22200864553451538,-0.02433145046234131,-0.10293120438771552,-0.1094546914100647,-0.20068806409835815,-0.017103252136877245,-0.14614510536193848,-0.2620130777359009,-0.05052674854712791,-0.17220184206962585,-0.27997225522994995,-0.07981422091441459,-0.1875087022781372,-0.2660825550556183,-0.0958664297552616,-0.06975674629211426,-0.22181975841522217,-0.026090706834366983,-0.07803812623023987,-0.32709044218063354,-0.05656309346275634,-0.10784146189689636,-0.3479325473308563,-0.07695254976468391,-0.1271667778491974,-0.32583826780319214,-0.0853587194772274,-0.0269203782081604,-0.21149498224258423,-0.04120393762903518,-0.031014978885650635,-0.3131069242954254,-0.07230232203917808,-0.060698866844177246,-0.29503804445266724,-0.0801719232888729,-0.08057314157485962,-0.2534138560295105,-0.07802567178922004,0.015363812446594238,-0.17814207077026367,-0.05920120249109573,0.011210441589355469,-0.24221140146255493,-0.08562699998336143,-0.011433243751525879,-0.2178727388381958,-0.08737083072381324,-0.029272139072418213,-0.17501747608184814,-0.08204990173297233,1
0.0,0.0,0.0,-0.06579738855361938,-0.010527491569519043,-0.021816976779689412,-0.12408861517906189,-0.044751107692718506,-0.04413230572043858,-0.1672605276107788,-0.0685235857963562,-0.06900766719280682,-0.20364391803741455,-0.09080904722213745,-0.0930674471348425,-0.08962908387184143,-0.2171991467475891,-0.019687394091477017,-0.11036837100982666,-0.3003171384334564,-0.05872222636043034,-0.1390056014060974,-0.31007516384124756,-0.0906206913679739,-0.1592499017715454,-0.28852102160453796,-0.10811047483383618,-0.05004227161407471,-0.22805631160736084,-0.032668797710528,-0.04874536395072937,-0.3495956063270569,-0.07036698091923199,-0.08218106627464294,-0.3582988381385803,-0.09551420290171109,-0.1053503155708313,-0.3304237723350525,-0.10656991828381024,-0.009680330753326416,-0.21074610948562622,-0.05047574866711102,-0.016875863075256348,-0.3157154321670532,-0.0852740727752348,-0.051436662673950195,-0.2861074209213257,-0.09669227380453549,-0.07023352384567261,-0.24019652605056763,-0.09741723019777737,0.029173612594604492,-0.17033976316452026,-0.07036698091923199,0.008966326713562012,-0.22045278549194336,-0.09669227380453549,-0.02021092176437378,-0.19258898496627808,-0.09995461482702694,-0.03617104887962341,-0.15562593936920166,-0.09714536596237622,1
0.0,0.0,0.0,-0.062397271394729614,-0.02425485849380493,-0.024125410103337686,-0.11648327112197876,-0.08192628622055054,-0.046267391973273675,-0.15209633111953735,-0.1179513931274414,-0.06970099531962148,-0.16823720932006836,-0.16705673933029175,-0.09128941767765753,-0.07214120030403137,-0.23652273416519165,-0.02654718966140024,-0.07837799191474915,-0.3334009647369385,-0.0687784048254656,-0.11033177375793457,-0.34692123532295227,-0.1032368632490801,-0.13996487855911255,-0.3313065767288208,-0.12242657863451711,-0.03390362858772278,-0.23730510473251343,-0.0356346274252104,-0.03088068962097168,-0.3561934530735016,-0.07975714080883733,-0.06995254755020142,-0.3549685478210449,-0.10831106626345388,-0.1003914475440979,-0.3173708915710449,-0.12085818671538107,0.004864811897277832,-0.21810191869735718,-0.04972707652403585,0.01340019702911377,-0.32166701555252075,-0.08547715269877187,-0.02593594789505005,-0.31835177540779114,-0.10489751570774786,-0.05708205699920654,-0.28417468070983887,-0.11144785010172598,0.045989155769348145,-0.17883658409118652,-0.06619517677380315,0.06798660755157471,-0.2609179615974426,-0.09253490888430349,0.0433276891708374,-0.2769497036933899,-0.10582009875132314,0.015288472175598145,-0.26360833644866943,-0.11126333647324316,1
0.0,0.0,0.0,-0.06443759799003601,-0.014868617057800293,-0.022384637764801596,-0.12552893161773682,-0.05571502447128296,-0.04192739891182384,-0.1636364459991455,-0.0863257646560669,-0.06303079592358074,-0.16982445120811462,-0.13028156757354736,-0.0813390331185957,-0.08028069138526917,-0.2337050437927246,-0.013999184391607855,-0.10294792056083679,-0.31408625841140747,-0.05455216931473217,-0.12493640184402466,-0.32842761278152466,-0.08739519285332165,-0.14370810985565186,-0.2978397011756897,-0.10267535763155422,-0.03730589151382446,-0.2555886507034302,-0.0208123659558197,-0.03375738859176636,-0.35613715648651123,-0.04863576012026272,-0.05648350715637207,-0.40258514881134033,-0.0654066668666502,-0.08636316657066345,-0.3950342833995819,-0.07174235003363094,0.005831539630889893,-0.24410265684127808,-0.03475317897569141,0.013673543930053711,-0.3360455334186554,-0.0565553622163435,-0.0038107633590698242,-0.380917489528656,-0.06223883273374042,-0.03167843818664551,-0.39079707860946655,-0.061540046504845236,0.04586637020111084,-0.20913219451904297,-0.05208311768542728,0.07810860872268677,-0.27541226148605347,-0.07309333401094875,0.0760909914970398,-0.32045018672943115,-0.08026755767237148,0.05900716781616211,-0.34801146388053894,-0.07980169521938763,1
0.0,0.0,0.0,-0.06030571460723877,-0.008532047271728516,-0.02477197350287952,-0.11997008323669434,-0.04008376598358154,-0.04688961618865051,-0.15393084287643433,-0.06479150056838989,-0.06961257570708312,-0.1534109115600586,-0.09877878427505493,-0.09098520689929046,-0.08509030938148499,-0.22902244329452515,-0.01895154082501449,-0.10769271850585938,-0.3109899163246155,-0.05429320224845924,-0.13046282529830933,-0.3323811888694763,-0.08544415795529403,-0.15221065282821655,-0.3237192630767822,-0.10290545040095367,-0.04168158769607544,-0.2477462887763977,-0.026052467537169832,-0.043087005615234375,-0.3496200442314148,-0.04921778851473846,-0.06093209981918335,-0.4011436402797699,-0.06896068715775527,-0.08614689111709595,-0.4198542535305023,-0.0812068786593727,0.001296699047088623,-0.23597455024719238,-0.0392532106610588,0.010817646980285645,-0.32670730352401733,-0.06216242724383392,-0.0027406811714172363,-0.37372854351997375,-0.07659710013592758,-0.02960681915283203,-0.39672523736953735,-0.08441976272786178,0.0406038761138916,-0.19924134016036987,-0.05508478545868911,0.0655360221862793,-0.26246947050094604,-0.07641084307158508,0.06216084957122803,-0.2946590185165405,-0.08460601979220428,0.041751861572265625,-0.3120822310447693,-0.08744638228142776,1
0.0,0.0,0.0,-0.05678969621658325,-0.00018036365509033203,-0.034484065607358616,-0.11545586585998535,-0.03040635585784912,-0.06328773452358405,-0.15435117483139038,-0.05377286672592163,-0.09231504751758735,-0.13608905673027039,-0.08612173795700073,-0.11870349897461097,-0.08807063102722168,-0.21455252170562744,-0.029743086084891956,-0.09943851828575134,-0.29985249042510986,-0.07142790360765616,-0.11794203519821167,-0.3145982623100281,-0.1066274265797631,-0.1304410994052887,-0.28257352113723755,-0.1254124338777558,-0.04180079698562622,-0.22899353504180908,-0.03320936439948241,-0.0394059419631958,-0.3371027112007141,-0.06847597612457434,-0.05706685781478882,-0.35605695843696594,-0.0946407984049813,-0.07012352347373962,-0.3230624794960022,-0.10805866076069037,0.005204916000366211,-0.21556878089904785,-0.04262422724085013,0.014056742191314697,-0.3238373398780823,-0.07245660527067344,-0.005300998687744141,-0.31373220682144165,-0.08395123435573737,-0.02171725034713745,-0.26862478256225586,-0.08623227430896918,0.05143028497695923,-0.1792830228805542,-0.05546065001206557,0.06540292501449585,-0.26466697454452515,-0.07907608105259101,0.05035102367401123,-0.2551925778388977,-0.08341452433185736,0.03325587511062622,-0.21693789958953857,-0.08153602434711615,1
0.0,0.0,0.0,-0.05565851926803589,0.0010247230529785156,-0.03891069632970812,-0.11397957801818848,-0.024567365646362305,-0.07042675656282427,-0.15432539582252502,-0.04647994041442871,-0.10174235147439958,-0.12607139348983765,-0.08124047517776489,-0.12971703899108888,-0.09209823608398438,-0.21150171756744385,-0.02977883634173395,-0.11330273747444153,-0.2938143014907837,-0.07768769753181459,-0.13235393166542053,-0.29158270359039307,-0.11804606956445696,-0.13811245560646057,-0.24553203582763672,-0.13871525418960573,-0.049435436725616455,-0.23260855674743652,-0.02984565687381746,-0.0497593879699707,-0.3398929834365845,-0.06646219086849214,-0.06912398338317871,-0.3521299958229065,-0.09131867629491808,-0.08130824565887451,-0.3057020902633667,-0.10138599020444872,-0.001607060432434082,-0.22426891326904297,-0.03732932549917223,0.0007266998291015625,-0.3236563205718994,-0.06378945154153826,-0.013692736625671387,-0.34203583002090454,-0.0733667705675316,-0.027163982391357422,-0.3083413243293762,-0.07305494886838915,0.045276939868927,-0.19607430696487427,-0.04971302119099619,0.0583915114402771,-0.2775263786315918,-0.07042675656282427,0.046488404273986816,-0.29229268431663513,-0.07546041351758959,0.029434800148010254,-0.2659602165222168,-0.07260949355566026,1
0.0,0.0,0.0,-0.053694963455200195,0.003095686435699463,-0.03784118852395579,-0.11173474788665771,-0.018330812454223633,-0.0690701071061568,-0.1530299186706543,-0.0391467809677124,-0.1008798245229201,-0.12319612503051758,-0.07185429334640503,-0.12884735203165576,-0.09186556935310364,-0.20386576652526855,-0.0261582683660464,-0.1174960732460022,-0.27509474754333496,-0.07581626510996387,-0.13359278440475464,-0.2737733721733093,-0.11812496817488238,-0.13588327169418335,-0.2252073884010315,-0.13992712533850238,-0.050018489360809326,-0.23173117637634277,-0.026359311107583494,-0.04972809553146362,-0.3307626247406006,-0.06598742193359897,-0.07149866223335266,-0.3566223978996277,-0.0941783327497916,-0.08783900737762451,-0.3136920928955078,-0.10579423493523166,-0.0038014650344848633,-0.22614580392837524,-0.03422238937396571,-0.002057313919067383,-0.31720393896102905,-0.06067091113705203,-0.015160799026489258,-0.34565451741218567,-0.06866801417250201,-0.032899558544158936,-0.31926020979881287,-0.0664341885485129,0.04149538278579712,-0.20033800601959229,-0.04722326881069705,0.06038409471511841,-0.2716746926307678,-0.06804253793139026,0.053144216537475586,-0.2978469729423523,-0.07376114911217257,0.0353429913520813,-0.28394201397895813,-0.07058910912651584,1
0.0,0.0,0.0,0.05553561449050903,0.013170957565307617,-0.02417204675219864,0.09799331426620483,0.010147511959075928,-0.05221944075964302,0.12978380918502808,0.020010769367218018,-0.0813676580502829,0.16442453861236572,0.020995914936065674,-0.11281051632903427,0.10270076990127563,-0.12943071126937866,-0.05107212212823242,0.1368274986743927,-0.19361340999603271,-0.0947634294345221,0.17091190814971924,-0.17110800743103027,-0.1292451411201796,0.1963040828704834,-0.13222265243530273,-0.15119931993029923,0.0707242488861084,-0.1447945237159729,-0.06400276866696686,0.100516676902771,-0.23184555768966675,-0.10673280206464142,0.1432894468307495,-0.20804858207702637,-0.14177266654513687,0.17309725284576416,-0.16633546352386475,-0.16521527764342636,0.03208690881729126,-0.13819468021392822,-0.07876292762301773,0.059350162744522095,-0.21703612804412842,-0.12093480077527374,0.09806051850318909,-0.1904236078262329,-0.15020703670523972,0.1251976191997528,-0.15075528621673584,-0.16794403788588852,-0.007535457611083984,-0.11421126127243042,-0.09414325800679535,0.010188698768615723,-0.13332676887512207,-0.133586356015428,0.038021206855773926,-0.10908985137939453,-0.15442422923587173,0.05819636583328247,-0.07725143432617188,-0.1671998291923842,1
0.0,0.0,0.0,0.06742018461227417,-0.009631633758544922,-0.020938023530590044,0.130185067653656,-0.05384361743927002,-0.03158932512317847,0.16621017456054688,-0.09160220623016357,-0.04271622707759093,0.1854931116104126,-0.13762438297271729,-0.05256010552560042,0.0965254008769989,-0.2086217999458313,-0.012985497318851458,0.11626216769218445,-0.28819650411605835,-0.030660239585387217,0.13762891292572021,-0.32080644369125366,-0.04534863641177367,0.15873107314109802,-0.3352668285369873,-0.05508190726553153,0.057903409004211426,-0.22301247715950012,-0.016923047207939135,0.053971946239471436,-0.33430689573287964,-0.03468627443228911,0.08307093381881714,-0.3607795238494873,-0.04804740434204291,0.11194494366645813,-0.3570743799209595,-0.05694007834111403,0.019946038722991943,-0.2126956582069397,-0.024333608873831736,0.021001458168029785,-0.320633202791214,-0.05256010552560042,0.059043437242507935,-0.29716363549232483,-0.06499215921078871,0.08823010325431824,-0.25451064109802246,-0.06937212457572173,-0.014475226402282715,-0.18515950441360474,-0.03313779791508864,0.004767715930938721,-0.23894158005714417,-0.06503639330779265,0.03757205605506897,-0.21536433696746826,-0.07680480887805174,0.06184107065200806,-0.18000870943069458,-0.08043266048346709,1
0.0,0.0,0.0,0.06212642788887024,-0.025962889194488525,-0.009378509013288294,0.11202457547187805,-0.08418780565261841,-0.018492011701994215,0.14419177174568176,-0.13280802965164185,-0.031760037293963705,0.15656247735023499,-0.17898905277252197,-0.041964512666993414,0.05055829882621765,-0.21578705310821533,0.006440633559293474,0.05863451957702637,-0.2946675717830658,-0.00943360885077027,0.0825156569480896,-0.3347221910953522,-0.022944072610073363,0.10355019569396973,-0.3552977740764618,-0.031451475223832404,0.020513266324996948,-0.22471672296524048,-0.004144031903081213,0.03235340118408203,-0.3344138264656067,-0.021996355032854353,0.07206496596336365,-0.36198627948760986,-0.03345711191587952,0.10427772998809814,-0.36410194635391235,-0.03872464632087258,-0.0018785595893859863,-0.2188742756843567,-0.018271612352066313,0.04281413555145264,-0.30504703521728516,-0.04575537925057915,0.09348943829536438,-0.27984052896499634,-0.055144377401404654,0.12137192487716675,-0.24029293656349182,-0.056290455511145865,-0.012702614068984985,-0.19753587245941162,-0.03365546499782113,0.05305919051170349,-0.2152026891708374,-0.05871484463506249,0.09228864312171936,-0.18789708614349365,-0.06709000503116158,0.11379849910736084,-0.15652143955230713,-0.06872095947557,1
0.0,0.0,0.0,0.07001343369483948,-0.03076571226119995,0.017505538356459738,0.11715754866600037,-0.08462101221084595,0.019797174897945524,0.14947301149368286,-0.12754958868026733,0.012117397678053976,0.16410702466964722,-0.17536181211471558,0.006919294302321077,0.05692055821418762,-0.21549290418624878,0.048112862450039984,0.08061757683753967,-0.26670271158218384,0.042657651645100714,0.11429482698440552,-0.2754063606262207,0.031210646671212317,0.1349336802959442,-0.2710892856121063,0.02316196885422528,0.029191315174102783,-0.2301008105278015,0.02387740713075459,0.04154136776924133,-0.3374010920524597,0.016633596909201742,0.08662906289100647,-0.3652380704879761,0.007780055687732101,0.12030375003814697,-0.3636212944984436,0.00248413876161635,0.00773930549621582,-0.22975748777389526,-0.00392964977308452,0.04681333899497986,-0.3276664912700653,-0.021776468786441683,0.10556662082672119,-0.3213277757167816,-0.03112187731548488,0.1403861939907074,-0.29642897844314575,-0.03519093181475341,0.001981765031814575,-0.21200239658355713,-0.03109951998575866,0.06942576169967651,-0.25466349720954895,-0.05021512444599807,0.11642810702323914,-0.23774763941764832,-0.05571505363568008,0.1457855999469757,-0.21316862106323242,-0.05741421814545333,1
0.0,0.0,0.0,0.07030221819877625,-0.016120076179504395,-0.0184659917939598,0.13406333327293396,-0.059767186641693115,-0.030619367687791055,0.17142415046691895,-0.09414595365524292,-0.04420948001632041,0.1946825385093689,-0.1388503909111023,-0.057140111653893655,0.0887652337551117,-0.2274181842803955,-0.005117296437560981,0.10774645209312439,-0.3058978021144867,-0.02546125064679927,0.1336100697517395,-0.3333299160003662,-0.0447040942598278,0.16002607345581055,-0.3448898196220398,-0.05728142681607551,0.0565209686756134,-0.23935741186141968,-0.01223620838561601,0.0628557801246643,-0.353512167930603,-0.032762694834559625,0.09846019744873047,-0.38625526428222656,-0.051298949598162835,0.13179197907447815,-0.388317346572876,-0.06331101032981223,0.0244886577129364,-0.2301223874092102,-0.02348279367276973,0.031397610902786255,-0.3373774290084839,-0.049367602645247644,0.07650101184844971,-0.343985378742218,-0.0643944514084751,0.11517530679702759,-0.32690852880477905,-0.0713190508175785,-0.0064331889152526855,-0.2054312825202942,-0.0365311835993225,0.004834890365600586,-0.2792980670928955,-0.06260441961774177,0.03994804620742798,-0.29050523042678833,-0.073533035545438,0.07384148240089417,-0.2819129526615143,-0.07819654020556754,1
0.0,0.0,0.0,0.06628072261810303,-0.018307149410247803,-0.02045032195152885,0.12803617119789124,-0.056922197341918945,-0.03546104207040912,0.1661105751991272,-0.08633482456207275,-0.05137829481961376,0.1903747320175171,-0.12774711847305298,-0.06658915429713375,0.0865919291973114,-0.21942973136901855,-0.015929447481056513,0.09589603543281555,-0.3113568127155304,-0.038474958384057345,0.1181325912475586,-0.34233397245407104,-0.05561661347152835,0.1427910327911377,-0.3566111922264099,-0.0655531212628091,0.05570545792579651,-0.228143572807312,-0.022545939305445017,0.0631493330001831,-0.3495691418647766,-0.04440860822202808,0.10024935007095337,-0.3745422661304474,-0.05980784445407039,0.13277184963226318,-0.3691186308860779,-0.06866122781636363,0.022156834602355957,-0.21832627058029175,-0.032753225410004916,0.03822356462478638,-0.31928202509880066,-0.05750031396152622,0.08197936415672302,-0.30111822485923767,-0.06583567708136684,0.11464416980743408,-0.26570236682891846,-0.06767228245141155,-0.013935476541519165,-0.19480597972869873,-0.04520918055774814,-0.008920401334762573,-0.26681792736053467,-0.06781356036069042,0.022206127643585205,-0.2783713936805725,-0.07506579905154354,0.05326265096664429,-0.2753112316131592,-0.07718495278956539,1
0.0,0.0,0.0,0.06904017925262451,-0.004977822303771973,-0.028077264410995895,0.13348859548568726,-0.03733348846435547,-0.04443508861734813,0.17695719003677368,-0.06462335586547852,-0.06063753841593211,0.21262264251708984,-0.09447115659713745,-0.07652926920130199,0.10989251732826233,-0.20049697160720825,-0.01764554632976001,0.13699057698249817,-0.27598920464515686,-0.039174837154888564,0.15926223993301392,-0.3091520071029663,-0.05784095181300586,0.1810278296470642,-0.3254346251487732,-0.07066974518969005,0.0727347731590271,-0.21943557262420654,-0.02057530647292083,0.08623132109642029,-0.31428125500679016,-0.04856338454558795,0.11513271927833557,-0.32377004623413086,-0.07177950916960185,0.14027872681617737,-0.299542635679245,-0.0845195177026028,0.033635854721069336,-0.21573078632354736,-0.02734482577218955,0.038922667503356934,-0.30722713470458984,-0.05455607278420871,0.06546950340270996,-0.31297796964645386,-0.07364389775469249,0.09318238496780396,-0.29319119453430176,-0.08345415173246806,-0.00776258111000061,-0.1952924132347107,-0.03668898074104732,-0.017344355583190918,-0.26292169094085693,-0.06054876102282947,-0.006029009819030762,-0.2980901598930359,-0.07590780137255138,0.013723671436309814,-0.3170875310897827,-0.08509659497215694,1
0.0,0.0,0.0,0.055306077003479004,0.0018339157104492188,-0.029779496196042032,0.1060759425163269,-0.021001994609832764,-0.04883905366374108,0.14386838674545288,-0.04808783531188965,-0.0675881975920305,0.1784747838973999,-0.07161402702331543,-0.08476456493450257,0.11174678802490234,-0.16525781154632568,-0.02423339575840089,0.13699349761009216,-0.2251766324043274,-0.05678571254325959,0.15077915787696838,-0.23749515414237976,-0.08207427949024293,0.15535187721252441,-0.22017019987106323,-0.09428399294925782,0.07603293657302856,-0.1976795792579651,-0.025806168618927927,0.09162858128547668,-0.2898114323616028,-0.05314349621845338,0.10743579268455505,-0.3004244267940521,-0.07230651617361161,0.1124873161315918,-0.2721092700958252,-0.08103956520868394,0.03661006689071655,-0.204595685005188,-0.03209727123690698,0.0430867075920105,-0.2879343330860138,-0.05678571254325959,0.05523839592933655,-0.29760515689849854,-0.068664307299386,0.06453341245651245,-0.27898600697517395,-0.07230651617361161,-0.006271034479141235,-0.19160830974578857,-0.041264901462326975,-0.013718485832214355,-0.2565496861934662,-0.059889874014388056,-0.01175910234451294,-0.29781419038772583,-0.06808486074520204,-0.006898671388626099,-0.32530736923217773,-0.07073374331308457,1
0.0,0.0,0.0,0.04030126333236694,0.019414901733398438,-0.03886638321530711,0.0794324278831482,0.015624046325683594,-0.06736829989206683,0.09826266765594482,-0.0035620927810668945,-0.0960982378627051,0.11704084277153015,-0.038461923599243164,-0.12296260260593783,0.12138989567756653,-0.13829922676086426,-0.03399514519226443,0.14657795429229736,-0.1874614953994751,-0.07346253209364306,0.1512158215045929,-0.1957162618637085,-0.10455552600872409,0.13762018084526062,-0.17234772443771362,-0.12014349662315738,0.08908912539482117,-0.17689210176467896,-0.03449263163459193,0.11473411321640015,-0.2755925953388214,-0.06952408068430316,0.1150968074798584,-0.2788084149360657,-0.09667863809120547,0.10437345504760742,-0.2422158122062683,-0.1109399583245505,0.052270352840423584,-0.19269967079162598,-0.0400064598823775,0.0663585364818573,-0.2890860140323639,-0.06844619773876559,0.06206426024436951,-0.2754015028476715,-0.0839926909710158,0.05218741297721863,-0.22761571407318115,-0.08971380554687869,0.007861137390136719,-0.18817681074142456,-0.04912707321894061,0.007782548666000366,-0.26680630445480347,-0.07118237875950228,0.010558396577835083,-0.2664443254470825,-0.08026153706562411,0.00913897156715393,-0.23334729671478271,-0.08303917311680209,1
0.0,0.0,0.0,0.03620341420173645,0.026866436004638672,-0.0384371223379496,0.07830318808555603,0.030587494373321533,-0.06582311340464386,0.08232423663139343,0.0005805492401123047,-0.09244277872933182,0.07038155198097229,-0.04166942834854126,-0.1171264628399733,0.11798790097236633,-0.11750686168670654,-0.0432770679224852,0.15074077248573303,-0.1863427758216858,-0.0830048973192099,0.13684746623039246,-0.1716594696044922,-0.11139920898569855,0.11647260189056396,-0.1377716064453125,-0.12551568993223938,0.08639061450958252,-0.15711629390716553,-0.04315606676830086,0.12050887942314148,-0.26166051626205444,-0.07897161492003235,0.10891112685203552,-0.24859756231307983,-0.10349397160900864,0.09482273459434509,-0.20512747764587402,-0.11559381880654129,0.05192762613296509,-0.17746120691299438,-0.04722968288553986,0.07537838816642761,-0.2792648673057556,-0.07518031992806229,0.0633605420589447,-0.25623956322669983,-0.08719951459063324,0.051162540912628174,-0.20652800798416138,-0.09050680496586594,0.012048333883285522,-0.17970192432403564,-0.054771920524967044,0.016609609127044678,-0.2586803734302521,-0.0742526704896811,0.014719158411026001,-0.2515987157821655,-0.08026225664509568,0.012213468551635742,-0.21613046526908875,-0.0814722532857779,1
0.0,0.0,0.0,0.02254706621170044,0.040771424770355225,-0.0556911865070191,0.05824074149131775,0.05954694747924805,-0.09294214861539274,0.04192343354225159,0.029313325881958008,-0.12449067102816969,0.008911490440368652,-0.0024872422218322754,-0.15448399650004774,0.10161983966827393,-0.07214999198913574,-0.07464992271808057,0.09801092743873596,-0.08369660377502441,-0.12234300391820341,0.05789792537689209,-0.07149249315261841,-0.15285473333743482,0.02748030424118042,-0.05907028913497925,-0.16899927722361952,0.08097049593925476,-0.1286519169807434,-0.07072487490323454,0.12714597582817078,-0.20279663801193237,-0.12397226708081632,0.09192854166030884,-0.2079411745071411,-0.15226226316836744,0.059580594301223755,-0.18842589855194092,-0.16188973950293928,0.052745282649993896,-0.16645210981369019,-0.07079892622378736,0.08504378795623779,-0.23926976323127747,-0.11353015171435743,0.059151530265808105,-0.24583220481872559,-0.13419222103503614,0.036996811628341675,-0.2308761179447174,-0.13937624560740858,0.016430377960205078,-0.1809956431388855,-0.07439072446969419,0.027627140283584595,-0.2452767789363861,-0.09782994555381208,0.021133065223693848,-0.27760931849479675,-0.10849423723367124,0.016799867153167725,-0.28810930252075195,-0.11315986530927091,1
0.0,0.0,0.0,0.017934173345565796,0.04996126890182495,-0.077197416380552,0.047896385192871094,0.07312369346618652,-0.12606969352116937,0.06308850646018982,0.06748855113983154,-0.16450635965218896,0.0669117271900177,0.06735420227050781,-0.20067439849725122,0.10181400179862976,-0.04777872562408447,-0.10753192628970498,0.08732205629348755,-0.07616603374481201,-0.16295072312703485,0.050986647605895996,-0.07449883222579956,-0.19561864312043542,0.019189059734344482,-0.07438641786575317,-0.2129897015844857,0.08748233318328857,-0.10562342405319214,-0.09210540975680703,0.10838949680328369,-0.17108315229415894,-0.1475242065941369,0.08561646938323975,-0.1960136592388153,-0.18045140679231042,0.0631307065486908,-0.21495285630226135,-0.19885952647080773,0.06620603799819946,-0.14876067638397217,-0.08134573574414605,0.08799073100090027,-0.21024534106254578,-0.12658822412839288,0.0706743597984314,-0.2357877492904663,-0.15270960207333917,0.052429914474487305,-0.25135770440101624,-0.16645087178101892,0.0387708842754364,-0.1727321445941925,-0.07564180965772027,0.05512362718582153,-0.22552642226219177,-0.10526332135548944,0.04650777578353882,-0.25493794679641724,-0.12218063201060647,0.03405863046646118,-0.27618783712387085,-0.13339403148045892,1
0.0,0.0,0.0,0.02611333131790161,0.03311192989349365,-0.06119333701545315,0.05368843674659729,0.043425917625427246,-0.10122916968876439,0.06917870044708252,0.03878068923950195,-0.135015518687311,0.0915583074092865,0.03518468141555786,-0.16717440011316853,0.11442545056343079,-0.09431624412536621,-0.07108837487513142,0.14129358530044556,-0.13552629947662354,-0.11424896242434102,0.14097696542739868,-0.15344679355621338,-0.14868629100138264,0.12724345922470093,-0.15298521518707275,-0.16847637417131978,0.08579117059707642,-0.1421905755996704,-0.05963096144014912,0.11251774430274963,-0.2029237449169159,-0.09484947594219761,0.11635950207710266,-0.23684853315353394,-0.12238633009010869,0.10772570967674255,-0.24580621719360352,-0.14048382761293965,0.04934084415435791,-0.16809189319610596,-0.054292851410451703,0.06962364912033081,-0.23279637098312378,-0.08300147327000218,0.0705803632736206,-0.261793851852417,-0.10454922290855961,0.06312447786331177,-0.2674058675765991,-0.11828509839588719,0.006363004446029663,-0.17456191778182983,-0.05383715899998265,0.009967327117919922,-0.2366330623626709,-0.07590568932110386,0.0057457685470581055,-0.27441051602363586,-0.0900972572189005,-0.0014730095863342285,-0.29698100686073303,-0.09966679783875065,1
0.0,0.0,0.0,0.04626041650772095,0.017770111560821533,-0.039099840835376654,0.08846026659011841,0.014297962188720703,-0.06390001477365104,0.11814713478088379,0.00386965274810791,-0.08773201556567756,0.14777803421020508,-0.011140763759613037,-0.1089573860323867,0.117144376039505,-0.1432182788848877,-0.03379349635605422,0.15096288919448853,-0.20507919788360596,-0.06892707796458808,0.16807377338409424,-0.22761845588684082,-0.09354106934432593,0.17324239015579224,-0.21307694911956787,-0.10463783742551414,0.08142918348312378,-0.18254780769348145,-0.03122410775785056,0.09825628995895386,-0.2635193467140198,-0.05891018958453742,0.1135236918926239,-0.29897552728652954,-0.07514573486213294,0.12058734893798828,-0.2889484167098999,-0.08244428636197654,0.040500134229660034,-0.19139909744262695,-0.0349292405105075,0.04889178276062012,-0.26751595735549927,-0.06010178701643554,0.05665132403373718,-0.2871197760105133,-0.0702676311290702,0.0638929009437561,-0.27335047721862793,-0.07235292942885962,-0.002554953098297119,-0.1767582893371582,-0.042637402579828176,-0.013399958610534668,-0.2325373888015747,-0.06583636106614676,-0.019918441772460938,-0.27100229263305664,-0.07615115346078483,-0.024029821157455444,-0.2896432876586914,-0.07842264176969138,1
0.0,0.0,0.0,0.05753123760223389,0.008502602577209473,-0.0424126169427268,0.1044418215751648,-0.013276338577270508,-0.06556120950421018,0.1371746063232422,-0.04437685012817383,-0.08611975300749464,0.17538529634475708,-0.06569939851760864,-0.10603077400168104,0.11463981866836548,-0.17203885316848755,-0.041846041266524026,0.15050891041755676,-0.24319493770599365,-0.06960816371878309,0.17557120323181152,-0.2859298586845398,-0.09040952164372129,0.19937050342559814,-0.3093983829021454,-0.10457387257059736,0.07506802678108215,-0.19750148057937622,-0.03838589477976484,0.0812879204750061,-0.28920188546180725,-0.06855595547398252,0.1012367308139801,-0.31844955682754517,-0.09097609359463377,0.1203707754611969,-0.30500805377960205,-0.10505950886448545,0.03424876928329468,-0.1931140422821045,-0.03945833880146665,0.03339886665344238,-0.2734067738056183,-0.07256244558533353,0.047776371240615845,-0.2880250811576843,-0.09599432784756345,0.06061646342277527,-0.2614482343196869,-0.10837801236351652,-0.006264030933380127,-0.16971218585968018,-0.04370764333447141,-0.021011054515838623,-0.23054105043411255,-0.07774255115231199,-0.018546879291534424,-0.25188812613487244,-0.09979846018990202,-0.01364976167678833,-0.24487361311912537,-0.1116155802055232,1
0.0,0.0,0.0,0.06288400292396545,-0.004404544830322266,-0.03641577885267111,0.11045140027999878,-0.05128288269042969,-0.05510535538908812,0.15059605240821838,-0.09498316049575806,-0.07241207436439367,0.19540300965309143,-0.11856043338775635,-0.08950926438686224,0.10009679198265076,-0.1962316632270813,-0.03027671091970774,0.12499719858169556,-0.2744004428386688,-0.05502154380795332,0.1432894766330719,-0.322220116853714,-0.07463303283569189,0.16349580883979797,-0.3540954887866974,-0.08925782964345785,0.06343775987625122,-0.2105814814567566,-0.029794805504053556,0.06867322325706482,-0.30202344059944153,-0.059505370266407454,0.0891450047492981,-0.3333599865436554,-0.08318163529750677,0.11106941103935242,-0.3322107195854187,-0.0987283445965943,0.024941354990005493,-0.1985822319984436,-0.03381767199155661,0.02257096767425537,-0.2752946615219116,-0.06738348380443426,0.041751474142074585,-0.2801670730113983,-0.09110165462610098,0.0615883469581604,-0.25417017936706543,-0.1040083624493775,-0.013200700283050537,-0.17123061418533325,-0.04077388793942305,-0.026255905628204346,-0.2322375774383545,-0.07408826128360602,-0.019735008478164673,-0.2586539387702942,-0.09671690390226217,-0.00740388035774231,-0.26352015137672424,-0.11054552421686026,1
0.0,0.0,0.0,0.061875224113464355,-0.017951607704162598,-0.023915284552288085,0.120049387216568,-0.08837950229644775,-0.03389218007833961,0.1581801176071167,-0.14531868696212769,-0.043805531465125114,0.19696402549743652,-0.18203109502792358,-0.05304104765565398,0.09058529138565063,-0.21060919761657715,-0.013472372905027896,0.10539883375167847,-0.2947297990322113,-0.028405946918439895,0.11966624855995178,-0.34106728434562683,-0.039865612291407615,0.13633263111114502,-0.378470778465271,-0.04897402902753356,0.0593683123588562,-0.21703565120697021,-0.01770884846956733,0.07364773750305176,-0.30490219593048096,-0.040204528026890785,0.10817644000053406,-0.32298707962036133,-0.057404618017983466,0.14053663611412048,-0.322650671005249,-0.06710614567310813,0.02417367696762085,-0.20479148626327515,-0.02560987254292968,0.039941996335983276,-0.2687268853187561,-0.052363212459397346,0.06976145505905151,-0.26145774126052856,-0.06664013420851234,0.09536951780319214,-0.24954509735107422,-0.07299484615833762,-0.01275220513343811,-0.18028128147125244,-0.03554440593035224,-0.015918076038360596,-0.24079543352127075,-0.05672678282172683,-0.016362249851226807,-0.2740537226200104,-0.06668249820978644,-0.01795130968093872,-0.305569589138031,-0.0729101181557894,1
0.0,0.0,0.0,0.06114336848258972,-0.021202147006988525,-0.019327299618026927,0.11120513081550598,-0.10089242458343506,-0.02865429217447968,0.14605620503425598,-0.1596369743347168,-0.038302188687822536,0.181328684091568,-0.20213258266448975,-0.048198534124395565,0.07489785552024841,-0.21662896871566772,-0.015227976203760818,0.09026956558227539,-0.2955324649810791,-0.038716262155077175,0.11303359270095825,-0.33787500858306885,-0.05685265543391438,0.13725847005844116,-0.3678863048553467,-0.06944046723177166,0.04386776685714722,-0.21970480680465698,-0.021242385678789333,0.06077095866203308,-0.30888476967811584,-0.0486126075916502,0.09911766648292542,-0.33099812269210815,-0.06691463100244732,0.13627776503562927,-0.33770477771759033,-0.07689378219177456,0.012402772903442383,-0.20521879196166992,-0.030848879315755084,0.030144423246383667,-0.2805664539337158,-0.05987538578440876,0.07056325674057007,-0.2936096787452698,-0.07167646842529507,0.10862207412719727,-0.29699230194091797,-0.07614845591118069,-0.019296377897262573,-0.1782628893852234,-0.04236010270645352,-0.0007024705410003662,-0.23441380262374878,-0.0667490045957777,0.026762396097183228,-0.2568178176879883,-0.07590001630117627,0.05464142560958862,-0.2725849747657776,-0.08020636992981167,1
0.0,0.0,0.0,0.06422320008277893,-0.022243022918701172,-0.016242457363517815,0.11699217557907104,-0.10219275951385498,-0.021199814785035187,0.1507277488708496,-0.16314315795898438,-0.026795144933970505,0.18176740407943726,-0.20211172103881836,-0.03210809621563726,0.07914209365844727,-0.21468687057495117,-0.007316074609519774,0.09891897439956665,-0.2892233729362488,-0.02424325588694387,0.12175387144088745,-0.322928249835968,-0.03798580709448629,0.14429166913032532,-0.34469130635261536,-0.047356677982719475,0.0486903190612793,-0.22130024433135986,-0.01418212037137323,0.06567543745040894,-0.3076403737068176,-0.034388063285263115,0.10048142075538635,-0.3348103165626526,-0.05154010075679594,0.1341174840927124,-0.3465646803379059,-0.0617894919549542,0.015471577644348145,-0.2115216851234436,-0.02457793037942224,0.03306373953819275,-0.27834850549697876,-0.04873720723739439,0.0689048171043396,-0.2906656861305237,-0.06321185621968084,0.10217088460922241,-0.2967177629470825,-0.07061651888838583,-0.018886327743530273,-0.18844854831695557,-0.03643794152489477,-0.02445155382156372,-0.25099050998687744,-0.05580719355097585,-0.02707776427268982,-0.29518336057662964,-0.06530356946936422,-0.027212023735046387,-0.33602970838546753,-0.07162053677788549,1
0.0,0.0,0.0,0.0702846348285675,-0.007791697978973389,-0.028484542157485748,0.13205799460411072,-0.07859724760055542,-0.036222523313000465,0.1706187129020691,-0.139132559299469,-0.04230834753437307,0.20389050245285034,-0.17791420221328735,-0.04676291183753278,0.10262489318847656,-0.20170575380325317,-0.013907853748634125,0.13636964559555054,-0.27000024914741516,-0.03176795528455045,0.1633792221546173,-0.29876887798309326,-0.046344647418692375,0.18958687782287598,-0.3115394711494446,-0.05638310895486143,0.06406569480895996,-0.22317427396774292,-0.014127445641889835,0.07452267408370972,-0.3107960522174835,-0.0351768529526737,0.10399734973907471,-0.3376588523387909,-0.051573010396197105,0.13423144817352295,-0.33734557032585144,-0.060900418322518135,0.0241166353225708,-0.22150248289108276,-0.019491749118998314,0.027361929416656494,-0.3043559789657593,-0.04525714204831388,0.05558067560195923,-0.3222188949584961,-0.061736962061360146,0.08600905537605286,-0.3205684423446655,-0.06985137821359899,-0.013363242149353027,-0.20123577117919922,-0.02750160941107538,-0.031237512826919556,-0.2685719132423401,-0.05207493365927007,-0.043741971254348755,-0.31947946548461914,-0.0670071563236263,-0.0503976047039032,-0.3617275357246399,-0.07599994749946859,1
0.0,0.0,0.0,0.07089027762413025,-0.0036034584045410156,-0.03601818604380469,0.13442453742027283,-0.06513166427612305,-0.04942812470704894,0.18030253052711487,-0.12000423669815063,-0.06060307173044066,0.22117891907691956,-0.1540464162826538,-0.06971495298654418,0.11153161525726318,-0.2032477855682373,-0.023467861842220827,0.14972108602523804,-0.2680959105491638,-0.04826765207559447,0.17942336201667786,-0.29738593101501465,-0.06662034688503127,0.20649650692939758,-0.30686137080192566,-0.07753741441280226,0.07105502486228943,-0.23033392429351807,-0.02192056251675467,0.07686454057693481,-0.3221361041069031,-0.04745101628810744,0.10310882329940796,-0.3552238345146179,-0.06369767038137297,0.12919816374778748,-0.3504261076450348,-0.0713911920598207,0.028557687997817993,-0.2296907901763916,-0.026304579134887263,0.024021536111831665,-0.3125561475753784,-0.055058576892918154,0.04492628574371338,-0.3366285562515259,-0.06868342010290007,0.06963163614273071,-0.33364617824554443,-0.0728955164364038,-0.011097878217697144,-0.20723265409469604,-0.034298964571064516,-0.03205159306526184,-0.27864664793014526,-0.0609469122996984,-0.044059544801712036,-0.3331100046634674,-0.07414194641620497,-0.04923698306083679,-0.3737116754055023,-0.07960048018009047,1
0.0,0.0,0.0,0.05197152495384216,0.0030094385147094727,-0.04226953096122088,0.09922492504119873,-0.016797900199890137,-0.06870709292024912,0.13754403591156006,-0.02759641408920288,-0.09312125227779688,0.18131166696548462,-0.01847851276397705,-0.11535638503164591,0.12026962637901306,-0.18458092212677002,-0.037199921229785105,0.15940827131271362,-0.245805561542511,-0.06706169180006327,0.18574851751327515,-0.2715495228767395,-0.09058645300001444,0.2116607427597046,-0.28472480177879333,-0.10664021156162562,0.07814532518386841,-0.222331702709198,-0.036666273394530435,0.0912371277809143,-0.3124709129333496,-0.0632372491750175,0.11037591099739075,-0.3528337776660919,-0.08213710717291178,0.13441789150238037,-0.37089288234710693,-0.09498900107473673,0.03206139802932739,-0.22809243202209473,-0.0421805896553451,0.028811931610107422,-0.30576151609420776,-0.06964096359342875,0.040615200996398926,-0.3419856131076813,-0.08774036101431193,0.060691386461257935,-0.3617456555366516,-0.09819086573452296,-0.01342591643333435,-0.20967912673950195,-0.05198627642721476,-0.03532928228378296,-0.2822563052177429,-0.07582232288450541,-0.05157467722892761,-0.33330899477005005,-0.08880763433307948,-0.05944271385669708,-0.375410258769989,-0.09658992967933955,1
